i,species_code,age,n,biomass
1,21740,1,2591790289.4762516,110875406.22919255
1,21740,2,5022706804.105983,944215339.1611605
1,21740,3,29392558798.5369,8377965040.382714
1,21740,4,236415861873.82727,94514279196.78027
1,21740,5,37928666237.24067,18921655930.94759
1,21740,6,9824995125.086857,5972359778.423117
1,21740,7,7761579282.575846,5181836354.2038145
1,21740,8,6669259717.971929,4903493410.372741
1,21740,9,1832567019.7230263,1320746326.7257516
1,21740,10,881632635.818599,1344833389.7333105
2,21740,1,9036911554.784594,357939634.0815871
2,21740,2,10901831524.448442,1987844286.0435488
2,21740,3,53678088867.44478,15243225320.943378
2,21740,4,392501511836.2776,163582984105.3321
2,21740,5,65723273337.76632,33683766079.22732
2,21740,6,22054646842.54181,12265102273.120914
2,21740,7,17025790772.825726,10848093827.556995
2,21740,8,15678953923.821936,11612360665.474247
2,21740,9,8500842129.933283,6506824655.475959
2,21740,10,1375891904.610318,2312145656.2507586
3,21740,1,18806177638.85964,881566263.2395357
3,21740,2,24067002353.352142,2819397089.5889764
3,21740,3,91846667886.8177,28405602687.724686
3,21740,4,928857469494.0477,407951529613.4479
3,21740,5,256155289487.72668,131971540584.21628
3,21740,6,64020213516.392136,35228440776.76534
3,21740,7,25863014486.6492,18080146585.71972
3,21740,8,56389367249.61291,41324903841.67354
3,21740,9,25459505584.298477,18979555279.058567
3,21740,10,6391513053.425263,6968701551.014988
4,21740,1,2669662874.1772585,114480815.5862085
4,21740,2,10274735433.74881,2272109555.1784472
4,21740,3,44184931342.09204,13189284764.887098
4,21740,4,350803536496.28253,133266775107.95374
4,21740,5,43814335267.27117,21150864490.94868
4,21740,6,8838097988.089603,4955691457.503016
4,21740,7,3914309256.423052,2544045808.177715
4,21740,8,4373528328.404282,3057879950.4661756
4,21740,9,3067110160.338391,2622931444.0180287
4,21740,10,1319184468.403104,1681418476.7459087
5,21740,1,963868590.0698179,38525131.383475885
5,21740,2,6667350671.509536,1474422972.686094
5,21740,3,37788082988.99107,11164301836.380016
5,21740,4,240270208094.42416,88552931980.5711
5,21740,5,24218725563.543583,11041985082.030405
5,21740,6,7907134629.688609,4415333622.342082
5,21740,7,4785006722.204848,3341149845.0666656
5,21740,8,7444373138.627195,5998207093.417857
5,21740,9,1944094190.0503488,1702656262.9299204
5,21740,10,1045772308.863929,1092674155.6285825
6,21740,1,1947965138.372506,76692790.66621174
6,21740,2,9115845754.977991,2072709864.6825562
6,21740,3,47439359855.523895,13725006065.815992
6,21740,4,350615084488.97296,129341605159.85577
6,21740,5,40787797448.162025,18793805780.719975
6,21740,6,7073570242.968926,3871637720.873498
6,21740,7,4949474324.869286,3286165758.8187127
6,21740,8,4704804922.719524,3718826832.518411
6,21740,9,4139473389.3797016,3463902435.404115
6,21740,10,1120735955.2477794,1464946966.9371612
7,21740,1,78332655282.88988,3678903798.6934123
7,21740,2,142908613343.56302,17251867887.23164
7,21740,3,232099868670.88477,69142449670.52435
7,21740,4,3493700346509.3174,1558691272788.9287
7,21740,5,947526652994.6759,486313214208.19495
7,21740,6,202239371604.18106,114998449382.4015
7,21740,7,151329044708.09674,100462256844.96829
7,21740,8,201601878547.403,168582590745.17072
7,21740,9,150718218376.4022,144263719748.6485
7,21740,10,15568166613.096785,26810463729.50707
8,21740,1,6665781305.452046,294944200.6645691
8,21740,2,12374224477.548712,1988718859.0064363
8,21740,3,37112765924.61839,10617800608.371391
8,21740,4,407235507663.0447,167803706345.13562
8,21740,5,65007492900.90359,33782305346.148144
8,21740,6,16206893635.282423,9267418284.49539
8,21740,7,7655176870.044237,5043783224.236576
8,21740,8,15117209723.16485,12102104285.57728
8,21740,9,7288699245.249854,6579678086.720252
8,21740,10,5881436467.889465,7240286096.54747
9,21740,1,3834845442.1933136,158903827.84732437
9,21740,2,8953408316.118275,1929173077.9293647
9,21740,3,47239875452.253746,14319411805.249922
9,21740,4,406360666537.70953,158156982786.15924
9,21740,5,50239627565.74591,24721990893.104816
9,21740,6,11630233450.965385,6525877418.960886
9,21740,7,4826887514.290327,3374367165.7055535
9,21740,8,9580571191.024342,6872201622.275035
9,21740,9,4294599531.5846076,3133678001.808568
9,21740,10,1088567938.3267214,1173987622.2461066
10,21740,1,1680258472.6152034,72914263.30892867
10,21740,2,5524429861.604794,1083479573.2230217
10,21740,3,28239568583.809532,8416290611.997449
10,21740,4,223419952496.78958,87898097875.5444
10,21740,5,27822392618.548862,13942662843.665176
10,21740,6,7209658538.168266,4247331933.5328255
10,21740,7,3449851635.0492907,2607395213.48419
10,21740,8,5055741682.140955,4174013310.2548985
10,21740,9,2798115602.6040015,2250048466.1143546
10,21740,10,1628923528.5858629,2140663922.2457461
11,21740,1,10887002534.075394,529623118.0979731
11,21740,2,15215683280.688019,1857175121.5857508
11,21740,3,55571400609.83514,15784038156.757418
11,21740,4,565168962704.2039,257592286866.3397
11,21740,5,92424334541.392,49518589048.93742
11,21740,6,38656832666.48768,22281847521.90055
11,21740,7,20260050313.673832,13056807146.580462
11,21740,8,20514031265.012917,15159895490.06077
11,21740,9,6941863005.015584,5392799085.637207
11,21740,10,6553327691.706129,9750483151.873333
12,21740,1,4254841528.8729534,182203931.93341467
12,21740,2,13132203608.34032,2637434038.876563
12,21740,3,83935110836.66399,23329402685.44849
12,21740,4,512024693131.06134,192682870237.45267
12,21740,5,60484857260.625725,30011103753.487785
12,21740,6,13179041454.792046,7396589637.637319
12,21740,7,8772163621.58496,6081283828.314028
12,21740,8,10138146204.866142,7701991908.182221
12,21740,9,3317085516.134983,2654036618.462543
12,21740,10,2470239111.623756,2407368647.0892572
13,21740,1,1722641856.4630992,76661475.16262724
13,21740,2,9187610603.872921,1938729630.872946
13,21740,3,40962840378.07288,11711048207.313145
13,21740,4,263263917823.27722,96354285443.84741
13,21740,5,24410537515.606552,11692722046.147844
13,21740,6,4988672630.542987,2778373410.7004642
13,21740,7,4487072632.816188,3215086132.2244515
13,21740,8,6480759518.09158,5110695571.810477
13,21740,9,1667326047.1391282,1273387858.7081518
13,21740,10,1276373496.932352,1742782374.1652815
14,21740,1,3183999182.345111,112127005.80296691
14,21740,2,17268903971.016346,4848141466.661214
14,21740,3,124042970561.65492,41749680042.88516
14,21740,4,1030407680495.3918,444445071458.69275
14,21740,5,202475287889.8771,101203429951.04028
14,21740,6,45124031767.01062,23666265901.397682
14,21740,7,2755372703.8102345,1888616335.5715969
14,21740,8,14218136410.44806,9788292117.636131
14,21740,9,5341464378.623849,3613011105.782948
14,21740,10,8278667252.592822,7042599695.035765
15,21740,1,2644644126.5485487,113592482.4693895
15,21740,2,6890518971.316078,1340813090.4046807
15,21740,3,31286075586.066242,8761266012.570719
15,21740,4,186063953294.32178,73773154104.38802
15,21740,5,33942656683.903576,17008180483.058088
15,21740,6,7839400293.346824,4399568374.68497
15,21740,7,6171109624.592948,4305923279.8854065
15,21740,8,7071966792.31083,5306445612.4978285
15,21740,9,2364591001.3320465,2065369904.1087728
15,21740,10,1508259532.820868,1813270634.358727
16,21740,1,786057663.8708454,30308399.457232337
16,21740,2,7039798010.756332,1702740521.4806175
16,21740,3,31764180257.394634,9781022146.558306
16,21740,4,225404934516.80566,82468612070.65562
16,21740,5,18423022739.408947,8863654909.283792
16,21740,6,3368013910.007672,1973762177.6851995
16,21740,7,1726141237.2700188,1208188909.7894297
16,21740,8,2143469421.5439622,1702393427.9637427
16,21740,9,1073060542.1586206,924388392.0874727
16,21740,10,628924996.3810766,782490512.0810661
17,21740,1,3068708559.524838,131943713.0884793
17,21740,2,18403724274.167553,4148764830.1462836
17,21740,3,93812261362.03905,26074755097.421413
17,21740,4,484308067450.84485,178166882424.78244
17,21740,5,54581594663.75104,26595550396.644135
17,21740,6,9306441813.346416,5443588314.370523
17,21740,7,7041196654.51135,4579809545.591918
17,21740,8,7556621286.490323,5218207438.175948
17,21740,9,3585260790.8229356,2767119628.1305666
17,21740,10,538885988.1657456,826890313.1011796
18,21740,1,1157018123.8106124,37139134.33558673
18,21740,2,5292213398.880836,1021127380.5432435
18,21740,3,28622676392.614826,8154971890.310562
18,21740,4,181750309537.06473,69615410678.7144
18,21740,5,20963866795.02936,10138719875.922167
18,21740,6,4357383639.504226,2379861807.7896585
18,21740,7,2330533194.1411977,1685127536.3854795
18,21740,8,3608190701.3739514,2706824291.471478
18,21740,9,1779260364.9665086,1451427301.1281278
18,21740,10,768261630.4158466,868279845.5649942
19,21740,1,6525557178.677959,300719911.186392
19,21740,2,10524991977.311602,1568135211.611124
19,21740,3,46144575673.99288,12995604048.835644
19,21740,4,314408057656.0906,129005660221.96162
19,21740,5,77872635656.48666,38483433540.11995
19,21740,6,19780035100.23236,11448483316.650301
19,21740,7,9109556751.52259,5712584543.055472
19,21740,8,13987825629.086609,10392983411.913137
19,21740,9,5677270540.028707,4467983706.264046
19,21740,10,3341032744.251414,4343251985.918119
20,21740,1,2498499727.717352,92858440.78870915
20,21740,2,10786959717.45247,2445697839.2652364
20,21740,3,69173873064.7087,19369486202.630116
20,21740,4,379477556428.2044,139180945956.98315
20,21740,5,41200901737.99583,19052763936.169262
20,21740,6,6869570766.78312,3837198622.923924
20,21740,7,6108957343.765646,3952187796.9763117
20,21740,8,7194268626.158448,5498163696.117022
20,21740,9,3252042641.2719007,2647988928.131556
20,21740,10,1365895560.594148,1204433624.8235288
21,21740,1,1986841478.606746,80805048.49556625
21,21740,2,8148863344.338821,1475532704.273146
21,21740,3,35472855275.174515,9759749241.79138
21,21740,4,186724510044.63055,72610127276.30428
21,21740,5,23414987763.667686,11693054131.25544
21,21740,6,5299182636.384971,2941832453.6226373
21,21740,7,3131444698.997951,2148575170.4322476
21,21740,8,4328795447.321238,3219226856.526013
21,21740,9,2494243571.6516232,1843138121.2892573
21,21740,10,1197265925.7011526,1470606729.5735557
22,21740,1,2639619935.774824,112994986.42848289
22,21740,2,6104690585.801001,1134665291.2795968
22,21740,3,30558854611.11535,8490087870.5621605
22,21740,4,238661869540.2889,98476042308.86397
22,21740,5,42155982521.98112,21331962251.326454
22,21740,6,8170546407.795427,4805368223.36188
22,21740,7,10578321235.16767,7225366977.41991
22,21740,8,9713870300.167488,7131012761.573047
22,21740,9,5652706918.29296,4406858458.444976
22,21740,10,1488699564.21275,1844254457.5057874
23,21740,1,4761375700.14136,206240056.3981405
23,21740,2,8892261643.568752,1760136919.6543093
23,21740,3,54104052667.241646,16432971763.23961
23,21740,4,428718511774.063,169877016848.8141
23,21740,5,52536471066.96414,26617528500.10292
23,21740,6,14828145752.626957,8601411357.213596
23,21740,7,6984170401.402063,4684923299.39121
23,21740,8,12647174437.077593,9069225243.924921
23,21740,9,4390054413.747886,3723054409.356415
23,21740,10,1076285991.5526686,1772024922.3555264
24,21740,1,4359486357.648324,184844235.45436117
24,21740,2,15589723562.23846,3017251954.458402
24,21740,3,74790283185.35419,22266019355.88259
24,21740,4,548855708341.0094,212580195335.7456
24,21740,5,85001067107.24265,41311168137.12571
24,21740,6,20487253748.931248,11469813006.500896
24,21740,7,7565111379.667855,4941824716.593901
24,21740,8,9961885106.906391,7266739287.404841
24,21740,9,1640685637.3720832,1251712330.5337775
24,21740,10,1148717410.7622645,1143781173.1206477
25,21740,1,917356669.9412115,32180820.680998888
25,21740,2,4863128268.783411,985268538.2356651
25,21740,3,24479011704.146717,7363202633.673323
25,21740,4,218161859691.9189,85955985164.80537
25,21740,5,31467695186.158016,15406784649.738821
25,21740,6,7027834213.187244,3958975222.8417797
25,21740,7,3711541162.9464293,2563694026.1979394
25,21740,8,5067762612.296174,3656584160.1280093
25,21740,9,2217115413.8392344,1717233955.7521813
25,21740,10,845634320.2754554,871699093.4555521
26,21740,1,1952790852.5583389,74822246.11888191
26,21740,2,12102118858.276127,2737094339.89104
26,21740,3,64598541985.40463,18718726891.550972
26,21740,4,380008971158.4623,142417931816.1954
26,21740,5,35682577269.798386,17499480608.70888
26,21740,6,8176411533.488147,4431227719.609485
26,21740,7,4050897587.347794,2779679120.975994
26,21740,8,5574570049.244253,4141676544.024578
26,21740,9,1675817499.7613873,1501510164.7004728
26,21740,10,920810754.9377683,981158498.4270743
27,21740,1,1476494486.0933442,63224435.450927876
27,21740,2,7541962246.926702,1355121815.2811208
27,21740,3,45306285883.40996,13375581696.12128
27,21740,4,366142617170.60535,149889089363.20093
27,21740,5,59187988198.716896,29388566043.544327
27,21740,6,10603502447.51345,5678837417.3105955
27,21740,7,7890119562.379734,4901215962.397799
27,21740,8,7658900695.426979,5512890910.671312
27,21740,9,3054372555.678179,2343208662.672267
27,21740,10,1617223228.7142122,2164673269.865707
28,21740,1,6722187908.592452,322739231.0861204
28,21740,2,15574377913.414011,2629877770.6480937
28,21740,3,58647273528.17437,16945924020.467552
28,21740,4,499920631785.0878,205907275018.04205
28,21740,5,104347827259.64612,53953880276.16235
28,21740,6,16081779618.290516,8938436329.467075
28,21740,7,9830399392.571484,6209108673.457302
28,21740,8,19144565848.40634,14437236085.040726
28,21740,9,4166133169.4329,3644893756.622011
28,21740,10,10301197110.674274,13081092128.192415
29,21740,1,2234583547.7655625,79263055.50080836
29,21740,2,19178002258.0656,3901729788.8571267
29,21740,3,85686759973.88156,23554254008.429432
29,21740,4,570615107621.5789,197506443282.15714
29,21740,5,39180993213.47014,17277172110.48577
29,21740,6,7721903015.184272,4395608144.731069
29,21740,7,4352548917.995724,2982373469.5881824
29,21740,8,6499040233.024822,4897249122.151871
29,21740,9,2537566221.844602,2021290889.8197813
29,21740,10,1157462498.3055136,1019423472.3385845
30,21740,1,1665155250.4663603,67408567.3776928
30,21740,2,7267197555.4908,1551464135.9390619
30,21740,3,36521112349.43932,11155342862.874481
30,21740,4,313025874631.26953,125536735775.80957
30,21740,5,45017617809.899895,22458326318.681675
30,21740,6,10702174652.159214,6022004779.952126
30,21740,7,4522303629.537204,3195513944.063978
30,21740,8,8125207155.970455,5927922054.122582
30,21740,9,2875787195.5445,2343188266.607236
30,21740,10,1419968337.452139,1925874168.2139523
31,21740,1,6793412235.34102,287424330.41773796
31,21740,2,17292865998.13236,2253253201.3991036
31,21740,3,76800080937.95255,23781240426.392258
31,21740,4,818512938150.7079,358542367853.82117
31,21740,5,146032303057.11392,73599302242.0465
31,21740,6,40987642258.21314,22692177625.099503
31,21740,7,21439974228.271156,14429038414.376461
31,21740,8,32566753892.35973,25311173751.84165
31,21740,9,12117977976.559343,10132270598.726646
31,21740,10,5795943377.144662,9278152211.409798
32,21740,1,2141747988.3487198,86847575.39901252
32,21740,2,14941932620.839025,3170522203.739305
32,21740,3,69637861772.39793,19777245578.08331
32,21740,4,509647858873.1055,182694839285.764
32,21740,5,40320685133.43524,19221532034.696003
32,21740,6,5652793901.921729,3061340270.8996468
32,21740,7,5701944960.970926,3974916484.238171
32,21740,8,5076507645.299322,3766972605.139587
32,21740,9,2105714458.1003077,1607863696.806364
32,21740,10,1600818715.3630035,1632452460.591158
33,21740,1,50361345058.08534,2515794822.958496
33,21740,2,49030445738.49296,4765481987.893055
33,21740,3,178886253460.72446,57633988121.17942
33,21740,4,1911899199153.204,869835365740.3431
33,21740,5,462489367365.0796,237586953265.78625
33,21740,6,133508866016.83017,82847842170.49538
33,21740,7,66649144233.296234,46758306375.80391
33,21740,8,132129882742.50299,101832452424.71642
33,21740,9,92978114128.01129,65832712967.13503
33,21740,10,35725540557.012764,60631335092.92346
34,21740,1,27554044051.225777,1350717569.8240716
34,21740,2,25808823093.78383,3540574713.6235867
34,21740,3,134661251084.44418,39878571176.1385
34,21740,4,1207467875268.944,533122248212.7849
34,21740,5,333229777742.2641,174763019139.3743
34,21740,6,99280431248.13219,62487510515.99285
34,21740,7,49390694730.62521,37379012373.67229
34,21740,8,70721208361.6607,53583108832.636665
34,21740,9,32959639499.493973,24859069118.5939
34,21740,10,21552851606.545673,25562408578.453503
35,21740,1,103618261366.58006,4581581234.99706
35,21740,2,101906453359.30087,10923841099.819868
35,21740,3,315329881399.67114,97604202821.15102
35,21740,4,3933557247357.7646,1773480665217.6265
35,21740,5,826991960031.9907,418929873900.7714
35,21740,6,248169934346.3862,135731308394.11502
35,21740,7,129330199408.60027,83909122357.28752
35,21740,8,170884914747.0396,130067173351.39566
35,21740,9,107832333763.93771,97967961765.80907
35,21740,10,154195912015.45242,177361305500.93625
36,21740,1,18629491844.36638,912579249.7670102
36,21740,2,20282073797.39692,2411573849.819452
36,21740,3,102148629828.7193,27546280269.49922
36,21740,4,1055794093889.6152,475205950772.5567
36,21740,5,306948533058.2109,170185590913.7872
36,21740,6,56435405521.13715,32969188750.0227
36,21740,7,30567076221.423435,22792195360.022606
36,21740,8,52332055023.2797,40093001438.944336
36,21740,9,25188278532.533764,22879444465.958126
36,21740,10,13718894874.594389,19203544590.127716
37,21740,1,1312383697.2441294,54412628.010013536
37,21740,2,4739676890.727646,974039066.0210556
37,21740,3,21496073704.054337,6432297843.7353945
37,21740,4,183457536279.44485,73637586003.00995
37,21740,5,29416183099.086143,15086985999.246334
37,21740,6,5892900536.758013,3353886821.2588496
37,21740,7,4871609540.982351,3238602489.1259346
37,21740,8,5375456796.994304,3987448274.3677306
37,21740,9,3188651975.614029,2486668989.509557
37,21740,10,1189413936.2109454,1612695274.5411994
38,21740,1,20685661129.445766,1028771859.031188
38,21740,2,17806802778.40244,2389235928.5991077
38,21740,3,88866377486.6685,25679401923.916996
38,21740,4,970641404614.6895,409391646150.715
38,21740,5,266135100797.36557,133757332470.46584
38,21740,6,61477459651.25443,35067501021.523994
38,21740,7,36197470026.49224,24169406865.12082
38,21740,8,47536469055.183426,36544204860.080185
38,21740,9,21989748152.31291,16399377722.565035
38,21740,10,10800546963.33763,16468869131.390816
39,21740,1,12853445844.674467,622039558.8970381
39,21740,2,21216659819.44525,3473699281.785249
39,21740,3,108194200814.48376,33140129930.42549
39,21740,4,802244484713.6566,316706600280.2575
39,21740,5,159904041777.93195,76499793762.33063
39,21740,6,30358023467.748566,16118313760.689497
39,21740,7,29102182466.294765,19903704411.561012
39,21740,8,23516397691.318386,16456649724.976818
39,21740,9,15318996860.4788,13746178824.387194
39,21740,10,5029263999.71283,8033850052.566755
40,21740,1,1529919999.0227878,58945410.91950889
40,21740,2,4480610824.512839,809851968.8209101
40,21740,3,22612539700.09509,6528167721.545642
40,21740,4,183288878179.88617,71481349705.711
40,21740,5,25621037441.867233,12537872960.537266
40,21740,6,5027269007.250641,2719164933.902881
40,21740,7,3993759989.3726654,2597514583.969048
40,21740,8,3631253275.376621,2405815310.8136168
40,21740,9,1773433417.0433156,1278964901.9126458
40,21740,10,826524541.1354594,817220516.0026015
41,21740,1,2134624409.4475567,91715809.68206325
41,21740,2,7169613922.628849,1134303168.432325
41,21740,3,25325071443.864334,7304071638.66372
41,21740,4,192577561073.98148,76744528213.03532
41,21740,5,32166944877.104,16034198992.605051
41,21740,6,9659524855.987728,5592226806.549019
41,21740,7,4373619458.833331,3028541555.3612213
41,21740,8,8076040443.3047,5669886201.758458
41,21740,9,1524591268.030178,1133945166.7797341
41,21740,10,757723171.3139875,928765422.8762798
42,21740,1,1128910012.0416255,39923910.38371762
42,21740,2,6568341970.748989,1257840073.6247635
42,21740,3,27976628310.708675,7812323052.851664
42,21740,4,188745811128.55396,71847818519.23576
42,21740,5,19669991768.060303,9825227372.31615
42,21740,6,3526771319.725088,2010995077.475633
42,21740,7,2383426364.496226,1616348064.1679215
42,21740,8,3144118004.4066315,2417179615.163694
42,21740,9,1299975544.5864315,1017093173.7892313
42,21740,10,473533740.3749502,502489132.2193808
43,21740,1,5793175308.03586,244265751.10156205
43,21740,2,14239088483.111443,2700558636.755339
43,21740,3,53265333501.732864,14464018041.593096
43,21740,4,364037357089.59143,141482709371.71942
43,21740,5,57093417002.16591,28250256065.239086
43,21740,6,11540468369.877247,6341705566.829654
43,21740,7,7482028698.452704,5007626464.06571
43,21740,8,11836566638.352169,8797513552.356218
43,21740,9,6086667148.954651,4710743472.942856
43,21740,10,2793485930.8185167,3139137588.7277822
44,21740,1,2345128138.1897674,84025458.54222818
44,21740,2,26125284238.50549,6264386327.887522
44,21740,3,230664349109.5042,65397159546.46157
44,21740,4,1044650697956.1954,357193770067.23706
44,21740,5,71191669667.26863,31287480788.57534
44,21740,6,10555368050.178976,5921551670.820138
44,21740,7,6104141624.888106,3918422115.5372086
44,21740,8,6122172242.373848,4448484871.559895
44,21740,9,1457828728.3008661,1286327486.0195272
44,21740,10,722101991.3424069,923121767.1934823
45,21740,1,1905909047.6257498,80687727.43111323
45,21740,2,8292142927.829061,1750680456.6980853
45,21740,3,35430805752.32825,10769757640.94275
45,21740,4,295081989585.99475,110820064793.78647
45,21740,5,34850585818.28937,16332411044.654545
45,21740,6,6231454280.142908,3551307109.620413
45,21740,7,4949510908.707488,3558644946.8969903
45,21740,8,5953089253.820356,4484357608.094221
45,21740,9,2303337316.005143,1776173550.5929244
45,21740,10,1520521154.889206,1733707392.2889905
46,21740,1,4883135218.4297285,229542132.0382268
46,21740,2,11301020219.021284,2149853052.536726
46,21740,3,47534063615.32712,13395177165.353746
46,21740,4,417042887097.55304,170269602607.22482
46,21740,5,71297488258.96176,35709814207.269554
46,21740,6,13574096138.75163,7688518485.19666
46,21740,7,7474388949.955913,5593461708.459048
46,21740,8,7196714767.565703,4866544217.080049
46,21740,9,3429485248.597864,2444671108.641788
46,21740,10,2889525529.4437466,3292329873.391248
47,21740,1,1313064271.0751574,54451657.7189415
47,21740,2,4320595614.256922,888791055.6587715
47,21740,3,22457255328.82053,6577204270.087299
47,21740,4,159966273556.0521,61061590714.12054
47,21740,5,20270298517.316677,9600220292.585295
47,21740,6,6654773091.959667,3764133091.690471
47,21740,7,2131279273.854887,1438280319.7210076
47,21740,8,2609528073.819649,1926294255.6220276
47,21740,9,1026380230.4370943,831833155.8882667
47,21740,10,769579681.2591052,946855056.2325413
48,21740,1,5494084663.078163,235131251.3478295
48,21740,2,9518438423.260794,2063924350.733509
48,21740,3,72420489266.62927,21835660133.72093
48,21740,4,501978715944.5365,196472089763.3476
48,21740,5,76586828298.03902,39741835357.11758
48,21740,6,17417564661.357082,10175802030.973818
48,21740,7,10485564790.161657,7031460653.39659
48,21740,8,17569244806.104862,12678564763.516565
48,21740,9,6644567430.079093,5722224657.538765
48,21740,10,3128857956.0969443,4481073032.468097
49,21740,1,866380425.8297076,26352953.96833938
49,21740,2,3565131488.8522453,787784778.1374993
49,21740,3,25793002749.010593,7992572863.914252
49,21740,4,201011729442.30392,77039360403.42836
49,21740,5,25360369695.44629,12077670399.770952
49,21740,6,6502406222.081555,3627474470.114325
49,21740,7,3520966620.1255727,2374517384.7303343
49,21740,8,5218036546.720997,3683499517.2459526
49,21740,9,2064146815.9235153,1613249718.2833536
49,21740,10,763591473.7229276,882959518.5450693
50,21740,1,7788574817.829959,368552969.476181
50,21740,2,10116366774.399965,1053764051.4725914
50,21740,3,37932707584.35215,11354105911.623486
50,21740,4,382443508729.1817,166995455954.1436
50,21740,5,99144078461.65663,51812414923.33637
50,21740,6,20720541695.683685,12697980159.809158
50,21740,7,10455956289.481144,6792185717.271857
50,21740,8,35000230010.299416,26313316669.62382
50,21740,9,10128872920.446484,9091051401.184313
50,21740,10,4991461917.944568,4161138164.6673713
51,21740,1,1268527572.339578,49364012.48602652
51,21740,2,3380507508.6763725,684063882.2705212
51,21740,3,16325526854.489037,4809027171.888673
51,21740,4,121290321334.98471,48203045486.47431
51,21740,5,18171456189.9196,9042357188.92218
51,21740,6,4218859699.079445,2398847160.5754085
51,21740,7,1652065959.293807,1085758593.497666
51,21740,8,3547755603.5680566,2704585017.1063423
51,21740,9,1496098948.1243143,1159224049.3205364
51,21740,10,583149004.2591233,717328114.9514399
52,21740,1,8144535002.307735,364707139.6590941
52,21740,2,15643794799.064981,2234680194.145216
52,21740,3,74478348093.31238,21886727236.29954
52,21740,4,612265373167.1525,261877676151.63184
52,21740,5,134343482059.96535,68068003450.94658
52,21740,6,23346954515.936424,13599105176.923435
52,21740,7,24519247493.858154,17121361741.054634
52,21740,8,22459134924.504143,18102242814.58224
52,21740,9,12202082551.93411,9121062788.462364
52,21740,10,8796501041.09063,11986121353.031992
53,21740,1,2896561373.3233037,120852920.12425125
53,21740,2,4569918051.165832,723639831.4785128
53,21740,3,25938498247.715755,7825488752.001797
53,21740,4,286192723324.9913,122899777852.31993
53,21740,5,50878672891.99943,25607757048.44756
53,21740,6,10651838959.23101,5863596814.36348
53,21740,7,9632425417.986929,6616061359.649034
53,21740,8,10010132683.209919,7419106605.565379
53,21740,9,2465894823.3677807,1860034672.3940253
53,21740,10,1977280650.3288472,2042526666.9087675
54,21740,1,13348628983.398392,615273338.9084247
54,21740,2,28201061047.022198,3636351656.1136823
54,21740,3,59035194323.57659,16951777961.6359
54,21740,4,623080882782.5411,276555000090.0818
54,21740,5,165681364921.9907,85198982096.04556
54,21740,6,37575255404.275276,20911881459.015358
54,21740,7,23913212017.246758,14659279883.866718
54,21740,8,22128995675.600742,17062419297.96611
54,21740,9,18263470937.64533,17755446283.99668
54,21740,10,3182471806.878279,5703961172.523318
55,21740,1,3920432707.628396,187979547.70449257
55,21740,2,13960921257.256376,2694758376.147883
55,21740,3,56308345214.902435,16863827542.572765
55,21740,4,378511381928.17444,148294960092.40085
55,21740,5,51384257870.278366,25642623549.744442
55,21740,6,14621971183.515818,8084831200.175092
55,21740,7,9092477903.671762,6330250341.32297
55,21740,8,6433939235.201835,4961361007.001631
55,21740,9,4997470423.478069,4248103985.3590994
55,21740,10,1143450003.560738,1627362770.4004061
56,21740,1,2362350097.2957573,94181652.86999032
56,21740,2,3848469829.0116816,754694071.5630543
56,21740,3,24700646430.447845,7000442858.928175
56,21740,4,173296632235.95486,67063046447.48934
56,21740,5,24712418389.887123,11957227753.397753
56,21740,6,6715695018.432534,3558355551.4897866
56,21740,7,3010945567.033381,1998777188.1745658
56,21740,8,4509302994.279901,3621826293.3638153
56,21740,9,3340640711.5098667,2603102530.9460297
56,21740,10,1240981595.273915,1496619699.3595457
57,21740,1,17042465199.672255,817266717.7147954
57,21740,2,21731940791.643852,2920906006.2473116
57,21740,3,85975920018.23717,24812637634.43848
57,21740,4,650314598927.1888,285366728626.9389
57,21740,5,138484593466.52682,71726343840.56186
57,21740,6,53976887842.15526,30457199955.148163
57,21740,7,25405597370.38609,15793115038.077398
57,21740,8,23605572667.748703,16826537363.722736
57,21740,9,17101735953.61918,13114326273.605377
57,21740,10,5743043653.183239,8027203826.328783
58,21740,1,10827971462.761257,451957903.5239119
58,21740,2,21062227423.298496,3164913663.867581
58,21740,3,79526575863.39133,22586360415.59376
58,21740,4,714977653912.4614,288256699297.73865
58,21740,5,121755183183.68787,63025569101.12428
58,21740,6,39173077407.68608,22485167847.46929
58,21740,7,15401976122.968693,11545010000.88498
58,21740,8,23667364401.961487,18715157576.290478
58,21740,9,20179367083.52684,15226284977.116112
58,21740,10,6431564903.937142,7938964569.820757
59,21740,1,2309068951.5506372,101396053.16152966
59,21740,2,4792879414.113365,819997117.3559139
59,21740,3,21799498569.586586,6183017760.159611
59,21740,4,153024512436.02704,61139676691.8745
59,21740,5,25540773887.14547,12938744276.527296
59,21740,6,4939330214.273927,2753868140.4370794
59,21740,7,4815998649.553639,3376238172.5178795
59,21740,8,3705629320.220425,2698126683.3032527
59,21740,9,975255171.5309349,839080782.1772616
59,21740,10,992923509.6666546,1079676595.678233
60,21740,1,5109548320.018023,222212416.3551841
60,21740,2,16006370452.042711,2609970628.986013
60,21740,3,75167944363.92378,23804494993.440987
60,21740,4,599067375222.5867,237165758052.91217
60,21740,5,92634551976.0506,45257623704.151535
60,21740,6,19283406937.05467,10872294420.497826
60,21740,7,8675352259.699087,5594545050.580623
60,21740,8,13576091289.53844,9539430530.00983
60,21740,9,7266809951.244924,5554269122.538674
60,21740,10,3169641880.625482,3976349747.6818557
61,21740,1,4517260548.124404,208167848.34896156
61,21740,2,6384208219.212617,1230605919.5900414
61,21740,3,42311697553.33353,11749259733.499718
61,21740,4,385677445476.8784,154229973809.25797
61,21740,5,65251024304.684166,33030578671.499065
61,21740,6,15413443538.853783,8892113543.268307
61,21740,7,11372270974.451122,7703506607.027563
61,21740,8,13065491921.19711,9027731619.86227
61,21740,9,3958709410.641697,2916689954.2302947
61,21740,10,2306121794.2343345,3085981243.5645056
62,21740,1,14834464944.454042,709794319.4379811
62,21740,2,16485675234.913628,2493626064.304568
62,21740,3,78565136680.07997,23777277279.58533
62,21740,4,803778528775.2463,345286827728.0995
62,21740,5,177331500398.29956,92386539608.70872
62,21740,6,35153255008.97608,21165133940.635735
62,21740,7,24240339452.32635,16493240840.138065
62,21740,8,28258373901.87308,20302152382.029358
62,21740,9,15384243705.912035,12418071169.494328
62,21740,10,5690785986.775722,9547855316.918869
63,21740,1,1696714714.7043521,57734651.407248214
63,21740,2,9335324400.767164,1724206530.2133658
63,21740,3,31446967459.500427,8477310141.3567
63,21740,4,155067560534.56015,57202252477.70503
63,21740,5,18623776126.36553,9220813982.431734
63,21740,6,5183212548.624152,3256079945.129784
63,21740,7,4608923809.729689,3238182364.8205523
63,21740,8,8846859647.711054,6689283610.801297
63,21740,9,4401884682.889382,3512994015.6078954
63,21740,10,1882020342.3347125,1747883598.2702253
64,21740,1,9697176588.218548,469584653.26159
64,21740,2,15913778289.09171,2647265073.967909
64,21740,3,39868025788.67058,12115876846.269121
64,21740,4,524214035004.2084,234884828282.66168
64,21740,5,122087971690.08983,65349838216.519585
64,21740,6,37972596048.510284,22548420347.56578
64,21740,7,16430447650.384401,10573033000.35229
64,21740,8,30366838339.59689,23096192793.677197
64,21740,9,7049242331.610179,5840551837.846259
64,21740,10,7254763003.777944,6440121906.265095
65,21740,1,1755258207.5241065,68900088.65945974
65,21740,2,3747582345.056082,720496308.3193314
65,21740,3,19283980977.42437,5656479035.927615
65,21740,4,152515716200.05182,60591987961.255714
65,21740,5,24049056795.693516,11754703729.304415
65,21740,6,5309159902.031237,2955224113.168253
65,21740,7,2221866337.620254,1459515920.1394463
65,21740,8,3765988715.153238,2878708747.34669
65,21740,9,1155047991.7496064,949464420.6806191
65,21740,10,1381176730.38046,1688982280.0023155
66,21740,1,2628117439.961951,109762949.95663786
66,21740,2,9852553094.553389,2074351705.416431
66,21740,3,51796173369.83544,15296902405.7722
66,21740,4,394700360958.80743,153817117857.7531
66,21740,5,53927374552.89261,25671405395.645943
66,21740,6,13843647796.608871,7773332432.997576
66,21740,7,8750919476.754602,5628210614.506822
66,21740,8,7610249397.782321,5402414506.157483
66,21740,9,2856554258.18271,1977705843.4740975
66,21740,10,1647195851.8803947,2273506560.503115
67,21740,1,752382555.0708108,27728079.897792302
67,21740,2,5973034968.505313,1393486054.6274643
67,21740,3,31660084913.605446,9256154143.49398
67,21740,4,194615465214.7127,70667794577.39859
67,21740,5,18153556385.56817,8582461762.298947
67,21740,6,2478969425.638628,1391815467.504861
67,21740,7,1732281163.5569594,1157362730.5391083
67,21740,8,2716313561.5308905,2093819721.7820156
67,21740,9,797827695.1287888,629497620.3388742
67,21740,10,558159972.3378332,637169346.8210189
68,21740,1,3370490725.049381,130018349.70422772
68,21740,2,9695210979.728895,2085330893.3405888
68,21740,3,42227571199.230545,12852698897.792625
68,21740,4,358896485352.3459,139951313034.67267
68,21740,5,46571439965.15336,21938452495.29218
68,21740,6,11816071705.937311,6432742849.611
68,21740,7,7585421829.647668,5138195789.01383
68,21740,8,9871641923.545456,7111988625.969607
68,21740,9,4002307191.371227,3143012411.2787743
68,21740,10,1201528180.0852726,1611788937.7464297
69,21740,1,2163130024.3785,97995970.89008921
69,21740,2,5827882020.338714,1176720148.6579707
69,21740,3,25725044921.174385,7439781044.759412
69,21740,4,267970849290.1632,102495130396.30705
69,21740,5,33166698095.86816,16260549981.801817
69,21740,6,7251403386.736624,4137526687.2656093
69,21740,7,4872824740.873446,3245593136.858847
69,21740,8,8553383034.010932,6698958676.062619
69,21740,9,3884427438.3049746,3203142893.90589
69,21740,10,2539838594.7422605,3400431237.7844996
70,21740,1,134509262250.13191,6136054717.416477
70,21740,2,135655867314.53719,13910532559.742287
70,21740,3,508500222751.5474,154802809854.8085
70,21740,4,3964575146836.942,1811092491553.5269
70,21740,5,1119529629781.028,592133611007.9095
70,21740,6,423330960390.8046,252164815258.0508
70,21740,7,182042483723.89365,121196869520.96992
70,21740,8,122234971101.75514,100264703073.29213
70,21740,9,140871333402.4026,115435890420.37321
70,21740,10,16145948024.344961,22557000842.640472
71,21740,1,2961882234.334308,125946209.67174372
71,21740,2,8540917531.607223,1652099336.9957223
71,21740,3,42070590177.03488,11974533236.491457
71,21740,4,285840529746.8277,112902526623.71715
71,21740,5,42253795968.642746,21612787417.2231
71,21740,6,5719300718.874592,3275950264.0375304
71,21740,7,7365557012.499714,4847467813.238888
71,21740,8,8498362087.999262,6394100371.442386
71,21740,9,2970624506.736705,2270933138.4638047
71,21740,10,2109765076.034562,2102032585.6303048
72,21740,1,7694469711.033842,321502541.0690101
72,21740,2,17114067462.40716,2446186968.8300524
72,21740,3,34658739434.43146,9848385063.838488
72,21740,4,453461271072.8308,196660458765.66937
72,21740,5,86136999087.26503,44088167337.93097
72,21740,6,17485502149.57838,9929062722.826239
72,21740,7,11312290556.43206,7613469740.289727
72,21740,8,28906383217.74006,19843008484.5886
72,21740,9,4018836296.4407887,3006333598.6597104
72,21740,10,8529135624.051679,9706625671.04714
73,21740,1,1828792244.1688359,68754588.71401128
73,21740,2,9498093125.129803,1911019237.3482401
73,21740,3,45682575108.670746,12107034913.010859
73,21740,4,238297073524.44077,92331451469.62463
73,21740,5,34714396287.34771,16978797063.3601
73,21740,6,7106473974.272395,3847763441.817336
73,21740,7,4586733813.394775,2960640825.404186
73,21740,8,3632103042.5267763,2490362011.1877117
73,21740,9,1111548350.084581,826696002.4547812
73,21740,10,1079425180.948573,1080794474.9630911
74,21740,1,4759490761.700566,223399479.2947465
74,21740,2,20433848587.25559,4397418080.765175
74,21740,3,73224363018.42384,19460750766.5559
74,21740,4,450608218371.3082,169818800716.2094
74,21740,5,50496638007.964325,24357266860.521683
74,21740,6,13626712720.398535,7839417176.6671295
74,21740,7,8934526771.724138,6297659544.713193
74,21740,8,10790850828.517876,8136719444.5498
74,21740,9,3170720109.98955,2364748721.668797
74,21740,10,2906207258.944322,3303160639.036443
75,21740,1,830224196.8096689,31642683.129420225
75,21740,2,17084863243.10667,4404654713.615929
75,21740,3,100275491917.87747,27773605018.28945
75,21740,4,459307299907.4109,160707472531.96432
75,21740,5,31852650235.661255,14713240865.270826
75,21740,6,6302297995.190297,3401363129.414984
75,21740,7,3776793555.3816977,2596953985.1850557
75,21740,8,4005912741.2598677,3301190034.5204983
75,21740,9,1501854788.74874,1229935362.7551565
75,21740,10,1255085274.9154134,1302705653.0739424
76,21740,1,1551800190.0374484,52187615.65293538
76,21740,2,21030738252.84968,4839331229.259896
76,21740,3,126049203835.67323,35600949313.83148
76,21740,4,732473142527.3875,249528209728.69043
76,21740,5,45414280991.15855,20183845816.977245
76,21740,6,5693503002.469797,3267571693.866329
76,21740,7,3181282889.680639,2032935577.696018
76,21740,8,5001611447.46732,3552074154.9517126
76,21740,9,2050205850.0808742,1691935862.474971
76,21740,10,783142075.7363734,859485474.0944667
77,21740,1,2939013569.894218,127258332.96064854
77,21740,2,22066065975.969727,5397256582.5874815
77,21740,3,139821661301.79507,39677059295.37128
77,21740,4,1131208752461.1013,395171771846.5518
77,21740,5,87324358062.31387,39104577208.116066
77,21740,6,11452510488.24304,5960691187.162774
77,21740,7,9433893480.038862,6007937940.703106
77,21740,8,11082937147.296024,8443129542.575893
77,21740,9,3395693542.2346125,2999802116.3426695
77,21740,10,3431491634.3133483,2956529670.1823177
78,21740,1,1396322197.2352507,50948268.618423164
78,21740,2,5786683836.142902,1021098200.6033161
78,21740,3,25760437032.748024,7306729453.246007
78,21740,4,172830345698.78152,67111821535.58527
78,21740,5,31666774720.106834,15674909403.298193
78,21740,6,7156865349.119704,4228451906.3697925
78,21740,7,4171925529.6199684,2821001634.2932167
78,21740,8,5881483495.204935,4089849186.702758
78,21740,9,2913970243.3111506,2190193378.04162
78,21740,10,915916939.6954949,855050344.2841256
79,21740,1,3323332970.9616017,126793810.20300004
79,21740,2,7550427240.656269,1200740624.1284947
79,21740,3,29023690321.513767,8443699266.418593
79,21740,4,251304947611.06018,106258504093.6748
79,21740,5,45054943593.82128,23249347875.85613
79,21740,6,10866901246.911642,6218949795.629284
79,21740,7,6002899574.661251,3883929736.936049
79,21740,8,6506982579.7857,4976159336.061052
79,21740,9,3133364697.27464,2634011303.674189
79,21740,10,1340234680.0630856,1278280986.1088667
80,21740,1,3516871025.883429,165234664.77145007
80,21740,2,16701930657.250273,3254805126.4559765
80,21740,3,63440506283.257065,16049243241.849495
80,21740,4,321073123229.5304,119810392253.24622
80,21740,5,38127949815.55961,18586800095.418377
80,21740,6,9549386563.692417,5344702003.16832
80,21740,7,5639170390.32547,3509187706.6538415
80,21740,8,10943654789.312727,7586052653.157485
80,21740,9,3493893905.402727,2780407147.0944123
80,21740,10,1210369023.374211,1467096277.5662837
81,21740,1,10007094930.606958,427297345.53424674
81,21740,2,17072552542.02256,2134773764.6408894
81,21740,3,44210099918.47343,13649946955.432615
81,21740,4,419170366931.3057,188638663147.91135
81,21740,5,83476594068.06383,44325982501.28208
81,21740,6,24023429532.141197,15270229250.335947
81,21740,7,9305736584.231781,6333127296.45185
81,21740,8,24995316561.916363,17854145781.49058
81,21740,9,10036462230.367937,9440820753.497185
81,21740,10,6328766260.535493,9856364749.167654
82,21740,1,1628953226.2756572,71582604.0603778
82,21740,2,4724507919.709345,875099670.0323293
82,21740,3,22241126256.101208,6679932209.212082
82,21740,4,185138962063.84985,73300733516.9186
82,21740,5,27264420770.346043,13882344415.905182
82,21740,6,6590296456.838116,4027861658.038795
82,21740,7,4881749836.362005,3432590913.397238
82,21740,8,8311960452.455717,6188206329.00328
82,21740,9,4375359900.473115,3539045902.798806
82,21740,10,1765246561.495442,1685474366.9613614
83,21740,1,1183529520.5866036,52018225.852882795
83,21740,2,11836410575.98627,2398725774.9686513
83,21740,3,58035272407.97919,15908755239.629513
83,21740,4,324796270400.8282,114631616706.76108
83,21740,5,28322682388.793793,13019674997.272892
83,21740,6,3818093004.1041403,2042272237.3441854
83,21740,7,2864130498.131333,1914776118.084701
83,21740,8,3454969238.6683264,2486830161.5056267
83,21740,9,1414526729.8704412,1103018140.9075212
83,21740,10,313214923.81591624,461030173.6301078
84,21740,1,12487119514.678074,571923186.1825987
84,21740,2,15182464434.42515,2260048122.3499575
84,21740,3,59839972545.73888,19266724092.253326
84,21740,4,699700029200.1915,303629612031.60443
84,21740,5,164808844346.61887,82734366913.85818
84,21740,6,35883861205.86545,21038411282.208908
84,21740,7,19342955344.09981,13138134820.023262
84,21740,8,17845622752.6084,11085674329.27737
84,21740,9,13944262367.258902,12406835623.325075
84,21740,10,2904668148.7427015,4982251752.5708275
85,21740,1,2279381508.893283,104242497.09932958
85,21740,2,4744326147.632353,927292127.8904206
85,21740,3,28060145151.33909,8056086931.922254
85,21740,4,218820288312.70325,83363155268.6522
85,21740,5,29356294762.287285,13898872554.03528
85,21740,6,6534545289.436434,3570855597.0615816
85,21740,7,3754617832.9806337,2721286496.381634
85,21740,8,5411031021.779786,3969451433.3338633
85,21740,9,1315762400.1830134,1169910827.2272973
85,21740,10,532375790.081089,667954864.2306776
86,21740,1,1293497162.447902,50114616.55146505
86,21740,2,16049889222.518261,3722770148.4807243
86,21740,3,105167868230.7976,27589486213.150898
86,21740,4,475597538861.83997,157456070171.24753
86,21740,5,31855671934.24432,14123790055.82299
86,21740,6,5412690438.465327,2956217947.062005
86,21740,7,2071300119.2952473,1451528831.1496785
86,21740,8,3628288746.59161,2731956033.6955476
86,21740,9,1098837357.8030436,851558187.9641017
86,21740,10,647649286.1134332,724537611.8942754
87,21740,1,919376984.3342657,34233769.58984975
87,21740,2,13496484965.246145,3526683823.505046
87,21740,3,75889365132.97229,22123597865.555973
87,21740,4,589039545566.3716,204676682008.7833
87,21740,5,40008774959.664474,17815988207.84624
87,21740,6,5240601530.484999,2728893543.78329
87,21740,7,1998071317.8442655,1403665028.448791
87,21740,8,3425482713.620412,2665254880.120492
87,21740,9,2065171123.626488,1732079944.013618
87,21740,10,466341797.25925624,442227612.1767228
88,21740,1,2779898523.6211443,117683765.35900666
88,21740,2,8280474787.72423,1582806461.1282756
88,21740,3,39905658126.11702,11259601039.57619
88,21740,4,320185797662.92487,121879935858.0763
88,21740,5,43367727516.541306,20706554210.12964
88,21740,6,7169384863.421453,3789365639.6349463
88,21740,7,4556634337.072531,3122441150.016727
88,21740,8,8050382274.56524,5563779450.544691
88,21740,9,2360823261.335092,1856777511.436542
88,21740,10,1567501061.8664205,2006570787.7767646
89,21740,1,42960647583.42126,2031934063.9417083
89,21740,2,19077963193.55247,1888932832.2012753
89,21740,3,228828013368.82535,61190801850.43382
89,21740,4,1831240426558.0486,858558462316.4678
89,21740,5,476917852748.541,262678165828.93744
89,21740,6,129882055889.54552,78692506512.48206
89,21740,7,127650508466.10915,87741278764.40366
89,21740,8,155003049652.13123,109637559825.48325
89,21740,9,28076415466.788265,24167289104.511646
89,21740,10,27042374788.398487,28058886589.0747
90,21740,1,1131355778.8669949,44154617.36773951
90,21740,2,9318816009.611862,2038264024.4755428
90,21740,3,46142634820.56185,13244809530.107542
90,21740,4,309263043295.81934,117172218680.98833
90,21740,5,37728778132.50489,18054464778.189304
90,21740,6,6754499028.28039,3827794268.3927016
90,21740,7,3970711983.8729568,2655519876.717939
90,21740,8,4695155175.95271,3329562324.484894
90,21740,9,1804057226.8820264,1328219942.5934637
90,21740,10,635822475.8471471,841997050.368076
91,21740,1,1961233119.7437313,77462825.59669462
91,21740,2,3850214600.9653244,661774093.668834
91,21740,3,21743705352.640587,6655082009.525063
91,21740,4,186622759825.92712,76915200891.52892
91,21740,5,35326103450.89388,17467969238.808067
91,21740,6,7904426429.2414255,4507625643.913727
91,21740,7,6106134101.386735,3936513577.2446904
91,21740,8,5655881412.562708,4283602187.37182
91,21740,9,2262816311.293895,1660266498.1571743
91,21740,10,913943711.5780772,1195560430.160057
92,21740,1,29570496486.302803,1482270315.2790885
92,21740,2,35843068816.95534,3523810108.486338
92,21740,3,74923203192.64978,22756102435.013397
92,21740,4,996604344264.9576,457419787169.5969
92,21740,5,202860205347.26593,104693533308.14815
92,21740,6,65276671991.08328,38060764567.13856
92,21740,7,20108483020.0284,14297365067.613014
92,21740,8,65891790931.25952,50336673106.94636
92,21740,9,15108476493.809647,10228636052.68024
92,21740,10,12952568145.100515,16423120215.955015
93,21740,1,1263226149.3538437,43144581.29605157
93,21740,2,13141385833.89729,3333972243.1053677
93,21740,3,76515901845.15858,22536712073.453953
93,21740,4,530666837989.76324,189354365017.38065
93,21740,5,45884889123.13214,20979671093.73991
93,21740,6,6833454693.233793,3860598061.9665146
93,21740,7,3760315178.1927385,2511123837.5755854
93,21740,8,5380426948.800638,3908167448.556192
93,21740,9,2228450756.331463,1842894687.6364636
93,21740,10,1458384274.486407,1590529055.0939143
94,21740,1,22607383304.25067,1050070784.2576176
94,21740,2,21432156116.946884,2932044154.466437
94,21740,3,90526504333.31412,25827860770.62044
94,21740,4,971954536521.5417,433885326796.5055
94,21740,5,169870534098.89304,88808912280.88162
94,21740,6,63240343825.36575,35459279881.01168
94,21740,7,34140273642.50023,23293586688.645374
94,21740,8,44299779016.640114,30955998526.743793
94,21740,9,19805212921.263477,15686107013.403767
94,21740,10,19940309256.35424,28274441335.256508
95,21740,1,41990070458.93545,1842166190.0967293
95,21740,2,79738534024.27739,9766934934.628542
95,21740,3,118332669716.0191,34910681649.94424
95,21740,4,1703577950548.6062,738843539254.5231
95,21740,5,417139978254.837,214377808215.47702
95,21740,6,142459669859.77652,77712897341.94029
95,21740,7,79426957062.655,52824468376.4763
95,21740,8,119210032088.9395,87328357846.4605
95,21740,9,55312280151.85146,46212572641.72575
95,21740,10,15990010273.258179,20066805628.53572
96,21740,1,5573355108.529023,239214136.941871
96,21740,2,14525918036.73597,2245828031.7316265
96,21740,3,40580163812.60363,11369715530.664421
96,21740,4,333042676124.99664,137273386248.69121
96,21740,5,55716057553.01081,27864170557.028168
96,21740,6,13756999058.988676,7905408610.45273
96,21740,7,9822666525.56184,7428273095.692789
96,21740,8,10577147961.996395,7916486118.3274555
96,21740,9,4387407192.001475,3553180080.9990873
96,21740,10,4976441296.944377,5463753498.007546
97,21740,1,3967952950.2935967,188892015.9726228
97,21740,2,7288725189.180716,1140975363.7916822
97,21740,3,21859810907.540604,6664546765.854195
97,21740,4,204544839025.76883,87901737478.30135
97,21740,5,31292911985.213596,15685328470.136051
97,21740,6,5775466054.173037,3574841196.6776924
97,21740,7,4624557827.998838,3298566832.477931
97,21740,8,4793699377.378307,3383754599.213451
97,21740,9,1544888587.4804106,1292351695.0583818
97,21740,10,2375003912.7255387,2263649540.526614
98,21740,1,24399770714.751793,1088355872.3000252
98,21740,2,25510424074.16825,3384821698.7581525
98,21740,3,103945028750.28679,29788074472.707397
98,21740,4,1076232246643.2153,469909394607.2831
98,21740,5,218033408705.65448,115233913817.37254
98,21740,6,83581769729.57257,47442785707.25039
98,21740,7,44716164834.42615,31287361573.396782
98,21740,8,78227654699.60942,61531184237.92097
98,21740,9,15942726964.540285,11815364667.480577
98,21740,10,13896156908.576971,13448864312.335093
99,21740,1,1515337042.873559,56268446.78577394
99,21740,2,18775918800.296726,4419734548.438454
99,21740,3,101743887801.42027,26122882474.083717
99,21740,4,447878350424.766,179821726877.52167
99,21740,5,74769635705.40031,36257726736.12719
99,21740,6,12978949554.080353,7383557275.8451
99,21740,7,5742170598.737241,3738169313.969824
99,21740,8,12092435683.955997,8191638610.728119
99,21740,9,2881259897.692807,2524762280.825947
99,21740,10,682005058.1123234,871966275.5626843
100,21740,1,11240719865.205572,468597014.70183885
100,21740,2,16695938477.50728,2508176846.026501
100,21740,3,51004463002.52613,14624231178.336784
100,21740,4,522102630685.961,230642477174.10776
100,21740,5,113408454791.60518,59673728893.64512
100,21740,6,27256495620.563335,15883919512.41937
100,21740,7,23840118242.61909,17485122272.372288
100,21740,8,40812723026.28172,28658654662.979965
100,21740,9,391752432.7229805,301993843.35717756
100,21740,10,4017350574.178821,5788733987.091952
