specimen_id,event_id,organism_weight,fork_length
4768,33,0.664,46.0
4796,33,0.992,54.0
5755,37,0.016,14.0
5770,40,1.204,56.0
5771,40,0.904,50.0
5772,40,1.046,56.0
5773,40,0.634,46.0
5774,40,1.11,58.0
5775,40,0.826,50.0
5776,40,0.962,53.0
5777,40,0.848,50.0
5778,40,0.616,44.0
5779,40,0.622,45.0
5780,40,1.26,59.0
5781,40,1.032,55.0
5782,40,1.21,56.0
5783,40,1.116,59.0
5784,40,0.966,52.0
5785,40,0.836,51.0
5786,40,0.75,48.0
5787,40,0.804,49.0
5788,40,1.288,55.0
5789,40,0.872,50.0
5790,40,0.522,44.0
5791,40,1.112,55.0
5792,40,0.662,46.0
5793,40,0.83,50.0
2588,21,0.738,47.0
2589,21,0.634,47.0
2590,21,1.11,53.0
2591,21,1.12,53.0
2592,21,0.024,16.0
2593,21,0.014,14.0
2594,21,0.594,45.0
2595,21,1.018,54.0
2596,21,0.98,54.0
2597,21,1.276,57.0
3671,25,1.312,55.0
3672,25,1.022,55.0
3673,25,1.382,60.0
3674,25,0.588,46.0
3675,25,0.74,51.0
3676,25,0.898,50.0
3677,25,0.764,51.0
3678,25,0.528,42.0
3679,25,0.792,50.0
3680,25,0.9,49.0
3681,25,0.912,52.0
3682,25,0.838,52.0
3683,25,0.942,53.0
3684,25,0.588,49.0
3685,25,0.554,45.0
3686,25,0.872,54.0
3687,25,0.722,50.0
3688,25,0.632,51.0
3689,25,0.852,51.0
3690,25,1.016,58.0
3691,25,0.534,44.0
3692,25,0.734,47.0
3693,25,0.728,48.0
3694,25,1.078,57.0
3695,25,1.958,65.0
3696,25,0.806,51.0
3697,25,1.178,55.0
3698,25,1.36,60.0
3699,25,1.306,59.0
4855,33,1.206,55.0
4856,33,0.922,53.0
4857,33,1.252,60.0
4858,33,1.004,53.0
4859,33,1.13,57.0
4860,33,0.9,53.0
4861,33,0.79,47.0
4862,33,1.062,56.0
4863,33,1.37,58.0
4864,33,0.97,53.0
4865,33,1.084,56.0
4866,33,1.206,60.0
4867,33,1.004,52.0
4868,33,1.144,57.0
5794,40,1.096,54.0
5795,40,0.982,52.0
5796,40,1.064,54.0
5797,40,0.82,51.0
5798,40,0.782,49.0
5799,40,1.242,60.0
5800,40,0.472,42.0
5801,40,0.088,24.0
5802,40,0.026,18.0
2702,21,0.668,46.0
2703,21,1.0,53.0
2704,21,0.792,49.0
2705,21,1.056,56.0
2706,21,1.044,57.0
2707,21,1.264,56.0
2709,22,0.728,47.0
2710,22,0.694,46.0
2711,22,0.53,44.0
2712,22,1.032,52.0
2713,22,0.612,46.0
2714,22,0.526,43.0
2715,22,1.33,60.0
2716,22,0.61,45.0
2717,22,0.832,51.0
2718,22,0.582,46.0
3700,25,0.788,48.0
3701,25,1.196,55.0
3702,25,0.794,49.0
3703,25,1.156,56.0
3704,25,1.18,55.0
3705,25,0.7,46.0
3706,25,0.934,50.0
3707,25,0.98,52.0
3708,25,0.596,50.0
3709,25,0.78,48.0
3710,25,0.906,53.0
3711,25,1.392,59.0
3712,25,0.974,56.0
3713,25,0.718,47.0
3714,25,0.974,54.0
3715,25,0.892,53.0
3716,25,0.904,51.0
3717,25,0.97,51.0
3718,25,0.664,50.0
3719,25,1.004,53.0
3720,25,0.87,54.0
3721,25,0.692,49.0
3722,25,1.048,54.0
3723,25,0.74,48.0
3724,25,0.868,50.0
3725,25,0.776,50.0
4869,33,0.686,49.0
4870,33,1.122,57.0
4871,33,0.79,50.0
4872,33,1.132,55.0
4873,33,1.15,59.0
4874,33,0.974,52.0
4875,33,1.014,52.0
4876,33,1.468,59.0
4877,33,0.526,47.0
4878,33,1.088,55.0
4879,33,0.864,54.0
4880,33,1.12,54.0
4881,33,0.718,49.0
4882,33,1.086,56.0
4883,33,1.25,57.0
4884,33,0.924,52.0
4885,33,1.074,54.0
4886,33,1.1,56.0
4887,33,1.172,57.0
4888,33,1.262,56.0
4889,33,1.242,59.0
4890,33,1.108,58.0
4891,33,0.928,53.0
4892,33,1.058,53.0
4893,33,0.756,51.0
4894,33,1.404,62.0
4895,33,0.914,52.0
4896,33,1.028,57.0
4897,33,1.098,56.0
5939,40,0.812,48.0
5940,40,1.144,56.0
2719,22,0.914,51.0
2720,22,0.936,53.0
2721,22,0.786,50.0
2722,22,0.738,49.0
2723,22,0.852,51.0
2724,22,0.916,51.0
2725,22,0.554,46.0
2726,22,1.052,55.0
2727,22,0.676,48.0
2728,22,0.63,46.0
2729,22,0.25,33.0
2730,22,0.76,48.0
2731,22,0.666,47.0
2732,22,0.772,48.0
2733,22,0.422,42.0
2734,22,0.782,50.0
2735,22,0.928,49.0
2736,22,0.954,50.0
2737,22,0.6,48.0
2738,22,0.574,45.0
2739,22,0.604,46.0
2740,22,0.794,48.0
2741,22,1.09,52.0
2742,22,0.658,44.0
2743,22,1.31,54.0
2744,22,0.652,46.0
2745,22,0.796,48.0
2746,22,0.702,49.0
2747,22,0.712,47.0
4898,33,1.094,56.0
4899,33,1.194,54.0
4900,33,1.166,55.0
4901,33,0.85,52.0
4902,33,1.226,58.0
4903,33,1.254,59.0
4904,33,0.96,52.0
4905,33,1.338,59.0
4906,33,1.16,56.0
4907,33,0.988,52.0
4908,33,1.306,58.0
4909,33,0.924,51.0
4910,33,1.076,53.0
5967,40,0.694,47.0
5968,40,0.818,51.0
5969,40,0.658,46.0
5970,40,1.142,56.0
5971,40,0.862,54.0
5972,40,1.126,54.0
5973,40,0.666,49.0
5974,40,0.862,52.0
5975,40,1.412,58.0
5976,40,0.716,47.0
5977,40,0.87,51.0
5978,40,0.668,46.0
5979,40,1.298,61.0
5980,40,0.796,49.0
5981,40,0.778,48.0
5982,40,1.07,54.0
5983,40,0.724,48.0
5984,40,0.77,52.0
5985,40,0.814,50.0
5986,40,0.764,49.0
5987,40,1.094,56.0
2748,22,0.842,49.0
2749,22,1.126,51.0
2750,22,0.842,49.0
2751,22,0.64,45.0
2752,22,1.06,52.0
2753,22,0.562,45.0
2754,22,0.698,49.0
2755,22,0.698,47.0
2756,22,0.828,49.0
2757,22,0.95,51.0
2758,22,0.54,43.0
2759,22,0.76,50.0
4980,34,0.782,49.0
4981,34,0.808,52.0
4982,34,1.214,55.0
4983,34,0.01,12.0
4984,34,0.012,13.0
4985,34,0.014,13.0
4986,34,0.026,16.0
4987,34,0.026,16.0
4988,34,0.014,14.0
4989,34,0.01,12.0
4990,34,0.018,14.0
4991,34,0.018,15.0
4992,34,0.012,13.0
4993,34,0.012,12.0
4994,34,0.012,13.0
4995,34,0.014,14.0
4996,34,0.01,13.0
4997,34,0.006,10.0
5000,34,0.842,49.0
5001,34,1.166,56.0
5002,34,0.722,50.0
5003,34,0.798,50.0
5004,34,0.846,50.0
5005,34,0.786,49.0
5006,34,1.044,53.0
5007,34,0.648,47.0
5008,34,1.082,56.0
5009,34,0.85,50.0
5010,34,0.92,52.0
5011,34,0.78,50.0
5012,34,1.104,58.0
5013,34,0.95,49.0
5014,34,1.258,58.0
5015,34,1.41,57.0
5016,34,0.842,53.0
5017,34,1.124,56.0
5018,34,0.992,53.0
5019,34,1.184,59.0
5020,34,0.84,48.0
5069,34,0.912,51.0
5070,34,1.012,56.0
5071,34,0.958,52.0
5072,34,0.842,52.0
5073,34,0.772,51.0
5074,34,0.742,47.0
5075,34,0.748,48.0
6385,41,0.648,47.0
6386,41,0.98,51.0
6387,41,0.61,42.0
6388,41,0.908,50.0
6389,41,1.184,55.0
6390,41,0.934,51.0
6391,41,0.546,43.0
6392,41,0.774,48.0
6393,41,0.924,50.0
6394,41,0.764,48.0
6395,41,0.868,51.0
6396,41,0.972,51.0
6397,41,0.952,53.0
6398,41,0.808,49.0
6399,41,0.57,44.0
6400,41,0.012,12.0
6401,41,0.01,12.0
6402,41,0.016,14.0
6403,41,0.018,14.0
6404,41,0.124,27.0
4051,26,1.138,53.0
4052,26,0.996,50.0
4053,26,0.746,45.0
4054,26,1.054,51.0
4055,26,0.642,43.0
4056,26,0.736,46.0
4057,26,0.928,49.0
4058,26,0.94,49.0
4059,26,1.276,54.0
4060,26,0.92,49.0
4061,26,0.762,46.0
4062,26,0.94,52.0
4063,26,0.912,46.0
4064,26,0.706,45.0
4065,26,0.942,48.0
4066,26,1.414,55.0
4067,26,0.784,46.0
4068,26,0.574,44.0
4069,26,0.704,47.0
4070,26,0.908,47.0
4071,26,1.144,52.0
4072,26,1.152,53.0
4073,26,0.682,45.0
4074,26,0.676,44.0
5076,34,0.814,49.0
5077,34,0.846,51.0
5078,34,1.016,52.0
5079,34,0.728,48.0
5080,34,0.86,50.0
5081,34,0.978,54.0
5082,34,0.972,55.0
5083,34,1.036,53.0
5084,34,0.806,48.0
5085,34,0.804,50.0
5086,34,0.764,48.0
5087,34,1.222,56.0
5088,34,0.662,44.0
5089,34,0.854,51.0
5090,34,1.158,55.0
5091,34,0.636,45.0
5092,34,0.754,49.0
5093,34,0.768,48.0
5094,34,0.716,49.0
5095,34,1.034,53.0
5096,34,1.002,55.0
5097,34,0.706,49.0
5098,34,0.994,53.0
5099,34,0.902,51.0
5100,34,0.654,48.0
5101,34,0.798,53.0
5102,34,1.066,54.0
5103,34,0.578,45.0
5104,34,1.03,53.0
5105,34,1.068,55.0
5106,34,0.014,13.0
5107,34,0.024,15.0
4075,26,1.068,50.0
4076,26,1.156,51.0
4077,26,1.024,49.0
4078,26,0.818,47.0
4079,26,0.796,45.0
4080,26,1.124,57.0
4081,26,0.674,44.0
4082,26,1.306,52.0
4083,26,0.742,47.0
4084,26,0.892,50.0
4085,26,0.748,45.0
4086,26,0.854,46.0
4087,26,0.846,48.0
4088,26,0.938,48.0
4089,26,1.206,54.0
4090,26,0.74,45.0
4091,26,0.752,46.0
4092,26,0.716,44.0
4093,26,0.786,45.0
4094,26,0.728,44.0
4095,26,0.728,47.0
4096,26,0.726,45.0
4097,26,0.886,49.0
4098,26,0.798,48.0
4099,26,0.856,48.0
4100,26,0.692,44.0
4101,26,1.276,55.0
4102,26,0.684,44.0
4103,26,0.75,46.0
4104,26,1.122,50.0
5206,34,0.01,12.0
6284,41,0.652,45.0
6285,41,0.974,52.0
6286,41,0.854,49.0
6287,41,0.902,53.0
6288,41,0.822,46.0
6289,41,0.864,49.0
6290,41,0.858,54.0
6291,41,0.614,43.0
6292,41,0.966,55.0
6293,41,0.888,49.0
6294,41,0.744,48.0
6295,41,0.818,48.0
6348,41,0.688,46.0
4105,26,0.73,47.0
4106,26,0.234,31.0
4107,26,0.842,48.0
4108,26,0.61,45.0
4109,26,0.65,45.0
4110,26,0.89,51.0
4111,26,0.754,44.0
4112,26,0.732,46.0
4113,26,1.186,51.0
4114,26,0.88,50.0
4115,26,0.882,47.0
5207,34,0.016,14.0
5208,34,0.012,13.0
5209,34,0.016,14.0
5210,34,0.01,12.0
5211,34,0.014,13.0
5212,34,0.012,13.0
5213,34,0.01,12.0
5214,34,0.026,17.0
5215,34,0.03,18.0
5216,34,0.032,17.0
5217,34,0.016,13.0
5218,34,0.024,17.0
5219,34,0.01,12.0
5220,34,0.018,15.0
5221,34,0.016,14.0
5222,34,0.01,12.0
5223,34,0.014,14.0
5224,34,0.014,14.0
5225,34,0.01,12.0
5226,34,0.012,12.0
5227,34,0.008,12.0
5228,34,0.012,13.0
5229,34,0.006,10.0
5230,34,0.01,12.0
5231,34,0.012,13.0
3210,24,0.112,26.0
3211,24,0.772,49.0
3212,24,0.792,50.0
3213,24,0.73,51.0
3214,24,0.662,47.0
3215,24,1.382,58.0
3216,24,0.622,47.0
3217,24,0.892,51.0
3218,24,0.822,51.0
3219,24,1.172,56.0
3220,24,1.372,56.0
3221,24,0.146,28.0
3222,24,0.786,48.0
3223,24,0.89,54.0
3224,24,0.62,50.0
3225,24,0.68,46.0
3226,24,0.876,50.0
3227,24,0.874,52.0
3228,24,0.196,30.0
3229,24,0.51,43.0
3230,24,1.066,56.0
3231,24,0.674,50.0
3232,24,0.624,48.0
3233,24,0.658,45.0
3234,24,0.686,48.0
6278,41,0.904,51.0
6279,41,0.81,49.0
6280,41,0.786,47.0
6281,41,0.55,45.0
6282,41,0.958,51.0
6283,41,0.816,48.0
3235,24,0.73,46.0
3236,24,0.84,50.0
3237,24,0.704,46.0
3238,24,0.206,31.0
3239,24,0.122,26.0
3240,24,0.148,28.0
3241,24,0.124,27.0
3242,24,0.144,28.0
3243,24,0.184,31.0
3244,24,0.144,28.0
3245,24,0.096,24.0
3246,24,0.35,38.0
3247,24,1.186,56.0
3248,24,0.96,52.0
3249,24,0.81,50.0
3250,24,0.664,47.0
3251,24,1.256,56.0
3252,24,0.9,51.0
3253,24,0.76,49.0
3254,24,0.168,29.0
3255,24,0.104,25.0
3256,24,1.156,55.0
3257,24,0.588,44.0
3258,24,0.83,50.0
3259,24,0.916,52.0
3260,24,0.8,49.0
3261,24,0.628,45.0
3262,24,0.802,51.0
3263,24,0.142,27.0
4302,32,0.782,49.0
4303,32,0.802,48.0
4304,32,1.184,55.0
4305,32,1.036,55.0
4306,32,0.804,50.0
4307,32,0.804,50.0
4308,32,0.946,51.0
4309,32,1.114,53.0
4310,32,0.806,48.0
4311,32,0.828,50.0
4312,32,0.89,51.0
4313,32,0.986,57.0
4314,32,0.392,38.0
4315,32,0.482,42.0
4316,32,1.046,54.0
4317,32,0.878,51.0
4318,32,0.734,48.0
4319,32,0.89,52.0
4320,32,0.732,48.0
4321,32,0.874,52.0
4322,32,0.846,53.0
4323,32,0.818,49.0
4324,32,1.036,53.0
6352,41,0.914,50.0
6353,41,0.644,45.0
6354,41,0.6,44.0
6355,41,0.994,52.0
6356,41,0.846,49.0
6357,41,0.738,47.0
6358,41,0.65,49.0
6359,41,1.202,54.0
6360,41,0.76,49.0
6361,41,0.814,50.0
6362,41,0.674,48.0
6363,41,1.018,51.0
6364,41,0.896,51.0
6365,41,0.934,51.0
6366,41,0.518,41.0
6367,41,0.74,47.0
6368,41,0.696,48.0
6369,41,0.732,46.0
6370,41,0.744,48.0
6371,41,0.704,45.0
6372,41,0.706,52.0
6373,41,1.096,55.0
6374,41,0.842,49.0
6375,41,0.99,52.0
6376,41,0.838,50.0
6377,41,0.85,52.0
6378,41,0.732,47.0
6379,41,0.93,48.0
6380,41,0.436,40.0
6381,41,0.578,42.0
6382,41,0.852,50.0
6383,41,0.772,46.0
6384,41,0.764,47.0
3264,24,0.148,28.0
3265,24,0.542,43.0
3266,24,0.738,48.0
3267,24,1.576,62.0
3268,24,1.084,56.0
3269,24,0.778,50.0
3270,24,1.102,53.0
3271,24,0.158,30.0
3272,24,0.534,42.0
3273,24,0.748,47.0
3274,24,0.76,48.0
3275,24,1.102,50.0
3276,24,0.59,45.0
3277,24,0.65,46.0
3278,24,0.092,24.0
3279,24,0.122,26.0
3280,24,0.108,25.0
3281,24,0.018,15.0
3282,24,0.018,15.0
3283,24,0.016,14.0
3284,24,0.014,13.0
3285,24,0.016,14.0
3286,24,0.02,15.0
3287,24,0.014,13.0
3288,24,0.02,14.0
3289,24,0.012,13.0
3290,24,0.014,13.0
3291,24,0.014,13.0
3292,24,0.012,12.0
3293,24,0.032,18.0
3294,24,0.016,14.0
3295,24,0.02,15.0
3296,24,0.016,14.0
3297,24,0.02,15.0
3298,24,0.026,16.0
3299,24,0.03,17.0
4325,32,0.912,53.0
4326,32,1.018,53.0
4327,32,1.066,53.0
4328,32,1.094,58.0
4329,32,0.998,55.0
4330,32,0.888,51.0
4331,32,0.85,51.0
4369,32,0.916,50.0
4370,32,1.198,58.0
4371,32,0.912,53.0
4372,32,0.978,51.0
2293,20,1.372,56.0
2294,20,1.094,56.0
2295,20,0.956,55.0
2296,20,0.806,53.0
4453,32,0.932,51.0
4454,32,0.64,46.0
4455,32,0.024,16.0
4456,32,0.036,19.0
2297,20,0.754,53.0
2298,20,0.728,51.0
2299,20,0.834,51.0
2300,20,0.744,51.0
4569,32,0.832,49.0
4574,32,0.802,49.0
4575,32,1.022,55.0
5658,37,0.09,24.0
5659,37,0.138,27.0
5660,37,0.172,29.0
5661,37,0.17,30.0
5662,37,0.096,24.0
5663,37,0.12,27.0
5664,37,0.09,24.0
5665,37,0.14,27.0
5666,37,0.14,28.0
5667,37,0.116,26.0
5668,37,0.14,28.0
5669,37,0.216,30.0
5670,37,0.146,28.0
5671,37,0.088,25.0
5672,37,0.052,20.0
5673,37,0.164,29.0
5674,37,0.11,26.0
5675,37,0.118,26.0
5676,37,0.094,25.0
5677,37,0.128,26.0
5678,37,0.082,23.0
5679,37,0.12,27.0
4576,32,1.144,53.0
4577,32,0.65,46.0
4578,32,1.018,52.0
4579,32,0.922,51.0
4580,32,1.02,51.0
4581,32,0.972,55.0
4582,32,0.562,45.0
4583,32,0.778,46.0
4584,32,0.734,47.0
4585,32,0.964,52.0
4586,32,0.724,48.0
4587,32,0.93,52.0
4588,32,0.778,47.0
4589,32,0.544,44.0
4590,32,1.212,55.0
4591,32,1.064,52.0
4592,32,0.742,48.0
4606,32,0.99,48.0
4607,32,0.844,50.0
4608,32,1.166,56.0
4609,32,1.108,52.0
4610,32,1.09,54.0
4611,32,1.1,56.0
4612,32,0.788,48.0
4613,32,0.762,50.0
4614,32,0.906,50.0
4615,32,0.704,48.0
4616,32,0.696,47.0
4617,32,0.636,46.0
5698,37,0.612,43.0
5699,37,0.756,47.0
5700,37,0.666,48.0
5701,37,0.954,54.0
5702,37,0.744,47.0
5703,37,0.618,46.0
5704,37,0.766,48.0
5705,37,0.51,42.0
5706,37,0.67,47.0
5707,37,0.72,47.0
5708,37,0.604,51.0
5709,37,0.766,49.0
5710,37,0.518,42.0
5711,37,0.754,49.0
5712,37,0.602,43.0
5713,37,0.712,46.0
5714,37,1.122,55.0
5715,37,0.824,48.0
5716,37,0.774,50.0
5717,37,0.634,44.0
5718,37,0.766,48.0
5719,37,0.738,48.0
5720,37,0.664,46.0
5721,37,0.958,53.0
5722,37,0.782,47.0
5723,37,0.78,48.0
5724,37,0.6,45.0
5725,37,0.604,46.0
2545,21,1.19,55.0
2546,21,0.8,51.0
2547,21,0.898,51.0
2548,21,0.744,49.0
2549,21,0.916,51.0
2550,21,1.04,52.0
2551,21,0.84,49.0
2552,21,1.402,60.0
2553,21,0.9,50.0
3664,25,1.05,54.0
3665,25,0.916,50.0
3666,25,1.078,57.0
3667,25,1.38,58.0
3668,25,1.03,53.0
3669,25,1.13,54.0
3670,25,0.712,50.0
5726,37,0.734,47.0
5727,37,0.346,37.0
5728,37,0.582,43.0
5729,37,0.67,48.0
5730,37,1.046,51.0
5731,37,0.738,47.0
5732,37,0.806,48.0
5733,37,0.63,46.0
5734,37,0.72,47.0
5735,37,0.668,44.0
5736,37,0.688,47.0
5737,37,0.512,41.0
5738,37,0.686,48.0
5739,37,0.636,47.0
5740,37,0.614,43.0
5741,37,0.636,46.0
5742,37,0.858,49.0
5743,37,0.614,43.0
5744,37,0.834,48.0
5745,37,0.772,50.0
5746,37,0.036,17.0
5747,37,0.016,14.0
5748,37,0.05,20.0
5749,37,0.016,14.0
5750,37,0.028,17.0
5751,37,0.02,14.0
5752,37,0.038,18.0
5753,37,0.016,14.0
5754,37,0.01,12.0
2554,21,1.35,56.0
2555,21,0.778,52.0
2556,21,0.782,54.0
2557,21,0.886,50.0
2558,21,1.204,54.0
2565,21,0.678,47.0
2566,21,0.624,47.0
2567,21,0.69,47.0
2568,21,0.87,50.0
2569,21,0.79,49.0
2570,21,0.616,46.0
2571,21,0.586,45.0
2572,21,0.97,54.0
2573,21,0.7,47.0
2574,21,0.864,51.0
2575,21,1.05,55.0
2576,21,0.906,52.0
2577,21,0.672,48.0
2578,21,1.158,56.0
2579,21,1.188,53.0
2580,21,0.56,44.0
2581,21,1.13,57.0
2582,21,1.13,55.0
2583,21,1.002,52.0
2584,21,1.286,58.0
2585,21,1.332,55.0
2586,21,0.99,53.0
2587,21,1.082,55.0
1136,14,0.59,43.0
1137,14,0.844,52.0
1138,14,0.838,50.0
1139,14,0.82,51.0
1140,14,0.732,44.0
1141,14,0.698,46.0
1142,14,0.864,47.0
1143,14,0.53,43.0
1144,14,0.664,46.0
1145,14,0.512,41.0
1146,14,0.986,52.0
1147,14,0.77,49.0
1148,14,1.148,54.0
1149,14,0.714,49.0
1150,14,1.098,50.0
1151,14,1.042,51.0
1152,14,0.756,46.0
1153,14,0.684,44.0
1154,14,0.578,43.0
1155,14,1.026,50.0
2165,20,1.136,56.0
2166,20,0.814,50.0
2167,20,0.666,51.0
2168,20,1.064,58.0
2169,20,1.166,55.0
2170,20,1.268,56.0
2171,20,0.68,49.0
2172,20,0.904,53.0
2173,20,0.698,47.0
2174,20,0.868,51.0
2175,20,0.58,44.0
2176,20,0.7,49.0
2177,20,1.196,55.0
2178,20,0.652,48.0
2179,20,0.02,15.0
2180,20,0.016,14.0
2181,20,0.018,14.0
2182,20,0.02,15.0
2183,20,0.016,14.0
2184,20,0.014,13.0
42,3,0.86,51.0
43,3,1.232,57.0
44,3,1.716,60.0
45,3,0.668,49.0
46,3,1.468,59.0
47,3,2.17,65.0
48,3,1.44,61.0
49,3,0.978,51.0
50,3,1.826,63.0
51,3,1.5,60.0
52,3,1.464,60.0
1156,14,0.774,47.0
1157,14,0.794,46.0
1158,14,0.886,47.0
1159,14,0.772,46.0
1160,14,1.004,50.0
1161,14,0.702,46.0
1162,14,0.566,44.0
1163,14,0.79,47.0
1164,14,0.768,48.0
1165,14,0.644,46.0
1166,14,1.17,54.0
1167,14,1.088,54.0
1168,14,0.768,49.0
1169,14,0.826,48.0
1170,14,0.7,47.0
1171,14,0.742,45.0
53,3,0.634,46.0
54,3,1.126,58.0
55,3,0.866,50.0
56,3,1.62,62.0
57,3,1.55,58.0
58,3,1.034,53.0
59,3,1.3,59.0
60,3,1.492,60.0
61,3,1.026,55.0
62,3,1.234,54.0
63,3,0.928,56.0
64,3,1.724,62.0
65,3,1.0,57.0
66,3,1.474,59.0
67,3,1.516,57.0
68,3,1.034,54.0
69,3,0.854,53.0
70,3,1.256,56.0
71,3,0.886,51.0
72,3,1.908,65.0
73,3,1.972,64.0
74,3,1.404,57.0
75,3,0.14,28.0
1221,14,0.772,49.0
1222,14,0.982,51.0
1223,14,0.63,44.0
1224,14,0.754,46.0
1225,14,0.386,43.0
1226,14,0.992,52.0
1227,14,0.762,49.0
1228,14,1.034,51.0
1229,14,0.512,40.0
1230,14,0.626,45.0
1231,14,0.85,51.0
1232,14,0.664,46.0
1233,14,0.77,49.0
1234,14,0.996,55.0
1235,14,0.73,45.0
1236,14,1.012,51.0
1237,14,1.126,54.0
1238,14,0.878,50.0
1239,14,0.798,48.0
1240,14,0.604,46.0
1241,14,0.536,42.0
1242,14,0.786,48.0
1243,14,0.588,46.0
1244,14,0.956,51.0
1245,14,0.714,46.0
1246,14,0.716,48.0
1247,14,0.682,45.0
139,4,1.328,55.0
140,4,1.594,59.0
141,4,1.728,57.0
142,4,1.184,56.0
143,4,1.334,57.0
144,4,1.66,61.0
145,4,1.106,52.0
146,4,1.696,57.0
147,4,1.886,62.0
148,4,1.794,60.0
149,4,1.776,60.0
150,4,1.722,60.0
151,4,1.64,61.0
152,4,1.612,59.0
153,4,1.416,59.0
154,4,1.814,60.0
155,4,1.476,61.0
156,4,2.076,63.0
157,4,0.962,53.0
158,4,1.066,54.0
159,4,1.224,55.0
160,4,0.904,53.0
161,4,1.026,54.0
162,4,1.466,56.0
163,4,1.904,59.0
164,4,1.214,56.0
165,4,1.59,60.0
166,4,1.34,56.0
167,4,1.23,53.0
168,4,1.516,57.0
169,4,1.414,56.0
170,4,1.4,56.0
171,4,1.546,59.0
172,4,1.942,60.0
173,4,1.89,62.0
174,4,1.49,55.0
175,4,1.448,56.0
176,4,0.768,50.0
177,4,1.198,55.0
178,4,1.494,60.0
179,4,1.23,56.0
180,4,1.836,61.0
181,4,1.022,52.0
182,4,1.56,59.0
183,4,1.414,58.0
184,4,1.382,54.0
185,4,1.974,64.0
186,4,1.274,55.0
187,4,1.474,57.0
188,4,1.548,60.0
189,4,1.794,64.0
190,4,1.07,51.0
191,4,1.62,57.0
192,4,1.558,59.0
193,4,1.468,60.0
194,4,1.91,63.0
195,4,0.998,55.0
196,4,1.23,55.0
197,4,1.84,62.0
198,4,1.21,55.0
199,4,1.466,57.0
200,4,1.898,63.0
201,4,1.488,56.0
202,4,1.616,58.0
203,4,1.706,57.0
204,4,1.75,57.0
205,4,0.924,53.0
206,4,1.414,56.0
207,4,1.882,61.0
208,4,1.888,60.0
209,4,1.124,53.0
210,4,2.21,64.0
211,4,1.604,58.0
212,4,2.444,69.0
213,4,1.65,60.0
214,4,1.418,59.0
215,4,1.716,60.0
216,4,1.418,59.0
217,4,1.768,58.0
218,4,1.068,55.0
219,4,1.856,61.0
220,4,0.752,50.0
221,4,1.326,55.0
222,4,1.48,57.0
223,4,1.8,59.0
224,4,1.136,55.0
225,4,1.258,55.0
226,4,1.044,55.0
227,4,2.026,63.0
228,4,1.26,56.0
229,4,1.928,63.0
230,4,1.638,59.0
231,4,1.43,57.0
232,4,2.036,65.0
233,4,1.406,55.0
234,4,1.676,57.0
235,4,1.44,57.0
236,4,1.594,59.0
237,4,1.488,58.0
238,4,1.574,60.0
239,4,1.502,58.0
240,4,1.29,55.0
241,4,1.322,54.0
242,4,1.624,58.0
243,4,1.338,56.0
244,4,1.424,55.0
245,4,1.108,55.0
246,4,0.808,53.0
247,4,1.086,56.0
248,4,1.266,54.0
249,4,1.476,56.0
250,4,1.096,56.0
251,4,1.528,56.0
252,4,1.33,58.0
253,4,1.096,53.0
254,4,1.738,58.0
255,4,1.288,60.0
256,4,1.15,56.0
1544,15,0.566,46.0
1545,15,0.622,47.0
1546,15,0.622,47.0
1547,15,0.768,48.0
1653,15,0.786,53.0
1654,15,0.7,47.0
1655,15,0.866,51.0
1656,15,0.758,49.0
1657,15,0.85,48.0
1658,15,0.832,49.0
1659,15,0.6,43.0
1660,15,0.664,46.0
1661,15,0.594,44.0
1662,15,0.758,51.0
1663,15,0.592,46.0
1664,15,0.736,46.0
1665,15,0.828,47.0
1666,15,0.98,51.0
1667,15,0.628,45.0
1668,15,0.548,42.0
1669,15,0.732,46.0
1670,15,0.876,47.0
1671,15,0.724,45.0
1672,15,0.674,47.0
1673,15,0.476,39.0
1674,15,0.91,49.0
1675,15,0.586,46.0
1676,15,0.4,43.0
1677,15,0.446,42.0
1678,15,0.518,42.0
1679,15,0.76,47.0
1680,15,0.228,31.0
1681,15,0.606,43.0
1682,15,0.746,47.0
1683,15,0.666,45.0
1684,15,0.68,46.0
1685,15,0.534,44.0
1686,15,0.766,49.0
1751,15,0.816,51.0
1752,15,1.074,48.0
1753,15,0.79,48.0
1754,15,0.79,49.0
1755,15,0.684,47.0
1756,15,0.836,50.0
1757,15,0.826,48.0
1758,15,0.638,47.0
1759,15,0.804,48.0
1760,15,0.742,49.0
1761,15,0.652,48.0
1762,15,0.626,44.0
1763,15,0.578,44.0
1764,15,0.67,45.0
1765,15,0.628,47.0
1766,15,0.254,33.0
1767,15,0.686,48.0
1768,15,0.656,45.0
1769,15,0.752,50.0
1770,15,0.984,51.0
1771,15,0.988,50.0
1772,15,0.712,49.0
1773,15,0.71,47.0
1774,15,0.958,53.0
618,9,0.786,49.0
619,9,1.146,54.0
620,9,1.232,56.0
621,9,0.99,52.0
622,9,1.2,53.0
623,9,0.804,49.0
624,9,1.31,56.0
625,9,0.974,50.0
626,9,1.07,50.0
627,9,1.388,57.0
628,9,0.782,49.0
629,9,1.016,55.0
630,9,0.918,50.0
631,9,0.556,43.0
632,9,1.086,52.0
638,9,1.118,54.0
639,9,1.178,55.0
640,9,0.84,51.0
641,9,0.632,46.0
642,9,0.984,53.0
643,9,1.362,58.0
644,9,1.074,53.0
645,9,1.13,51.0
1775,15,0.618,46.0
1776,15,0.846,50.0
646,9,1.034,51.0
647,9,0.904,51.0
648,9,1.252,54.0
649,9,0.758,48.0
650,9,1.12,52.0
651,9,0.786,45.0
652,9,1.014,50.0
653,9,1.184,52.0
654,9,1.32,62.0
655,9,1.534,58.0
656,9,1.168,54.0
657,9,1.038,52.0
658,9,1.066,53.0
659,9,1.096,54.0
660,9,1.354,55.0
661,9,0.698,50.0
662,9,0.618,48.0
663,9,1.192,54.0
1892,19,0.746,48.0
1893,19,0.912,50.0
1894,19,0.954,53.0
1895,19,0.976,52.0
1896,19,0.19,31.0
1897,19,1.512,63.0
1898,19,1.188,58.0
1899,19,0.77,49.0
1900,19,0.932,50.0
1901,19,0.562,44.0
1902,19,1.64,58.0
1903,19,1.582,54.0
1904,19,0.962,51.0
1905,19,1.21,55.0
1906,19,1.134,54.0
1907,19,1.304,57.0
1908,19,1.414,56.0
1909,19,0.872,50.0
1910,19,0.988,51.0
1911,19,1.38,60.0
1912,19,1.392,58.0
1913,19,1.652,59.0
1914,19,0.966,55.0
1915,19,0.552,48.0
1916,19,0.712,49.0
1917,19,0.404,40.0
1918,19,1.114,58.0
1919,19,0.844,49.0
1920,19,0.682,48.0
1921,19,1.03,53.0
1922,19,0.826,51.0
1923,19,0.596,48.0
1924,19,0.976,54.0
1925,19,0.974,53.0
1926,19,0.65,45.0
1967,19,0.932,54.0
1968,19,0.71,48.0
1969,19,0.984,54.0
1970,19,0.65,46.0
1971,19,0.672,53.0
1972,19,0.74,48.0
869,10,0.854,48.0
870,10,0.926,48.0
871,10,1.422,55.0
872,10,0.706,45.0
873,10,1.012,53.0
874,10,0.554,43.0
875,10,1.096,50.0
2020,19,1.008,51.0
2021,19,1.19,56.0
2022,19,1.686,64.0
2023,19,1.268,58.0
2024,19,1.078,53.0
2025,19,0.878,50.0
926,10,0.7,47.0
927,10,1.002,52.0
928,10,0.724,46.0
2117,20,0.86,54.0
2118,20,1.118,52.0
2119,20,0.668,50.0
2120,20,1.224,57.0
2121,20,1.09,57.0
2122,20,0.856,51.0
2123,20,0.692,49.0
2124,20,1.074,55.0
2125,20,1.248,59.0
2126,20,0.748,49.0
2127,20,1.034,56.0
2128,20,0.998,56.0
2129,20,0.66,48.0
991,10,0.564,49.0
992,10,0.886,49.0
993,10,0.548,41.0
994,10,1.042,50.0
995,10,1.13,54.0
996,10,0.664,45.0
997,10,0.71,45.0
998,10,0.844,48.0
999,10,0.854,50.0
1000,10,0.586,42.0
1001,10,0.848,48.0
1002,10,0.938,52.0
1003,10,1.09,56.0
1004,10,1.036,52.0
1005,10,1.028,55.0
1006,10,0.72,47.0
1007,10,0.724,49.0
1008,10,0.894,53.0
1009,10,0.922,50.0
1010,10,1.512,58.0
1011,10,0.706,45.0
1012,10,0.792,49.0
1013,10,0.652,46.0
1014,10,0.732,46.0
1015,10,0.666,44.0
1016,10,1.302,58.0
2130,20,1.408,65.0
2131,20,0.948,52.0
2132,20,1.438,59.0
2133,20,0.39,41.0
2143,20,1.316,57.0
2144,20,1.188,58.0
2145,20,0.614,49.0
2146,20,1.044,53.0
2147,20,1.058,57.0
2148,20,0.638,48.0
2149,20,0.558,47.0
2150,20,0.738,49.0
2151,20,0.874,50.0
2152,20,1.272,56.0
2153,20,0.648,50.0
2154,20,0.72,48.0
2155,20,1.082,54.0
2156,20,1.144,56.0
2157,20,1.052,55.0
2158,20,0.884,54.0
2159,20,0.89,56.0
2160,20,0.982,53.0
2161,20,0.894,52.0
2162,20,1.184,59.0
2163,20,0.864,52.0
2164,20,1.348,63.0
1017,10,0.888,48.0
1018,10,0.912,48.0
1020,10,0.844,48.0
14511,90,0.732,47.0
14512,90,0.582,42.0
14513,90,0.5,42.0
14514,90,0.41,37.0
14515,90,0.674,48.0
14516,90,0.52,40.0
11116,68,0.798,51.0
11117,68,0.83,50.0
11118,68,0.636,45.0
11119,68,0.588,46.0
11120,68,0.72,48.0
11121,68,0.806,50.0
11122,68,0.732,48.0
11123,68,0.706,48.0
11124,68,0.76,49.0
11125,68,1.006,54.0
11126,68,1.054,52.0
11127,68,0.722,47.0
11128,68,0.752,49.0
12311,72,0.776,52.0
12312,72,0.74,49.0
12313,72,0.59,43.0
12314,72,0.42,40.0
12315,72,0.51,43.0
12316,72,0.706,46.0
12317,72,0.652,46.0
12318,72,0.626,45.0
12319,72,0.722,47.0
12320,72,0.676,47.0
12321,72,0.602,45.0
12322,72,0.65,46.0
12323,72,0.546,43.0
12324,72,0.788,48.0
12325,72,0.582,48.0
12326,72,0.592,43.0
12327,72,0.654,46.0
12328,72,0.496,41.0
11179,68,0.536,43.0
11180,68,0.846,51.0
11181,68,0.652,47.0
11182,68,0.928,53.0
11183,68,0.664,47.0
11184,68,0.742,46.0
11185,68,0.766,50.0
11186,68,0.672,46.0
11187,68,0.706,49.0
11188,68,0.676,46.0
11189,68,0.778,48.0
11190,68,0.728,49.0
11191,68,0.516,44.0
11192,68,0.914,49.0
11193,68,0.84,50.0
11194,68,0.452,44.0
11195,68,0.674,47.0
11196,68,0.54,45.0
11197,68,0.544,46.0
11198,68,0.734,48.0
12376,72,0.612,45.0
12377,72,0.778,49.0
12378,72,0.596,44.0
12379,72,0.848,50.0
12380,72,0.584,44.0
12381,72,0.378,38.0
12382,72,0.656,45.0
12383,72,0.552,48.0
12384,72,0.51,42.0
12385,72,0.46,39.0
12386,72,0.422,42.0
12387,72,0.594,45.0
12388,72,0.508,42.0
12389,72,0.58,43.0
12390,72,0.374,37.0
12391,72,0.564,42.0
12392,72,0.842,49.0
12393,72,0.312,34.0
12394,72,0.718,46.0
12395,72,0.39,37.0
11269,69,0.596,43.0
11270,69,0.772,50.0
11271,69,0.676,47.0
11272,69,0.552,44.0
11273,69,0.772,51.0
11274,69,0.568,44.0
11275,69,0.744,48.0
11276,69,0.528,42.0
11277,69,0.658,45.0
11278,69,0.626,46.0
11279,69,0.676,48.0
11280,69,0.64,46.0
11281,69,0.684,47.0
11282,69,0.642,47.0
11283,69,0.634,44.0
11284,69,0.62,45.0
11285,69,0.734,48.0
11286,69,0.724,50.0
11287,69,0.682,46.0
11288,69,0.51,41.0
12396,72,0.75,48.0
12419,72,0.36,39.0
12420,72,0.468,41.0
12421,72,0.44,40.0
12422,72,0.516,43.0
14860,91,0.264,34.0
14861,91,0.502,42.0
14862,91,0.698,48.0
11289,69,0.572,44.0
11290,69,0.628,44.0
11291,69,0.668,47.0
11292,69,0.652,46.0
11293,69,0.556,43.0
11294,69,0.912,52.0
11295,69,0.586,44.0
11296,69,0.624,44.0
11297,69,0.542,44.0
11298,69,0.548,43.0
11299,69,0.632,44.0
11300,69,0.652,47.0
11301,69,0.526,44.0
11302,69,0.67,46.0
11303,69,0.534,43.0
11304,69,0.02,15.0
11305,69,0.024,16.0
11306,69,0.02,15.0
11307,69,0.016,14.0
11308,69,0.016,14.0
11309,69,0.02,15.0
11310,69,0.022,16.0
11311,69,0.012,13.0
11312,69,0.018,14.0
11313,69,0.014,13.0
14863,91,0.684,47.0
14864,91,0.384,37.0
14865,91,0.462,39.0
14866,91,0.372,38.0
14867,91,0.106,24.0
14868,91,0.092,23.0
14869,91,0.604,46.0
14870,91,0.35,36.0
14871,91,0.752,47.0
14872,91,0.472,41.0
14873,91,0.09,23.0
14874,91,0.328,36.0
14875,91,0.3,35.0
15276,92,0.59,43.0
15277,92,0.808,50.0
15278,92,0.674,45.0
15279,92,0.718,48.0
15280,92,0.568,44.0
15281,92,0.646,46.0
15282,92,0.4,37.0
15283,92,0.734,46.0
15284,92,0.728,47.0
15285,92,0.71,47.0
15286,92,0.658,46.0
15287,92,0.448,38.0
15288,92,0.574,43.0
15289,92,0.606,45.0
15290,92,0.602,46.0
15291,92,0.738,46.0
15292,92,0.612,44.0
15293,92,0.648,45.0
15294,92,0.834,48.0
12778,73,0.05,20.0
12779,73,0.026,15.0
12780,73,0.016,14.0
12781,73,0.024,15.0
12782,73,0.022,17.0
12783,73,0.022,15.0
12784,73,0.022,15.0
12785,73,0.036,18.0
12786,73,0.036,17.0
12787,73,0.014,13.0
12788,73,0.022,15.0
12789,73,0.026,16.0
12790,73,0.022,15.0
12791,73,0.024,16.0
12792,73,0.02,16.0
12793,73,0.022,16.0
12794,73,0.022,17.0
12795,73,0.022,15.0
12796,73,0.016,14.0
12797,73,0.016,14.0
12798,73,0.024,15.0
12799,73,0.022,15.0
12800,73,0.02,14.0
12801,73,0.024,15.0
12802,73,0.026,16.0
12803,73,0.018,14.0
12804,73,0.012,12.0
12805,73,0.014,13.0
12806,73,0.02,14.0
12807,73,0.014,13.0
12808,73,0.016,14.0
12809,73,0.024,16.0
12810,73,0.028,16.0
15080,91,0.1,24.0
15081,91,0.168,28.0
15082,91,0.098,23.0
15083,91,0.32,36.0
15084,91,0.168,30.0
15085,91,0.368,37.0
15086,91,0.438,40.0
15087,91,0.618,46.0
15088,91,0.668,46.0
12811,73,0.026,16.0
12812,73,0.026,16.0
12813,73,0.02,15.0
12814,73,0.016,14.0
12815,73,0.016,14.0
12816,73,0.02,15.0
12817,73,0.018,14.0
12818,73,0.018,14.0
12819,73,0.014,13.0
12820,73,0.018,14.0
12821,73,0.016,14.0
12822,73,0.014,13.0
12823,73,0.016,13.0
12824,73,0.04,18.0
12825,73,0.026,15.0
12826,73,0.016,14.0
12827,73,0.014,12.0
12828,73,0.016,14.0
12829,73,0.016,14.0
12830,73,0.016,14.0
12831,73,0.028,16.0
12832,73,0.026,16.0
12833,73,0.026,16.0
12834,73,0.01,12.0
14089,89,0.306,38.0
14090,89,0.304,36.0
14091,89,0.496,43.0
14092,89,0.738,46.0
14093,89,0.496,42.0
14094,89,0.796,48.0
15295,92,0.778,47.0
15296,92,0.716,48.0
15297,92,0.488,43.0
15298,92,0.706,46.0
15299,92,0.806,49.0
15300,92,0.77,49.0
15301,92,0.716,46.0
15302,92,0.52,43.0
15303,92,0.548,43.0
15304,92,0.582,44.0
15305,92,0.724,47.0
15306,92,0.7,45.0
15307,92,0.554,42.0
15308,92,0.632,46.0
15309,92,0.846,52.0
15310,92,0.652,46.0
15311,92,0.684,46.0
15312,92,0.564,44.0
15313,92,0.612,46.0
15314,92,0.532,42.0
15315,92,0.736,47.0
15316,92,0.51,43.0
15317,92,0.746,48.0
15318,92,0.84,51.0
15319,92,0.622,44.0
15320,92,0.8,50.0
15321,92,0.744,48.0
15322,92,0.478,41.0
15323,92,0.476,41.0
15324,92,0.608,43.0
15325,92,0.738,46.0
15326,92,0.556,45.0
15327,92,0.544,44.0
15328,92,0.818,50.0
15329,92,0.672,45.0
15330,92,0.646,46.0
15331,92,0.604,44.0
15332,92,0.502,42.0
11713,69,0.638,45.0
11715,69,0.524,46.0
11716,69,0.666,45.0
11717,69,0.49,42.0
14095,89,0.602,44.0
14096,89,0.488,42.0
14097,89,0.66,45.0
14098,89,0.568,43.0
14099,89,0.622,45.0
14100,89,0.496,42.0
14101,89,0.482,42.0
14102,89,0.53,44.0
14103,89,0.606,44.0
14104,89,0.568,43.0
14105,89,0.528,42.0
14106,89,0.618,43.0
14107,89,0.688,47.0
14108,89,0.258,33.0
14109,89,0.068,21.0
14110,89,0.582,44.0
14111,89,0.436,40.0
14112,89,0.49,42.0
14113,89,0.542,41.0
14114,89,0.582,44.0
14115,89,0.476,42.0
14147,89,0.496,41.0
14148,89,0.782,49.0
15066,91,0.25,32.0
15067,91,0.716,47.0
15068,91,0.472,41.0
15069,91,0.432,39.0
15070,91,0.66,48.0
15071,91,0.42,38.0
15072,91,0.47,40.0
15073,91,0.464,40.0
15074,91,0.72,47.0
15075,91,0.468,42.0
15076,91,0.308,35.0
15077,91,0.534,43.0
15078,91,0.638,45.0
15079,91,0.322,36.0
12992,73,0.494,42.0
12993,73,0.796,50.0
12994,73,0.726,48.0
12995,73,0.822,50.0
12996,73,0.254,33.0
12997,73,0.494,40.0
12998,73,0.854,48.0
12999,73,0.654,45.0
13000,73,0.692,48.0
13001,73,0.58,44.0
13002,73,0.472,41.0
13003,73,0.698,48.0
13004,73,0.796,49.0
13005,73,0.676,46.0
13006,73,0.53,41.0
13007,73,0.484,40.0
13008,73,0.604,47.0
13009,73,0.694,48.0
13010,73,0.436,39.0
13011,73,0.852,50.0
13012,73,0.474,41.0
13013,73,0.464,40.0
13014,73,0.362,36.0
14149,89,0.524,43.0
14150,89,0.948,52.0
14151,89,0.23,32.0
14152,89,0.658,44.0
14153,89,0.568,45.0
14154,89,0.604,45.0
14155,89,0.486,41.0
14156,89,0.61,45.0
14157,89,0.372,39.0
14158,89,0.7,47.0
14159,89,0.582,43.0
14160,89,0.208,31.0
14161,89,0.452,40.0
14162,89,0.534,43.0
14163,89,0.548,41.0
14164,89,0.684,46.0
14165,89,0.71,47.0
14166,89,0.834,52.0
14167,89,0.532,44.0
14168,89,0.422,38.0
14169,89,0.134,27.0
14170,89,0.574,42.0
14171,89,0.77,50.0
14172,89,0.702,46.0
14173,89,0.632,44.0
14174,89,0.588,44.0
14175,89,0.586,46.0
14176,89,0.754,47.0
14177,89,0.82,48.0
14178,89,0.668,49.0
14179,89,0.5,42.0
14180,89,0.436,39.0
14181,89,0.858,49.0
14182,89,0.782,49.0
14183,89,0.692,48.0
14184,89,0.686,49.0
14185,89,0.578,44.0
14186,89,0.476,41.0
14187,89,0.318,36.0
14188,89,0.304,34.0
13015,73,1.046,51.0
13016,73,0.676,45.0
13017,73,0.474,40.0
13018,73,0.898,51.0
13019,73,0.332,36.0
13020,73,0.412,39.0
13021,73,0.72,48.0
13022,73,0.458,41.0
13023,73,0.498,41.0
13024,73,0.594,43.0
13025,73,0.516,41.0
13026,73,0.488,41.0
13027,73,0.6,45.0
13028,73,0.508,41.0
13029,73,0.812,48.0
13030,73,0.734,46.0
13031,73,0.708,47.0
13032,73,0.586,44.0
13033,73,0.628,45.0
13034,73,0.888,52.0
13035,73,0.496,41.0
13036,73,0.824,49.0
13037,73,0.094,23.0
13038,73,0.124,26.0
13039,73,0.062,21.0
13040,73,0.158,28.0
13041,73,0.094,23.0
13042,73,0.088,22.0
13043,73,0.096,23.0
13044,73,0.128,25.0
13045,73,0.082,23.0
13046,73,0.062,21.0
13047,73,0.068,21.0
13048,73,0.07,21.0
13049,73,0.074,22.0
14189,89,0.596,45.0
14190,89,0.448,42.0
14203,89,0.802,51.0
14204,89,0.92,49.0
14205,89,0.684,49.0
14206,89,0.772,51.0
14207,89,0.556,45.0
14208,89,0.772,48.0
14209,89,0.94,52.0
14210,89,0.406,38.0
14211,89,0.454,41.0
14212,89,0.638,45.0
14213,89,0.804,50.0
14214,89,0.632,46.0
14215,89,0.7,46.0
14216,89,0.422,39.0
14217,89,0.314,34.0
14218,89,0.676,46.0
12025,71,0.658,49.0
12026,71,0.652,44.0
12027,71,0.664,47.0
12028,71,0.82,50.0
12029,71,0.57,46.0
12030,71,0.698,47.0
12031,71,0.922,52.0
12032,71,0.572,45.0
12033,71,0.828,51.0
12034,71,0.812,49.0
12035,71,0.688,47.0
12036,71,0.518,42.0
13050,73,0.07,21.0
13051,73,0.088,23.0
13052,73,0.098,23.0
13053,73,0.072,21.0
13054,73,0.114,25.0
13055,73,0.082,21.0
13056,73,0.136,27.0
13057,73,0.072,21.0
13058,73,0.082,22.0
13059,73,0.112,25.0
13060,73,0.126,26.0
13061,73,0.104,25.0
13062,73,0.112,25.0
13063,73,0.082,22.0
13064,73,0.086,23.0
13065,73,0.108,24.0
13066,73,0.06,21.0
13067,73,0.072,21.0
13068,73,0.07,21.0
13069,73,0.058,20.0
13070,74,0.484,40.0
13071,74,0.63,45.0
13072,74,0.688,46.0
13073,74,0.718,46.0
13074,74,0.68,47.0
13075,74,0.652,47.0
13076,74,0.02,15.0
13077,74,0.014,13.0
13078,74,0.022,15.0
13079,74,0.028,16.0
13080,74,0.02,14.0
13081,74,0.01,12.0
13082,74,0.016,14.0
14319,89,0.46,42.0
14320,89,0.468,43.0
14321,89,0.388,37.0
14322,89,0.472,41.0
14323,89,0.51,43.0
13083,74,0.03,16.0
13084,74,0.02,14.0
13085,74,0.012,12.0
13086,74,0.078,23.0
13157,74,0.688,46.0
13158,74,1.184,56.0
13159,74,0.568,43.0
14324,89,0.608,44.0
14325,89,0.786,48.0
14326,89,0.652,46.0
14327,89,0.43,39.0
14328,89,0.552,44.0
14329,89,0.816,49.0
14330,89,0.468,41.0
14331,89,0.614,45.0
14332,89,0.568,43.0
14333,89,0.324,34.0
14334,89,0.746,46.0
14335,89,0.924,49.0
14336,89,0.484,39.0
14337,89,0.554,44.0
14338,89,0.746,48.0
12187,71,0.638,45.0
12188,71,0.564,45.0
12189,71,0.644,46.0
12190,71,0.65,46.0
12191,71,0.616,47.0
12192,71,0.682,46.0
12193,71,0.694,48.0
12194,71,0.516,41.0
12195,71,0.62,47.0
12196,71,0.66,47.0
12197,71,0.608,45.0
12198,71,0.686,50.0
12199,71,0.552,45.0
12200,71,0.61,45.0
12201,71,0.684,48.0
12202,71,0.646,45.0
12203,71,0.868,51.0
12204,71,0.558,43.0
12205,71,0.406,39.0
12206,71,0.652,45.0
12207,71,0.528,44.0
12208,71,0.526,42.0
12209,71,0.54,43.0
12210,71,0.552,44.0
13160,74,0.616,44.0
13161,74,0.578,44.0
13162,74,0.65,45.0
13163,74,0.644,46.0
13164,74,0.796,49.0
13165,74,0.96,53.0
13166,74,0.714,46.0
13167,74,0.672,45.0
13168,74,0.802,52.0
13169,74,0.618,45.0
13170,74,0.79,49.0
13171,74,0.586,45.0
13172,74,0.7,47.0
13173,74,0.654,46.0
13174,74,0.59,44.0
13175,74,0.634,46.0
13176,74,0.796,46.0
13177,74,0.872,51.0
13178,74,0.694,48.0
13179,74,0.868,50.0
13180,74,0.856,52.0
13181,74,0.704,48.0
13182,74,0.72,48.0
13183,74,0.528,42.0
13184,74,0.512,42.0
14418,90,0.486,39.0
14419,90,0.414,38.0
14446,90,0.562,42.0
14447,90,0.462,40.0
14448,90,0.628,45.0
14449,90,0.512,43.0
14450,90,0.708,46.0
14451,90,0.738,46.0
14452,90,0.598,44.0
11039,68,0.59,46.0
12211,71,0.678,47.0
12212,71,0.65,46.0
12213,71,0.728,46.0
12214,71,0.534,42.0
12215,71,0.73,46.0
12267,72,0.508,40.0
12268,72,0.492,40.0
14453,90,0.53,41.0
14454,90,0.586,44.0
14455,90,0.36,36.0
14456,90,0.568,42.0
14457,90,0.44,39.0
14501,90,0.844,51.0
14502,90,0.63,44.0
14503,90,0.602,43.0
14504,90,0.702,47.0
14505,90,0.616,41.0
14506,90,0.62,43.0
14507,90,0.71,47.0
14508,90,0.398,39.0
14509,90,0.59,45.0
14510,90,0.726,46.0
11040,68,0.634,45.0
11041,68,0.73,48.0
11042,68,0.846,51.0
11043,68,0.76,52.0
11113,68,0.634,46.0
11114,68,0.86,52.0
11115,68,0.916,51.0
8844,59,0.898,49.0
8845,59,1.084,55.0
8846,59,0.75,47.0
8847,59,0.466,41.0
8848,59,0.944,51.0
8849,59,0.792,48.0
8850,59,0.978,52.0
8851,59,0.76,47.0
8852,59,0.526,42.0
8853,59,0.948,49.0
8854,59,0.736,47.0
8855,59,0.638,44.0
8856,59,0.722,48.0
8857,59,0.798,49.0
8858,59,0.95,51.0
8859,59,0.578,43.0
9947,63,0.626,43.0
9949,63,0.868,48.0
9950,63,0.578,44.0
6832,43,0.014,13.0
6833,43,0.01,11.0
6834,43,0.01,11.0
6835,43,0.016,13.0
6836,43,0.016,14.0
6837,43,0.02,15.0
6838,43,0.016,14.0
6839,43,0.024,15.0
6840,43,0.022,14.0
6841,43,0.012,14.0
6842,43,0.032,16.0
6843,43,0.012,13.0
6844,43,0.024,15.0
6845,43,0.018,14.0
6846,43,0.01,12.0
6847,43,0.022,16.0
6848,43,0.014,14.0
6849,43,0.014,13.0
6850,43,0.014,14.0
6851,43,0.018,14.0
6852,43,0.022,15.0
6853,43,0.01,12.0
6854,43,0.016,14.0
6855,43,0.014,14.0
6856,43,0.012,13.0
6857,43,0.03,17.0
6858,43,0.022,15.0
6859,43,0.012,12.0
6860,43,0.028,17.0
6861,43,0.018,14.0
6862,43,0.024,16.0
6863,43,0.01,11.0
6864,43,0.018,14.0
6865,43,0.018,14.0
6866,43,0.016,14.0
6867,43,0.008,11.0
6868,43,0.016,14.0
6869,43,0.012,13.0
6870,43,0.018,14.0
7936,51,0.61,47.0
7937,51,0.492,42.0
7938,51,0.88,50.0
7939,51,0.576,42.0
7940,51,0.766,50.0
7941,51,0.582,43.0
7942,51,0.798,49.0
7943,51,0.854,49.0
7944,51,0.718,47.0
7945,51,0.774,48.0
7946,51,0.504,42.0
7947,51,0.582,45.0
7948,51,0.822,51.0
7949,51,0.872,52.0
7950,51,0.564,43.0
7951,51,0.816,49.0
7952,51,0.656,45.0
7953,51,0.812,48.0
7954,51,0.606,46.0
7955,51,0.59,44.0
7956,51,0.822,49.0
7957,51,0.528,43.0
7958,51,0.514,43.0
7959,51,0.524,44.0
7960,51,0.734,47.0
7961,51,0.434,38.0
7962,51,0.832,48.0
7963,51,0.794,49.0
7964,51,0.76,48.0
7965,51,0.826,51.0
10050,63,0.822,50.0
10051,63,0.798,48.0
10052,63,0.752,48.0
10053,63,0.784,49.0
10054,63,0.738,46.0
10055,63,0.796,49.0
10056,63,0.662,46.0
10057,63,0.88,49.0
10058,63,0.948,50.0
10059,63,0.774,47.0
10060,63,0.842,48.0
10061,63,0.588,44.0
10062,63,0.704,46.0
10063,63,0.502,41.0
10064,63,0.646,44.0
10065,63,0.602,44.0
10066,63,0.692,47.0
10067,63,0.73,46.0
6871,43,0.016,13.0
6872,43,0.018,14.0
6873,43,0.014,13.0
6874,43,0.014,13.0
6875,43,0.018,14.0
6876,43,0.016,13.0
6877,43,0.012,12.0
6878,43,0.012,13.0
6879,43,0.014,14.0
6880,43,0.016,13.0
6881,43,0.012,12.0
6882,43,0.014,13.0
6883,43,0.012,13.0
6884,43,0.012,13.0
6885,43,0.008,12.0
6886,43,0.008,11.0
6887,43,0.014,14.0
6888,43,0.018,14.0
6889,43,0.016,14.0
6890,43,0.01,12.0
6891,43,0.01,12.0
6892,43,0.01,11.0
6893,43,0.01,12.0
6894,43,0.016,14.0
6895,43,0.02,15.0
6896,43,0.02,15.0
7966,51,0.796,50.0
7967,51,0.626,43.0
7968,51,1.156,53.0
7969,51,0.72,48.0
7970,51,0.638,46.0
7971,51,0.594,44.0
7972,51,0.69,45.0
7973,51,0.026,16.0
7974,51,0.01,12.0
7975,51,0.014,14.0
7976,51,0.02,15.0
7977,51,1.068,54.0
7978,51,0.796,48.0
7979,51,0.904,51.0
7980,51,0.866,48.0
7981,51,0.774,49.0
7982,51,0.216,34.0
7983,51,0.596,45.0
7984,51,1.13,56.0
7985,51,0.812,51.0
7986,51,0.908,51.0
7987,51,0.57,44.0
7988,51,0.874,51.0
7989,51,1.048,51.0
7990,51,0.748,48.0
7991,51,0.636,43.0
7992,51,0.698,46.0
7993,51,0.6,45.0
7994,51,0.84,51.0
6939,45,0.012,13.0
6940,45,0.882,51.0
6941,45,0.632,46.0
6942,45,0.648,46.0
6943,45,0.854,48.0
6944,45,0.47,40.0
6945,45,0.722,47.0
6946,45,1.066,53.0
6947,45,0.748,48.0
6948,45,0.808,50.0
6949,45,0.756,49.0
6950,45,0.888,51.0
6951,45,0.84,51.0
6952,45,0.888,52.0
6953,45,0.936,55.0
6954,45,0.742,47.0
6955,45,1.034,54.0
6956,45,0.562,43.0
6957,45,1.372,57.0
6958,45,0.986,53.0
6959,45,0.724,46.0
6960,45,0.922,51.0
6961,45,0.64,48.0
6962,45,0.866,54.0
6963,45,0.548,41.0
6964,45,0.72,46.0
6965,45,0.64,46.0
6966,45,0.846,50.0
6967,45,0.9,51.0
6968,45,0.016,14.0
6969,45,0.014,13.0
6970,45,0.02,15.0
6971,45,0.044,19.0
6972,45,0.02,15.0
6973,45,0.028,16.0
7995,51,0.75,48.0
7996,51,0.524,42.0
7997,51,1.086,56.0
7998,51,0.742,48.0
7999,51,0.618,44.0
8000,51,0.788,50.0
8001,51,0.44,40.0
8002,51,0.64,46.0
8003,51,0.816,50.0
8004,51,0.624,44.0
8005,51,0.774,49.0
8006,51,0.742,46.0
9118,60,0.526,45.0
9119,60,0.92,50.0
9120,60,0.79,47.0
9121,60,0.858,51.0
9122,60,0.78,47.0
9123,60,1.032,52.0
9124,60,0.876,50.0
9125,60,0.536,42.0
9126,60,0.54,42.0
9127,60,0.702,46.0
9128,60,0.456,42.0
9129,60,0.394,37.0
9130,60,0.884,49.0
9131,60,0.448,40.0
9132,60,0.86,49.0
9133,60,0.984,50.0
9134,60,0.61,44.0
9135,60,0.974,51.0
6974,45,0.012,12.0
6975,45,0.026,16.0
6976,45,0.026,16.0
6977,45,0.046,19.0
7017,45,0.028,16.0
7018,45,0.024,16.0
7019,45,0.038,18.0
7020,45,0.032,17.0
7021,45,0.016,14.0
7022,45,0.04,19.0
7023,45,0.028,16.0
7024,45,0.032,17.0
8103,51,0.506,44.0
8104,51,0.724,49.0
8105,51,0.764,49.0
8106,51,0.408,39.0
9186,60,0.608,44.0
9187,60,0.63,46.0
9188,60,1.164,57.0
9189,60,0.8,46.0
9190,60,0.596,44.0
9191,60,0.964,51.0
9192,60,0.662,43.0
9193,60,1.106,54.0
9194,60,1.236,56.0
9195,60,0.812,47.0
9196,60,0.688,44.0
9197,60,0.744,45.0
9198,60,0.684,46.0
9199,60,0.752,47.0
9200,60,0.916,52.0
9201,60,0.584,43.0
9202,60,0.83,49.0
9203,60,0.74,47.0
9222,60,0.854,49.0
9223,60,0.826,48.0
10509,65,0.816,50.0
10510,65,0.528,45.0
10511,65,0.452,41.0
10522,65,0.72,47.0
10523,65,0.768,46.0
10530,65,0.854,50.0
10531,65,0.61,44.0
10532,65,0.566,43.0
10533,65,0.616,44.0
10534,65,0.664,46.0
10535,65,0.652,46.0
10536,65,0.706,49.0
10537,65,0.49,43.0
10538,65,0.42,38.0
10539,65,0.702,49.0
7101,45,0.834,49.0
7102,45,0.756,47.0
7103,45,0.772,48.0
7104,45,1.02,53.0
7105,45,0.838,48.0
7106,45,0.67,46.0
7107,45,0.758,48.0
7108,45,0.848,49.0
7109,45,0.756,49.0
7110,45,0.818,52.0
7111,45,0.924,51.0
7112,45,0.694,46.0
7113,45,1.01,53.0
7114,45,0.878,46.0
8223,56,0.106,25.0
8224,56,0.146,28.0
8225,56,0.104,25.0
8226,56,0.11,25.0
8227,56,0.106,26.0
8228,56,0.768,48.0
9224,60,0.032,16.0
9225,60,0.018,14.0
9226,60,0.01,12.0
9227,60,0.012,13.0
9228,60,0.024,15.0
9229,60,0.028,16.0
9230,60,0.04,18.0
9231,60,0.012,12.0
9232,60,0.016,14.0
9233,60,0.018,14.0
9234,60,0.026,15.0
9235,60,0.012,12.0
9236,60,0.012,12.0
9237,60,0.014,13.0
9238,60,0.01,12.0
9239,60,0.01,11.0
9240,60,0.012,12.0
9241,60,0.012,12.0
9242,60,0.014,13.0
9243,60,0.018,14.0
7115,45,0.72,46.0
7116,45,0.608,45.0
7117,45,1.15,54.0
7118,45,0.884,49.0
7119,45,0.63,45.0
7120,45,0.636,47.0
7131,45,0.826,49.0
7132,45,0.876,50.0
8229,56,0.518,42.0
8230,56,0.71,46.0
8231,56,1.024,54.0
8232,56,0.49,41.0
8233,56,1.094,53.0
8234,56,0.746,48.0
8235,56,0.938,52.0
8236,56,0.022,15.0
8237,56,0.016,14.0
8238,56,0.032,17.0
8239,56,0.016,14.0
8240,56,0.02,15.0
8241,56,0.016,13.0
8242,56,0.018,14.0
8243,56,0.016,14.0
8244,56,0.012,12.0
8245,56,0.022,16.0
8246,56,0.014,13.0
8247,56,0.026,16.0
8248,56,0.02,14.0
8249,56,0.022,15.0
8250,56,0.016,13.0
8251,56,0.018,14.0
8252,56,0.02,15.0
8253,56,0.024,16.0
8254,56,0.014,13.0
8255,56,0.116,26.0
8256,56,0.064,22.0
8257,56,0.048,19.0
8258,56,0.106,25.0
8259,56,0.142,29.0
8260,56,0.112,26.0
8261,56,0.102,25.0
8262,56,0.13,27.0
8263,56,0.11,26.0
8264,56,0.138,28.0
10449,64,0.654,47.0
10450,64,0.63,44.0
10451,64,0.586,45.0
10452,64,0.99,51.0
10453,64,0.802,48.0
10454,64,0.596,45.0
10455,64,0.942,52.0
10456,64,0.48,43.0
10457,64,0.664,46.0
10458,64,0.574,46.0
10459,64,0.806,49.0
10460,64,0.72,47.0
10461,64,1.362,58.0
10462,64,0.7,47.0
10463,64,0.914,51.0
10464,64,0.704,46.0
10465,64,0.82,50.0
10466,64,0.724,48.0
10467,64,0.75,48.0
10468,64,0.536,45.0
10469,64,0.464,42.0
10470,64,0.806,48.0
10471,64,0.716,46.0
10472,64,0.664,47.0
10473,64,0.716,47.0
10474,64,0.628,45.0
10475,64,0.636,46.0
10476,64,0.464,41.0
8265,56,0.16,29.0
8266,56,0.144,28.0
8267,56,0.124,27.0
8268,56,0.05,20.0
8269,56,0.082,23.0
8270,56,0.078,22.0
8271,56,0.102,25.0
8272,56,0.06,21.0
8273,56,0.146,27.0
8274,56,0.098,24.0
8275,56,0.094,24.0
8276,56,1.084,54.0
8277,56,1.0,52.0
8278,56,0.786,47.0
8279,56,0.794,49.0
8280,56,0.84,49.0
8281,56,0.686,45.0
8282,56,0.724,46.0
8283,56,0.854,47.0
8284,56,0.864,50.0
8285,56,0.96,51.0
8286,56,0.566,44.0
8287,56,0.824,49.0
8288,56,0.762,48.0
8289,56,0.824,48.0
8290,56,0.822,48.0
8291,56,0.726,47.0
8292,56,0.772,48.0
8293,56,0.792,47.0
8294,56,1.28,57.0
8295,56,1.142,53.0
8296,56,0.788,45.0
10614,65,0.872,49.0
10615,65,0.644,46.0
10616,65,0.498,42.0
10617,65,0.9,52.0
10618,65,0.812,51.0
10619,65,0.312,36.0
10620,65,0.752,47.0
10621,65,0.53,42.0
10622,65,0.706,48.0
10623,65,0.566,44.0
10624,65,0.618,46.0
10625,65,0.5,41.0
10626,65,0.852,49.0
10627,65,0.624,45.0
10628,65,0.738,48.0
10629,65,0.706,47.0
7307,45,1.062,55.0
7308,45,0.588,43.0
7309,45,0.872,50.0
7310,45,0.646,45.0
7311,45,0.586,43.0
7312,45,0.206,31.0
7313,45,0.894,49.0
7314,45,0.826,50.0
7315,45,0.798,48.0
7316,45,0.604,44.0
7317,45,1.06,54.0
7318,45,0.888,50.0
7319,45,0.83,50.0
7320,45,0.902,52.0
7321,45,0.914,50.0
7322,45,0.736,49.0
7323,45,0.84,51.0
7324,45,0.952,53.0
7325,45,0.75,46.0
7326,45,0.478,42.0
7327,45,1.076,55.0
7328,45,0.016,14.0
7329,45,0.026,16.0
7330,45,0.022,15.0
8297,56,0.79,48.0
8298,56,1.084,54.0
8299,56,0.548,42.0
8300,56,0.894,51.0
8301,56,0.718,46.0
8302,56,0.84,48.0
8303,56,0.968,50.0
8304,56,0.308,34.0
8305,56,0.886,50.0
8306,56,0.026,16.0
8307,56,0.022,15.0
8308,56,0.014,13.0
8309,56,0.016,13.0
8310,56,0.012,13.0
8311,56,0.02,14.0
8324,56,0.824,49.0
8325,56,0.978,53.0
8326,56,0.9,52.0
8327,56,0.952,52.0
8328,56,0.87,47.0
8329,56,0.594,44.0
8330,56,0.928,52.0
8331,56,0.518,43.0
8332,56,0.9,51.0
8333,56,0.86,48.0
8334,56,1.04,53.0
9508,60,0.898,51.0
9509,60,0.688,47.0
9510,60,1.14,53.0
9511,60,0.56,45.0
9512,60,1.466,55.0
9513,60,1.018,52.0
9514,60,0.85,48.0
9515,60,0.8,50.0
9516,60,0.598,44.0
9517,60,1.026,56.0
9518,60,0.464,41.0
9519,60,0.882,49.0
9520,60,0.816,50.0
9521,60,0.868,52.0
9522,60,0.752,51.0
9523,60,0.64,45.0
9524,60,0.508,40.0
9525,60,0.766,48.0
9526,60,0.568,42.0
10445,64,0.672,45.0
10446,64,0.58,44.0
10447,64,0.624,45.0
10448,64,0.83,52.0
7331,45,0.016,14.0
7332,45,0.018,14.0
7333,45,0.014,13.0
7334,45,0.016,14.0
7335,45,0.012,13.0
7336,45,0.028,16.0
7337,45,0.016,14.0
7338,45,0.018,14.0
7339,45,0.016,14.0
7340,45,0.014,14.0
7341,45,0.012,12.0
7342,45,0.018,14.0
7343,45,0.014,12.0
7344,45,0.014,13.0
7358,47,1.24,60.0
7359,47,0.012,14.0
7360,47,0.012,13.0
7361,47,0.032,17.0
7362,47,0.018,14.0
7363,47,0.014,13.0
7364,47,0.018,14.0
7365,47,0.018,14.0
7366,47,0.014,13.0
7367,47,0.01,12.0
7368,47,0.17,29.0
7369,47,0.014,13.0
7377,47,0.224,31.0
8335,56,0.77,48.0
8336,56,0.016,14.0
8337,56,0.024,15.0
8338,56,0.014,13.0
8339,56,0.016,13.0
8340,56,0.014,13.0
8341,56,0.022,16.0
8342,56,0.012,13.0
8343,56,0.01,12.0
8344,56,0.014,13.0
8345,56,0.014,14.0
8346,56,0.02,15.0
8385,57,1.026,52.0
8386,57,0.93,52.0
8387,57,0.85,53.0
8388,57,0.892,53.0
8389,57,0.706,49.0
8390,57,0.872,52.0
8391,57,0.74,49.0
8392,57,0.526,41.0
8393,57,0.928,53.0
8394,57,0.736,51.0
8395,57,0.94,50.0
8396,57,0.674,47.0
8397,57,0.692,47.0
8398,57,0.504,43.0
8399,57,0.708,47.0
8400,57,0.758,52.0
8401,57,1.08,57.0
8402,57,0.826,52.0
8403,57,1.042,54.0
8404,57,0.702,48.0
8405,57,1.006,56.0
8406,57,0.56,44.0
8407,57,0.756,49.0
8408,57,0.744,49.0
8409,57,0.698,46.0
8410,57,0.504,41.0
8411,57,0.996,52.0
9527,60,0.714,50.0
9528,60,0.572,43.0
9529,60,0.726,46.0
9530,60,1.204,56.0
9531,60,0.652,45.0
9532,60,0.872,50.0
10477,64,0.608,44.0
10478,64,0.836,48.0
10479,64,0.252,34.0
10480,64,0.962,50.0
10481,64,0.54,44.0
10482,64,0.832,49.0
10483,64,0.426,38.0
10484,64,0.516,42.0
10485,64,0.4,42.0
10486,64,0.568,44.0
10487,64,0.542,43.0
10488,64,0.7,49.0
10489,64,1.292,57.0
10490,64,1.18,59.0
10491,64,0.558,43.0
10492,64,0.75,49.0
10493,64,0.918,50.0
10494,64,0.806,47.0
10495,64,0.448,39.0
10496,64,0.524,43.0
10497,64,0.55,43.0
10498,64,0.606,46.0
10499,64,0.7,47.0
10500,64,0.61,44.0
10501,64,0.36,37.0
10502,64,0.336,35.0
10503,64,0.526,43.0
10504,64,0.534,43.0
10505,64,0.734,48.0
10506,64,0.584,47.0
10507,65,0.698,47.0
10508,65,0.804,48.0
7378,47,0.158,28.0
7379,47,0.138,27.0
7380,47,0.118,26.0
7381,47,0.106,25.0
7382,47,0.07,23.0
7383,47,0.11,26.0
7384,47,0.214,31.0
7385,47,0.164,28.0
7386,47,0.126,27.0
7387,47,0.108,25.0
7388,47,0.112,25.0
7389,47,0.07,22.0
7390,47,0.1,24.0
7391,47,0.106,26.0
7392,47,0.186,30.0
8413,57,0.742,49.0
8414,57,1.016,52.0
8415,57,0.972,54.0
8416,57,0.732,49.0
8417,57,1.17,57.0
8418,57,0.886,53.0
8419,57,0.638,48.0
8420,57,0.018,14.0
8421,57,0.014,13.0
8422,57,0.022,16.0
8412,57,1.064,54.0
9633,62,0.786,50.0
9634,62,0.026,16.0
9635,62,0.02,15.0
9636,62,0.018,14.0
9637,62,0.024,16.0
9638,62,0.016,14.0
9639,62,0.024,15.0
9640,62,0.016,14.0
9641,62,0.016,13.0
9642,62,0.02,15.0
9643,62,0.018,14.0
9644,62,0.028,16.0
9645,62,0.012,12.0
9646,62,0.032,17.0
9647,62,0.036,17.0
9648,62,0.028,17.0
9649,62,0.014,13.0
9650,62,0.02,15.0
9651,62,0.034,18.0
10630,65,0.7,46.0
10631,65,0.538,44.0
10632,65,0.78,48.0
10633,65,0.526,42.0
10634,65,0.76,49.0
10635,65,0.528,43.0
10636,65,0.744,48.0
10637,65,0.734,49.0
10638,65,0.472,44.0
10639,65,0.752,48.0
10640,65,0.748,47.0
10641,65,0.878,51.0
10642,65,0.256,35.0
10643,65,0.196,31.0
10644,65,0.586,44.0
10645,65,0.72,47.0
10646,65,0.692,48.0
10647,65,0.622,46.0
10648,65,0.534,43.0
10649,65,0.796,49.0
10650,65,0.522,42.0
10651,65,0.62,44.0
9692,62,1.498,62.0
9693,62,0.922,52.0
9694,62,1.468,58.0
9695,62,0.434,40.0
9696,62,0.558,43.0
9697,62,0.656,44.0
9698,62,0.53,41.0
9699,62,0.952,52.0
9700,62,0.938,51.0
9701,62,0.552,42.0
9702,62,0.526,44.0
9703,62,0.618,44.0
9704,62,0.648,46.0
9705,62,0.54,42.0
9706,62,0.612,44.0
9707,62,1.028,53.0
9708,62,0.516,39.0
9709,62,0.464,41.0
9710,62,0.568,43.0
9711,62,1.126,55.0
9712,62,0.714,46.0
9713,62,0.634,46.0
9714,62,0.548,41.0
9715,62,0.766,46.0
9716,62,0.854,49.0
8635,58,0.596,44.0
8636,58,0.298,35.0
8637,58,0.536,42.0
8638,58,0.892,49.0
8639,58,0.254,34.0
8640,58,0.814,48.0
8641,58,0.104,25.0
8642,58,0.856,53.0
9717,62,0.558,43.0
9718,62,0.554,42.0
9719,62,0.538,42.0
9720,62,1.212,54.0
9721,62,0.464,41.0
9722,62,0.466,42.0
9723,62,0.866,51.0
9724,62,0.792,47.0
9725,62,1.016,54.0
9726,62,1.298,56.0
9727,62,0.904,51.0
9728,62,0.576,42.0
9729,62,1.032,54.0
9730,62,0.908,49.0
9731,62,0.258,33.0
9732,62,1.204,55.0
9733,62,0.912,50.0
9734,62,0.564,41.0
9735,62,0.8,46.0
9736,62,0.63,44.0
9737,62,0.704,45.0
8669,58,0.536,42.0
8670,58,0.224,32.0
8671,58,0.27,33.0
8672,58,0.12,26.0
8673,58,0.15,28.0
8674,58,0.126,27.0
8675,58,0.506,42.0
8676,58,0.186,30.0
8677,58,0.102,25.0
8678,58,0.242,32.0
8679,58,0.336,36.0
8680,58,0.158,28.0
8681,58,0.132,27.0
8682,58,0.09,24.0
8683,58,0.178,30.0
8684,58,0.706,47.0
8685,58,0.274,34.0
8702,58,0.55,42.0
8703,58,0.782,47.0
8704,58,0.344,37.0
8705,58,0.648,44.0
8706,58,0.116,26.0
8707,58,0.16,29.0
9815,62,0.694,47.0
9816,62,0.892,50.0
9817,62,0.804,47.0
9818,62,0.036,17.0
9819,62,0.022,15.0
9820,62,0.026,16.0
9821,62,0.03,16.0
9822,62,0.016,14.0
9823,62,0.026,16.0
9824,62,0.03,16.0
9825,62,0.012,13.0
9826,62,0.022,15.0
9827,62,0.026,16.0
9828,62,0.02,14.0
9829,62,0.016,13.0
9830,62,0.02,14.0
6745,42,0.818,49.0
6746,42,0.632,44.0
6747,42,0.796,49.0
6748,42,0.794,49.0
6749,42,1.176,54.0
6750,42,0.862,52.0
6751,42,0.712,49.0
6752,42,0.664,45.0
6753,42,0.736,47.0
6754,42,0.614,46.0
6755,42,0.54,41.0
6756,42,0.826,49.0
6757,42,0.552,44.0
6758,42,0.69,46.0
6759,42,0.774,49.0
6760,42,0.788,49.0
6761,42,0.56,47.0
6762,42,0.71,48.0
6763,42,0.428,39.0
6764,42,0.614,45.0
6765,42,0.566,44.0
6766,42,0.7,47.0
7734,50,1.46,57.0
7735,50,0.724,48.0
7736,50,1.958,66.0
7737,50,1.362,61.0
7738,50,0.89,49.0
7739,50,0.782,47.0
7740,50,0.954,50.0
7741,50,0.884,53.0
7742,50,1.382,54.0
7743,50,0.992,54.0
7744,50,0.84,51.0
7745,50,1.046,56.0
7746,50,0.724,47.0
7747,50,1.118,52.0
7748,50,1.104,56.0
7749,50,0.51,41.0
7750,50,1.056,53.0
7751,50,0.874,49.0
7752,50,0.934,49.0
7753,50,1.082,54.0
7754,50,1.102,53.0
7755,50,1.424,60.0
7756,50,1.004,51.0
7757,50,0.524,43.0
7758,50,0.944,52.0
7759,50,0.978,50.0
7760,50,0.838,47.0
7761,50,1.106,52.0
7762,50,1.086,54.0
7763,50,0.678,46.0
8708,58,0.6,43.0
8709,58,0.85,51.0
8710,58,0.524,44.0
8711,58,0.364,42.0
8712,58,0.64,46.0
8713,58,0.576,42.0
8714,58,0.248,32.0
8715,58,0.804,48.0
8716,58,1.224,55.0
8717,58,0.3,34.0
8718,58,0.666,46.0
8719,58,0.72,45.0
8720,58,0.538,42.0
8721,58,0.474,41.0
8722,58,0.968,53.0
8723,58,0.564,43.0
8724,58,0.478,40.0
8725,58,0.68,47.0
8726,58,0.098,25.0
8727,58,0.65,45.0
8728,58,0.198,30.0
8729,58,0.446,43.0
9831,62,0.034,16.0
9832,62,0.022,14.0
9833,62,0.036,17.0
9834,62,0.014,13.0
9835,62,0.02,14.0
9836,62,0.018,14.0
9837,62,0.032,17.0
9838,62,0.038,17.0
9839,62,0.028,16.0
9840,62,0.018,13.0
9841,62,0.03,16.0
9842,62,0.02,15.0
9843,62,0.024,15.0
9844,62,0.016,13.0
9845,62,0.034,17.0
9846,62,0.02,15.0
9847,62,0.016,13.0
9848,62,0.016,13.0
9849,62,0.028,16.0
9850,62,0.016,14.0
9851,62,0.014,13.0
9852,62,0.026,16.0
9853,62,0.018,15.0
9854,62,0.012,12.0
9855,62,0.022,14.0
9856,62,0.022,15.0
9857,62,0.022,15.0
9858,62,0.016,14.0
9859,62,0.028,16.0
6767,42,0.844,50.0
6768,42,0.692,45.0
6769,42,0.206,33.0
6770,42,0.476,43.0
6771,42,0.808,50.0
6772,42,0.476,43.0
6773,42,0.576,43.0
6774,42,0.686,46.0
6775,42,0.962,53.0
6776,42,0.676,46.0
6777,42,0.824,48.0
6778,42,0.928,51.0
6779,42,0.746,47.0
6780,42,0.882,50.0
6781,42,0.498,42.0
6782,42,0.446,40.0
6783,42,0.474,41.0
6784,42,0.61,45.0
6785,42,0.658,44.0
6786,42,1.046,53.0
6787,42,0.868,51.0
6788,42,0.626,45.0
6789,42,0.616,44.0
6790,42,0.016,14.0
6791,42,0.052,20.0
6792,42,0.016,15.0
6793,42,0.022,15.0
6794,42,0.018,14.0
6795,42,0.022,15.0
7764,50,0.928,50.0
7765,50,0.802,49.0
7766,50,1.128,55.0
7767,50,0.778,49.0
7768,50,0.782,52.0
7769,50,1.32,58.0
7770,50,0.664,47.0
7771,50,1.29,56.0
7772,50,1.248,56.0
7773,50,1.066,53.0
7774,50,1.48,61.0
7775,50,0.654,46.0
7776,50,1.546,61.0
7777,50,0.842,48.0
7778,50,1.302,58.0
7779,50,1.112,54.0
7780,50,1.068,52.0
7781,50,0.92,50.0
7782,50,1.176,57.0
7783,50,0.014,13.0
7784,50,0.01,11.0
8765,59,0.038,18.0
8766,59,0.02,15.0
8767,59,0.026,15.0
8768,59,0.038,18.0
8769,59,0.016,14.0
8770,59,0.016,14.0
8771,59,0.022,15.0
8772,59,0.024,16.0
8773,59,0.024,15.0
8774,59,0.016,14.0
8775,59,0.014,13.0
8801,59,0.752,48.0
8802,59,0.534,42.0
8803,59,0.816,50.0
8804,59,0.766,47.0
8805,59,0.964,51.0
8806,59,0.728,46.0
8807,59,0.762,47.0
8808,59,0.33,36.0
8809,59,0.738,46.0
9930,62,0.612,44.0
9931,62,0.762,48.0
9932,62,1.38,57.0
9933,62,0.826,49.0
9934,62,0.56,42.0
9935,62,1.286,57.0
9936,63,0.594,44.0
9937,63,0.936,52.0
9938,63,1.376,58.0
9939,63,0.796,47.0
9940,63,0.73,47.0
9941,63,0.74,46.0
9942,63,0.91,50.0
9943,63,0.744,48.0
9944,63,0.648,45.0
9945,63,0.716,46.0
9946,63,0.606,44.0
6796,42,0.014,13.0
6797,42,0.014,13.0
6798,42,0.02,14.0
6799,42,0.012,12.0
6800,42,0.958,53.0
6801,42,0.864,50.0
6802,42,0.786,49.0
6803,42,0.804,49.0
6804,42,0.778,49.0
6805,42,0.446,38.0
6806,42,0.672,48.0
6807,42,0.6,44.0
6808,42,0.716,47.0
6809,42,0.704,47.0
6810,42,0.834,50.0
6811,42,0.79,48.0
6812,43,0.022,16.0
6813,43,0.012,14.0
6814,43,0.01,13.0
6815,43,0.014,13.0
6816,43,0.016,14.0
6817,43,0.01,12.0
6818,43,0.012,13.0
6819,43,0.012,13.0
6820,43,0.01,12.0
6821,43,0.016,13.0
6822,43,0.01,12.0
6823,43,0.01,12.0
6824,43,0.01,12.0
6825,43,0.014,14.0
6826,43,0.008,12.0
6827,43,0.632,44.0
6828,43,0.714,49.0
6829,43,0.014,12.0
6830,43,0.024,16.0
6831,43,0.018,14.0
8810,59,0.626,45.0
8811,59,0.804,49.0
8812,59,0.938,52.0
8813,59,0.578,43.0
8814,59,0.8,47.0
8815,59,0.648,45.0
8816,59,0.586,43.0
8817,59,0.558,43.0
8818,59,0.67,46.0
8819,59,0.806,50.0
8820,59,0.518,47.0
8821,59,1.19,55.0
8822,59,0.648,46.0
8823,59,0.704,47.0
8824,59,0.926,51.0
8825,59,0.632,46.0
8826,59,0.75,47.0
8827,59,0.734,48.0
8828,59,0.548,43.0
8829,59,0.804,48.0
8830,59,0.782,48.0
8831,59,0.596,43.0
8832,59,0.724,48.0
8833,59,0.754,47.0
8834,59,0.87,50.0
8835,59,1.066,54.0
8836,59,0.65,47.0
8837,59,0.888,51.0
8838,59,0.896,53.0
8839,59,0.794,47.0
8840,59,0.66,50.0
8841,59,0.73,47.0
8842,59,1.176,56.0
8843,59,0.78,48.0
24080,115,0.636,46.0
24081,115,0.606,44.0
24082,115,0.49,44.0
24083,115,0.336,35.0
24084,115,0.458,40.0
24085,115,0.64,48.0
24086,115,0.45,40.0
24087,115,0.504,43.0
24088,115,0.566,42.0
24089,115,0.678,46.0
24090,115,0.602,47.0
24091,115,0.564,44.0
24092,115,0.442,42.0
24093,115,0.436,39.0
24094,115,0.55,44.0
24095,115,0.536,43.0
24096,115,0.612,43.0
24097,115,0.55,42.0
24098,115,0.696,51.0
24099,115,0.566,44.0
24100,115,0.468,41.0
24101,115,0.75,46.0
24102,115,0.504,44.0
24103,115,0.524,45.0
24104,115,0.614,45.0
24105,115,0.504,42.0
24106,115,0.104,25.0
24107,115,0.46,40.0
24108,115,0.454,40.0
24109,115,0.408,39.0
24110,115,0.588,45.0
24111,115,0.698,48.0
24112,115,0.722,49.0
24113,115,0.686,46.0
24114,115,0.5,42.0
24115,115,0.68,47.0
24116,115,0.472,40.0
24141,115,0.596,43.0
24142,115,0.638,45.0
24143,115,0.378,38.0
24144,115,0.63,46.0
24145,115,0.506,42.0
24146,115,0.324,41.0
24147,115,0.104,25.0
24148,115,0.402,38.0
24149,115,0.868,51.0
24150,115,0.062,20.0
24151,115,0.038,18.0
24152,115,0.036,17.0
24153,115,0.018,14.0
24154,115,0.024,15.0
24155,115,0.024,15.0
24156,115,0.02,15.0
24157,115,0.028,17.0
24158,115,0.018,14.0
24159,115,0.026,16.0
24160,115,0.056,20.0
24161,115,0.022,15.0
24162,115,0.064,21.0
24163,115,0.024,15.0
24164,115,0.026,16.0
24165,115,0.034,17.0
24166,115,0.028,16.0
24167,115,0.018,14.0
24168,115,0.02,14.0
24169,115,0.018,14.0
24170,115,0.018,14.0
24171,115,0.026,16.0
24267,115,0.474,41.0
24268,115,0.384,38.0
24269,115,0.416,38.0
24270,115,0.782,48.0
24271,115,0.468,41.0
24272,115,0.502,43.0
24273,115,0.422,39.0
24274,115,0.706,48.0
24275,115,0.498,43.0
24276,115,0.608,46.0
24277,115,0.48,44.0
24278,115,0.458,43.0
24279,115,0.446,41.0
24280,115,0.508,42.0
24281,115,0.568,46.0
24282,115,0.502,42.0
24283,115,0.554,44.0
24284,115,0.386,37.0
24285,115,0.53,42.0
24286,115,0.498,41.0
24287,115,0.512,43.0
24288,115,0.092,23.0
24289,115,0.496,43.0
24290,115,0.598,45.0
24291,115,0.392,37.0
24594,116,0.06,21.0
24634,116,0.744,48.0
24635,116,0.4,38.0
24636,116,0.634,44.0
24637,116,0.58,45.0
24638,116,0.618,45.0
24639,116,0.434,39.0
24640,116,0.604,43.0
24641,116,0.454,40.0
24642,116,0.408,38.0
24367,115,0.54,42.0
24368,115,0.458,42.0
24369,115,0.526,43.0
24370,115,0.574,43.0
24371,115,0.624,48.0
24372,115,0.564,44.0
24373,115,0.542,44.0
24406,115,0.628,44.0
24407,115,0.774,49.0
24408,115,0.332,36.0
24409,115,0.55,44.0
24410,115,0.506,42.0
24411,115,0.618,48.0
24643,116,0.63,46.0
24690,116,0.478,43.0
24691,116,0.472,42.0
24692,116,0.612,45.0
24693,116,0.612,44.0
24694,116,0.52,41.0
24695,116,0.432,40.0
24696,116,0.338,36.0
24697,116,0.584,43.0
24698,116,0.702,48.0
24699,116,0.346,37.0
24700,116,0.446,39.0
24701,116,0.42,40.0
23612,112,0.518,43.0
23613,112,0.418,40.0
23614,112,0.434,39.0
23615,112,0.584,45.0
23616,112,0.358,37.0
23617,112,0.37,36.0
23618,112,0.414,38.0
23619,112,0.566,42.0
23620,112,0.382,41.0
23621,112,0.426,38.0
23622,112,0.694,46.0
23623,112,0.316,35.0
23624,112,0.352,37.0
23625,112,0.36,35.0
23626,112,0.434,39.0
23627,112,0.342,35.0
23628,112,0.512,41.0
23629,112,0.448,41.0
23630,112,0.326,35.0
23631,112,0.438,41.0
24374,115,0.344,39.0
24375,115,0.424,41.0
24376,115,0.806,49.0
24377,115,0.52,42.0
24378,115,0.752,46.0
24379,115,0.47,41.0
24380,115,0.658,46.0
24381,115,0.67,46.0
24382,115,0.492,42.0
24383,115,0.75,49.0
24384,115,0.404,38.0
24385,115,0.458,40.0
24386,115,0.78,50.0
24387,115,0.546,43.0
24388,115,0.678,46.0
24389,115,0.416,41.0
24390,115,0.536,43.0
24391,115,0.396,38.0
24392,115,0.706,47.0
24393,115,0.54,43.0
24394,115,0.458,41.0
24395,115,0.64,45.0
24396,115,0.354,36.0
24397,115,0.376,37.0
24398,115,0.454,41.0
24399,115,0.682,45.0
24400,115,0.592,44.0
24401,115,0.848,51.0
24402,115,0.518,42.0
24403,115,0.516,43.0
24404,115,0.542,43.0
24405,115,0.568,45.0
23632,112,0.488,41.0
23633,112,0.398,39.0
23634,112,0.276,34.0
23635,112,0.328,36.0
23636,112,0.348,36.0
23637,112,0.17,27.0
23638,112,0.478,39.0
23639,112,0.09,23.0
23640,112,0.436,39.0
23641,112,0.508,41.0
23642,112,0.112,25.0
23643,112,0.34,36.0
23644,112,0.468,41.0
23645,112,0.422,39.0
23646,112,0.388,38.0
23647,112,0.594,44.0
23648,112,0.492,40.0
23649,112,0.55,43.0
23650,112,0.328,36.0
23651,112,0.334,35.0
23652,112,0.404,37.0
23653,112,0.396,39.0
23654,112,0.18,29.0
23655,112,0.43,40.0
23656,112,0.344,37.0
23657,112,0.11,24.0
23658,112,0.088,22.0
23659,112,0.298,35.0
23660,112,0.14,26.0
23661,112,0.09,23.0
23662,112,0.458,40.0
23663,112,0.386,37.0
23664,112,0.402,39.0
23665,112,0.566,43.0
23666,112,0.11,23.0
23667,112,0.104,24.0
23668,112,0.14,26.0
23669,112,0.1,24.0
23670,112,0.382,36.0
23671,112,0.506,41.0
23672,112,0.454,40.0
23673,112,0.104,23.0
23674,112,0.122,24.0
23675,112,0.434,39.0
23676,112,0.312,34.0
23677,112,0.098,24.0
23678,112,0.406,38.0
23679,112,0.216,33.0
23680,112,0.828,50.0
23681,112,0.62,46.0
23682,112,0.108,24.0
23683,112,0.096,23.0
23684,112,0.09,22.0
23685,112,0.086,22.0
23686,112,0.086,22.0
23687,112,0.134,25.0
23688,112,0.128,27.0
23689,112,0.38,37.0
23690,112,0.546,42.0
23691,112,0.544,43.0
23692,112,0.14,27.0
23693,112,0.084,23.0
23694,112,0.134,26.0
23695,112,0.576,45.0
23696,112,0.082,23.0
23697,112,0.156,29.0
23698,112,0.578,43.0
23699,112,0.094,24.0
23700,112,0.086,23.0
23701,112,0.134,25.0
23702,112,0.32,35.0
23703,112,0.058,20.0
23704,112,0.346,37.0
23705,112,0.088,22.0
23706,112,0.148,27.0
23707,112,0.092,23.0
23708,112,0.07,21.0
23709,112,0.084,22.0
23710,112,0.066,20.0
23711,112,0.088,23.0
23712,112,0.608,43.0
23713,112,0.104,24.0
23714,112,0.104,24.0
23715,112,0.318,35.0
23716,112,0.116,24.0
23717,112,0.33,35.0
23718,112,0.078,22.0
23719,112,0.122,25.0
23720,112,0.118,25.0
23721,112,0.1,23.0
23722,112,0.166,28.0
17748,99,0.486,41.0
17749,99,0.63,47.0
17750,99,0.388,36.0
17777,99,0.022,15.0
17778,99,0.018,15.0
17779,99,0.032,17.0
17780,99,0.022,15.0
17781,99,0.016,13.0
17782,99,0.434,38.0
17783,99,0.228,32.0
17784,99,0.422,38.0
17785,99,0.378,37.0
17786,99,0.512,41.0
17787,99,0.236,32.0
17788,99,0.45,39.0
17789,99,0.49,41.0
17790,99,0.34,36.0
17791,99,0.546,43.0
17792,99,0.622,46.0
17793,99,0.08,23.0
17794,99,0.104,25.0
17795,99,0.12,25.0
15653,94,0.666,46.0
15654,94,0.902,51.0
15655,94,0.612,43.0
15656,94,0.74,49.0
15657,94,0.49,43.0
15658,94,0.672,45.0
15659,94,0.842,50.0
15660,94,0.732,49.0
15661,94,0.624,45.0
15662,94,0.612,45.0
15663,94,0.706,47.0
15664,94,0.46,41.0
15665,94,0.896,49.0
15666,94,0.658,45.0
15667,94,0.508,45.0
16657,96,0.384,38.0
16658,96,0.258,33.0
16659,96,0.398,38.0
16660,96,0.272,35.0
16661,96,0.268,34.0
16662,96,0.558,45.0
16663,96,0.292,35.0
16664,96,0.346,37.0
16665,96,0.376,37.0
16666,96,0.494,42.0
16667,96,0.276,34.0
16668,96,0.154,26.0
16669,96,0.35,37.0
16670,96,0.47,42.0
16671,96,0.362,37.0
16672,96,0.262,34.0
16673,96,0.456,41.0
16674,96,0.108,25.0
16675,96,0.322,36.0
16676,96,0.282,33.0
16677,96,0.292,35.0
16678,96,0.212,31.0
17796,99,0.042,19.0
17797,99,0.096,24.0
17798,99,0.1,24.0
17799,99,0.03,17.0
17800,99,0.02,15.0
17801,99,0.01,12.0
17828,100,0.54,43.0
17829,100,1.128,53.0
17830,100,0.326,36.0
17831,100,0.378,37.0
17832,100,0.278,33.0
17836,100,0.678,46.0
17837,100,0.654,46.0
17838,100,0.602,44.0
17839,100,0.808,49.0
17840,100,0.726,47.0
17841,100,0.472,42.0
17842,100,0.688,45.0
17843,100,1.524,64.0
17844,100,0.604,43.0
16705,96,0.016,13.0
16706,96,0.018,14.0
17845,100,0.486,41.0
17846,100,0.612,45.0
17847,100,0.618,45.0
17848,100,0.502,41.0
17849,100,0.602,45.0
17850,100,0.548,42.0
17851,100,0.646,45.0
17852,100,0.586,44.0
17853,100,0.68,47.0
17854,100,0.484,42.0
17855,100,0.366,37.0
17856,100,0.65,44.0
17882,100,0.506,42.0
17883,100,0.57,46.0
17884,100,0.538,43.0
17885,100,0.562,41.0
17886,100,0.558,43.0
17887,100,0.502,41.0
17889,100,0.502,42.0
17890,100,0.65,46.0
15816,94,0.522,45.0
15817,94,0.688,47.0
15818,94,0.412,40.0
15819,94,0.642,49.0
15820,94,0.618,45.0
15821,94,0.846,49.0
15822,94,0.602,45.0
15823,94,0.436,41.0
15824,94,0.75,48.0
15825,94,0.7,47.0
15826,94,0.392,39.0
15827,94,0.542,43.0
15828,94,0.762,48.0
15829,94,0.678,46.0
15830,94,0.624,48.0
15831,94,0.672,46.0
15832,94,0.636,45.0
15833,94,0.75,50.0
15834,94,0.706,47.0
15864,94,0.622,46.0
15865,94,0.66,47.0
15866,94,0.546,43.0
17891,100,0.624,44.0
17892,100,0.636,45.0
17893,100,0.63,45.0
17894,100,0.666,45.0
17895,100,0.688,47.0
17896,100,0.654,45.0
17897,100,0.328,35.0
17898,100,0.534,42.0
17899,100,0.704,46.0
17900,100,0.588,44.0
17901,100,0.42,38.0
17902,100,0.542,43.0
17903,100,0.452,39.0
17904,100,0.432,41.0
17905,100,0.802,54.0
17906,100,0.672,46.0
17907,100,0.884,50.0
17908,100,0.728,47.0
15867,94,0.594,45.0
15868,94,0.912,52.0
15869,94,0.722,50.0
15870,94,0.59,43.0
15871,94,0.608,44.0
15872,94,0.396,42.0
15873,94,0.64,45.0
15874,94,0.844,48.0
15875,94,0.65,45.0
15876,94,0.672,47.0
15877,94,0.82,51.0
15878,94,0.394,38.0
15879,94,0.512,42.0
15880,94,0.478,40.0
15881,94,0.608,47.0
15882,94,0.728,46.0
15883,94,0.61,44.0
15884,94,0.686,47.0
15885,94,0.79,48.0
15886,94,0.578,43.0
15887,94,0.654,47.0
15888,94,0.608,44.0
15889,94,0.608,45.0
15890,94,0.644,44.0
15891,94,0.578,45.0
15892,94,0.65,46.0
15893,94,0.476,44.0
15894,94,0.802,50.0
15895,94,0.612,44.0
15896,94,0.55,44.0
15897,94,0.696,47.0
15898,94,0.52,42.0
15899,94,0.458,41.0
15900,94,0.59,45.0
18009,101,0.586,46.0
18010,101,0.574,42.0
18011,101,0.628,44.0
15901,94,0.534,44.0
15902,94,0.536,42.0
15903,94,0.424,41.0
15904,94,0.73,46.0
15905,94,0.594,44.0
18035,101,0.592,45.0
18036,101,0.514,42.0
18037,101,0.882,51.0
18038,101,0.53,42.0
18039,101,0.692,47.0
18040,101,0.556,43.0
18041,101,0.506,42.0
18042,101,0.488,41.0
18043,101,0.67,46.0
18044,101,0.562,43.0
18045,101,0.598,44.0
18046,101,0.506,42.0
18047,101,0.626,44.0
18048,101,0.536,42.0
18049,101,0.478,42.0
18050,101,0.78,48.0
18051,101,0.516,43.0
18052,101,0.818,50.0
18053,101,0.498,42.0
18054,101,0.508,42.0
18055,101,0.684,46.0
18064,101,0.548,44.0
18065,101,0.576,44.0
17120,97,0.096,23.0
17121,97,0.102,24.0
17122,97,0.144,27.0
17123,97,0.104,24.0
17146,97,0.074,22.0
17147,97,0.07,21.0
18066,101,0.576,44.0
18067,101,0.562,43.0
18068,101,0.768,50.0
18069,101,0.49,42.0
18070,101,0.498,42.0
18071,101,0.534,45.0
18072,101,0.54,43.0
18073,101,0.664,47.0
18074,101,0.53,43.0
18075,101,0.58,45.0
18076,101,0.534,43.0
18077,101,0.416,39.0
18078,101,0.34,37.0
17148,97,0.076,22.0
17149,97,0.096,23.0
17150,97,0.078,22.0
17151,97,0.048,19.0
17152,97,0.084,23.0
17153,97,0.078,22.0
17154,97,0.126,25.0
17155,97,0.032,16.0
17156,97,0.076,21.0
17157,97,0.11,24.0
17158,97,0.078,22.0
17159,97,0.048,19.0
17160,97,0.054,19.0
17161,97,0.038,17.0
17162,97,0.032,16.0
17163,97,0.038,17.0
17164,97,0.032,16.0
17165,97,0.068,21.0
17182,97,0.78,48.0
17183,97,0.974,58.0
17184,97,0.508,44.0
17185,97,0.464,39.0
17186,97,0.258,36.0
18129,101,0.066,21.0
18130,101,0.068,22.0
18155,101,0.54,43.0
18156,101,0.512,44.0
18157,101,0.886,52.0
18158,101,0.67,45.0
18159,101,0.55,43.0
18160,101,0.65,46.0
18161,101,0.65,45.0
18162,101,0.588,45.0
18163,101,0.662,44.0
18164,101,0.52,42.0
18165,101,0.486,41.0
18166,101,0.47,40.0
18167,101,0.704,46.0
18168,101,0.702,46.0
18169,101,0.726,46.0
18170,101,0.402,37.0
18171,101,0.708,47.0
18172,101,0.522,43.0
18173,101,0.484,42.0
18174,101,0.7,47.0
16181,95,0.502,41.0
16182,95,0.6,46.0
16183,95,0.558,43.0
16184,95,0.614,43.0
16185,95,0.474,40.0
16186,95,0.614,45.0
16187,95,0.372,37.0
16188,95,0.578,43.0
16189,95,0.398,40.0
16190,95,0.404,38.0
16191,95,0.366,37.0
16192,95,0.336,37.0
16193,95,0.556,43.0
16194,95,0.432,38.0
16195,95,0.434,39.0
16196,95,0.404,40.0
16197,95,0.448,38.0
16198,95,0.248,32.0
16199,95,0.07,21.0
16212,95,0.322,35.0
17187,97,0.176,30.0
17188,97,0.204,31.0
17189,97,0.268,33.0
17190,97,0.026,15.0
17191,97,0.03,16.0
17192,97,0.018,13.0
17193,97,0.026,15.0
17194,97,0.026,15.0
18175,101,0.554,43.0
18176,101,0.556,43.0
18177,101,0.528,42.0
18178,101,0.614,45.0
18179,101,0.022,15.0
18180,101,0.044,19.0
18181,101,0.03,16.0
18182,101,0.032,17.0
18183,101,0.02,14.0
18184,101,0.022,15.0
18185,101,0.026,16.0
18186,101,0.028,17.0
16213,95,0.374,36.0
16214,95,0.498,40.0
16215,95,0.39,38.0
16216,95,0.394,38.0
16217,95,0.33,36.0
16218,95,0.39,36.0
16219,95,0.626,44.0
16220,95,0.54,43.0
16221,95,0.356,35.0
16222,95,0.548,43.0
16223,95,0.392,39.0
16224,95,0.414,38.0
16225,95,0.572,42.0
16226,95,0.356,37.0
16227,95,0.62,46.0
16228,95,0.474,40.0
16229,95,0.308,34.0
16230,95,0.692,47.0
16231,95,0.676,44.0
16232,95,0.32,34.0
16233,95,0.722,46.0
16234,95,0.726,46.0
16235,95,0.578,43.0
16236,95,0.512,41.0
16237,95,0.098,24.0
16238,95,0.32,34.0
16239,95,0.404,37.0
16240,95,0.452,39.0
16241,95,0.504,41.0
16242,95,0.392,38.0
16243,95,0.72,48.0
16244,95,0.282,34.0
16245,95,0.434,38.0
16246,95,0.572,42.0
16247,95,0.574,42.0
17281,99,0.62,45.0
17282,99,0.61,44.0
17283,99,0.374,36.0
17284,99,0.408,39.0
17285,99,0.566,44.0
17286,99,0.39,40.0
17287,99,0.46,41.0
17288,99,0.616,44.0
17289,99,0.692,48.0
17290,99,0.378,38.0
17291,99,0.176,31.0
17292,99,0.348,37.0
17293,99,0.436,40.0
17294,99,0.462,40.0
17295,99,0.388,38.0
17296,99,0.432,38.0
17297,99,0.252,34.0
17298,99,0.422,40.0
17299,99,0.634,45.0
17300,99,0.42,40.0
18240,101,0.564,45.0
18241,101,0.636,45.0
18242,101,0.618,46.0
18243,101,0.6,44.0
18244,101,0.49,43.0
18245,101,0.622,45.0
18246,101,0.602,43.0
18247,101,0.674,47.0
18248,101,0.476,41.0
18249,101,0.574,45.0
18250,101,0.544,42.0
18251,101,0.748,46.0
18252,101,0.872,50.0
18253,101,0.584,44.0
18254,101,0.46,42.0
18255,101,0.474,41.0
18256,101,0.506,46.0
18257,101,0.706,47.0
18258,101,0.546,42.0
18260,101,0.572,44.0
18261,101,0.762,51.0
18262,101,0.658,45.0
18263,101,0.484,41.0
18264,101,0.53,41.0
16248,95,0.488,40.0
16249,95,0.514,42.0
16250,95,0.742,48.0
16251,95,0.54,43.0
16252,95,0.288,34.0
16253,95,0.728,45.0
16254,95,0.498,41.0
16255,95,0.542,42.0
16256,95,0.51,43.0
16257,95,0.51,41.0
16258,95,0.622,45.0
16259,95,0.502,41.0
16260,95,0.338,36.0
16261,95,0.414,38.0
16262,95,0.484,41.0
16263,95,0.532,41.0
16264,95,0.384,37.0
16265,95,0.678,46.0
16266,95,0.5,42.0
16267,95,0.906,50.0
16268,95,0.694,46.0
16269,95,0.736,46.0
16278,95,0.464,40.0
16279,95,0.498,41.0
16280,95,0.488,41.0
16281,95,0.598,43.0
16282,95,0.306,34.0
16283,95,0.442,39.0
16284,95,0.61,44.0
17338,99,0.374,37.0
17339,99,0.456,41.0
17340,99,0.414,39.0
17341,99,0.458,43.0
17342,99,0.356,36.0
17343,99,0.504,42.0
17344,99,0.472,40.0
17345,99,0.332,36.0
17346,99,0.302,35.0
17347,99,0.688,47.0
17348,99,0.51,41.0
17349,99,0.508,42.0
17350,99,0.26,32.0
17351,99,0.326,35.0
17352,99,0.386,39.0
17353,99,0.402,38.0
18314,101,0.586,44.0
18315,101,0.372,37.0
18316,101,0.616,46.0
18317,101,0.606,44.0
18318,101,0.322,35.0
18319,101,0.626,45.0
18320,101,0.6,45.0
18321,101,0.512,42.0
18322,101,0.406,39.0
18323,101,0.396,43.0
18324,101,0.654,47.0
18325,101,0.544,44.0
18326,101,0.716,46.0
18327,101,0.566,44.0
18328,101,0.53,41.0
18329,101,0.71,47.0
18330,101,0.472,40.0
18331,101,0.572,44.0
18332,101,0.52,43.0
18333,101,0.576,44.0
18334,101,0.492,42.0
18335,101,0.616,45.0
18336,101,0.53,42.0
18337,101,0.7,48.0
18338,101,0.594,43.0
16285,95,0.466,40.0
16286,95,0.622,44.0
16287,95,0.55,42.0
16288,95,0.428,39.0
16289,95,0.29,33.0
16290,95,0.502,42.0
16291,95,0.412,38.0
16292,95,0.466,39.0
16293,95,0.354,37.0
16294,95,0.498,39.0
16295,95,0.5,41.0
16296,95,0.648,45.0
16297,95,0.78,48.0
16298,95,0.586,45.0
16299,95,0.412,38.0
16300,95,0.418,39.0
16301,95,0.47,40.0
16302,95,0.37,37.0
16303,95,0.588,45.0
16304,95,0.258,31.0
16305,95,0.402,37.0
16306,95,0.222,31.0
16307,95,0.776,49.0
16308,95,0.534,41.0
16309,95,0.382,37.0
16310,95,0.576,43.0
16311,95,0.504,43.0
16312,95,0.65,46.0
16313,95,0.53,40.0
16314,95,0.414,38.0
16315,95,0.544,41.0
16316,95,0.166,27.0
16317,95,0.546,44.0
16318,95,0.416,42.0
16319,95,0.634,45.0
16320,95,0.616,46.0
16321,95,0.49,41.0
16322,95,0.444,39.0
16323,95,0.486,42.0
16324,95,0.33,36.0
17401,99,0.35,35.0
17402,99,0.296,35.0
17403,99,0.492,42.0
17404,99,0.318,36.0
17405,99,0.484,42.0
17406,99,0.324,37.0
17407,99,0.428,39.0
17408,99,0.44,39.0
17409,99,0.434,40.0
17410,99,0.28,34.0
17411,99,0.442,41.0
17412,99,0.338,36.0
17413,99,0.476,40.0
17414,99,0.474,41.0
17415,99,0.28,33.0
17416,99,0.432,39.0
18401,102,0.124,26.0
18402,102,0.068,21.0
18403,102,0.096,23.0
18404,102,0.084,23.0
18405,102,0.084,23.0
18406,102,0.118,25.0
18407,102,0.112,25.0
18408,102,0.12,25.0
18409,102,0.146,27.0
18410,102,0.144,27.0
18411,102,0.22,31.0
18412,102,0.144,27.0
18413,102,0.218,32.0
15333,92,0.688,46.0
15334,92,0.708,47.0
15335,92,0.7,48.0
15336,92,0.516,42.0
15337,92,0.646,46.0
15338,92,0.53,43.0
15339,92,0.76,49.0
15340,92,0.744,50.0
15341,92,0.56,44.0
15342,92,0.704,45.0
15343,92,0.552,43.0
15344,92,0.774,49.0
15345,92,0.556,43.0
15346,92,0.556,45.0
15347,92,0.752,49.0
15348,92,0.738,47.0
15349,92,0.646,46.0
15350,92,0.586,44.0
15351,92,0.584,44.0
15352,92,0.558,44.0
15353,92,0.69,48.0
16325,95,0.498,42.0
16326,95,0.5,42.0
16327,95,0.488,41.0
16328,95,0.356,36.0
16329,95,0.366,37.0
16330,95,0.58,43.0
16331,95,0.322,35.0
16332,95,0.628,43.0
16333,95,0.4,38.0
16334,95,0.362,36.0
16335,95,0.318,35.0
16336,95,0.386,37.0
16337,95,0.532,40.0
16338,95,0.582,42.0
16339,95,0.512,42.0
16340,95,0.658,47.0
16341,95,0.062,20.0
16342,95,0.582,43.0
16343,95,0.414,37.0
16344,95,0.182,28.0
16345,95,0.376,38.0
16346,95,0.408,38.0
16347,95,0.416,37.0
16348,95,0.584,44.0
16349,95,0.118,25.0
16350,95,0.112,25.0
16351,95,0.648,46.0
16352,95,0.494,41.0
17451,99,0.068,21.0
17452,99,0.038,17.0
17453,99,0.058,21.0
17454,99,0.02,15.0
17455,99,0.022,15.0
17456,99,0.056,21.0
17457,99,0.028,16.0
17458,99,0.042,18.0
17459,99,0.038,18.0
17460,99,0.042,19.0
17461,99,0.048,20.0
17462,99,0.022,15.0
17463,99,0.032,17.0
17464,99,0.022,16.0
17465,99,0.03,17.0
17466,99,0.022,15.0
17467,99,0.028,16.0
17468,99,0.024,16.0
17469,99,0.046,20.0
17470,99,0.026,15.0
17471,99,0.024,15.0
17472,99,0.02,14.0
17473,99,0.03,17.0
17474,99,0.022,15.0
15483,92,0.556,44.0
15484,92,0.618,45.0
17475,99,0.024,16.0
17512,99,0.284,34.0
17513,99,0.202,30.0
17514,99,0.452,40.0
17515,99,0.396,38.0
17516,99,0.3,35.0
17517,99,0.198,29.0
17518,99,0.368,38.0
17519,99,0.354,36.0
17520,99,0.444,41.0
17521,99,0.308,35.0
17522,99,0.32,36.0
17523,99,0.466,39.0
17524,99,0.378,36.0
17525,99,0.216,31.0
17526,99,0.284,36.0
17527,99,0.4,37.0
17528,99,0.274,34.0
18511,102,0.094,23.0
18512,102,0.128,25.0
18513,102,0.108,25.0
18514,102,0.104,25.0
18515,102,0.116,25.0
18516,102,0.076,22.0
18517,102,0.08,22.0
18518,102,0.11,24.0
18519,102,0.078,23.0
18520,102,0.178,29.0
18521,102,0.094,24.0
18522,102,0.134,27.0
18523,102,0.136,27.0
18524,102,0.09,23.0
18525,102,0.084,23.0
18526,102,0.084,24.0
18527,102,0.104,24.0
18528,102,0.1,24.0
18529,102,0.092,23.0
18530,102,0.15,27.0
18531,102,0.086,23.0
18532,102,0.126,25.0
18533,102,0.076,21.0
18534,102,0.07,21.0
18535,102,0.094,22.0
15485,92,0.61,46.0
15486,92,0.688,48.0
15487,92,0.758,49.0
15488,92,0.678,48.0
15489,92,0.688,47.0
15490,92,0.704,47.0
15491,92,0.69,46.0
15492,92,0.556,45.0
15493,92,0.65,44.0
15494,92,0.634,44.0
15495,92,0.59,46.0
15496,92,0.75,47.0
15497,92,0.658,45.0
15498,92,0.826,51.0
15499,92,0.764,48.0
15500,92,0.694,46.0
15501,92,0.576,44.0
15502,92,0.764,49.0
15503,92,0.572,43.0
15504,92,0.944,51.0
15505,92,0.542,43.0
15506,92,0.812,48.0
15510,92,0.592,43.0
15511,92,1.042,55.0
15512,92,0.564,42.0
17529,99,0.412,38.0
17530,99,0.33,36.0
17531,99,0.272,33.0
17532,99,0.59,46.0
17533,99,0.712,46.0
17534,99,0.398,37.0
17535,99,0.314,35.0
17536,99,0.468,42.0
17537,99,0.624,45.0
17538,99,0.464,39.0
17539,99,0.388,38.0
17540,99,0.294,33.0
17541,99,0.32,36.0
17542,99,0.378,37.0
17543,99,0.436,40.0
17562,99,0.518,43.0
18622,102,0.052,20.0
18623,102,0.08,22.0
18624,102,0.13,25.0
18625,102,0.078,22.0
18626,102,0.582,44.0
18627,102,0.18,29.0
18628,102,0.074,22.0
18629,102,0.086,23.0
18630,102,0.112,24.0
18631,102,0.092,23.0
18632,102,0.108,24.0
15556,94,0.53,43.0
15557,94,0.526,43.0
15558,94,0.552,44.0
15559,94,0.644,46.0
15560,94,0.604,45.0
15561,94,0.694,45.0
15562,94,0.66,46.0
15563,94,0.756,47.0
15564,94,0.6,43.0
15565,94,0.666,45.0
15566,94,0.77,47.0
15567,94,0.744,49.0
15568,94,0.646,45.0
15569,94,0.596,43.0
15570,94,1.0,52.0
15571,94,0.514,42.0
15572,94,0.672,47.0
15573,94,0.53,42.0
16583,96,0.602,44.0
16584,96,0.352,38.0
16585,96,0.444,40.0
16586,96,0.176,28.0
16587,96,0.298,34.0
16588,96,0.308,34.0
16589,96,0.322,36.0
16590,96,0.338,37.0
16591,96,0.34,35.0
16592,96,0.302,36.0
16593,96,0.666,47.0
16594,96,0.458,40.0
16595,96,0.254,32.0
16596,96,0.278,33.0
16597,96,0.27,33.0
16598,96,0.28,33.0
16599,96,0.432,41.0
16600,96,0.264,33.0
16601,96,0.372,38.0
16602,96,0.418,40.0
16603,96,0.27,34.0
16604,96,0.422,40.0
16605,96,0.288,34.0
17665,99,0.278,34.0
17666,99,0.384,38.0
17667,99,0.594,45.0
17668,99,0.486,41.0
17669,99,0.352,36.0
17670,99,0.472,40.0
17671,99,0.46,39.0
17672,99,0.39,37.0
17673,99,0.278,34.0
17674,99,0.288,35.0
17675,99,0.566,42.0
17676,99,0.252,33.0
17677,99,0.32,35.0
18633,102,0.12,25.0
18634,102,0.14,27.0
18635,102,0.104,24.0
18636,102,0.07,21.0
18637,102,0.038,17.0
18638,102,0.09,22.0
18639,102,0.126,25.0
18640,102,0.074,22.0
18641,102,0.092,24.0
18642,102,0.124,26.0
18643,102,0.238,32.0
18644,102,0.146,26.0
15574,94,0.58,45.0
15575,94,0.706,46.0
15576,94,0.718,49.0
15577,94,0.652,44.0
15578,94,0.858,50.0
15579,94,0.742,49.0
15580,94,0.534,48.0
15581,94,0.574,45.0
15582,94,0.37,38.0
15583,94,0.592,47.0
15584,94,0.77,48.0
16606,96,0.362,37.0
16607,96,0.284,34.0
16608,96,0.39,37.0
16609,96,0.03,16.0
16610,96,0.042,18.0
16611,96,0.026,15.0
16612,96,0.022,15.0
16613,96,0.018,14.0
16614,96,0.02,15.0
16615,96,0.02,14.0
16616,96,0.016,13.0
16617,96,0.014,13.0
16618,96,0.038,17.0
16619,96,0.018,14.0
16620,96,0.014,13.0
16621,96,0.03,17.0
16622,96,0.024,15.0
16623,96,0.022,15.0
16624,96,0.024,15.0
16625,96,0.014,13.0
16626,96,0.016,13.0
16627,96,0.028,15.0
16628,96,0.016,13.0
16629,96,0.012,12.0
16655,96,0.264,33.0
16656,96,0.424,39.0
17678,99,0.276,34.0
17679,99,0.496,43.0
17680,99,0.502,41.0
17681,99,0.462,41.0
17682,99,0.454,40.0
17683,99,0.462,41.0
17684,99,0.296,34.0
17685,99,0.494,41.0
17686,99,0.45,39.0
17687,99,0.57,45.0
17688,99,0.264,32.0
17689,99,0.38,37.0
17690,99,0.396,39.0
17691,99,0.314,36.0
17692,99,0.53,42.0
17693,99,0.552,43.0
17694,99,0.392,37.0
17695,99,0.468,44.0
17696,99,0.33,37.0
17697,99,0.42,41.0
17716,99,0.312,35.0
17717,99,0.516,40.0
17718,99,0.418,39.0
27984,129,0.568,44.0
27985,129,0.664,49.0
27986,129,0.704,49.0
27987,129,0.56,44.0
27988,129,0.59,45.0
27989,129,0.41,40.0
25010,116,0.018,14.0
25011,116,0.02,14.0
25012,116,0.052,20.0
25013,116,0.02,14.0
25014,116,0.02,15.0
25015,116,0.016,13.0
25016,116,0.024,15.0
25017,116,0.02,14.0
25018,116,0.014,13.0
25019,116,0.016,14.0
25020,116,0.028,15.0
25021,116,0.024,15.0
25022,116,0.02,14.0
25023,116,0.018,14.0
25024,116,0.026,16.0
25025,116,0.014,13.0
25026,116,0.016,13.0
25027,116,0.016,13.0
25028,117,0.804,47.0
25029,117,0.73,51.0
25030,117,0.966,52.0
25031,117,0.758,49.0
25032,117,0.8,49.0
25033,117,0.622,44.0
25034,117,0.768,50.0
25035,117,0.662,47.0
25036,117,0.77,50.0
25037,117,0.928,51.0
25038,117,0.734,50.0
25039,117,1.218,56.0
25040,117,0.822,49.0
25041,117,1.096,55.0
25867,119,0.516,42.0
25868,119,0.548,45.0
25869,119,0.47,41.0
25870,119,0.458,39.0
25871,119,0.618,44.0
25872,119,0.608,45.0
25873,119,0.628,46.0
25874,119,0.506,42.0
25875,119,0.572,45.0
25876,119,0.452,41.0
25877,119,0.57,43.0
25878,119,0.806,50.0
25879,119,0.566,42.0
25880,119,0.648,46.0
25881,119,0.566,44.0
25882,119,0.464,40.0
25883,119,0.4,38.0
25884,119,0.728,51.0
25885,119,0.658,44.0
25886,119,0.458,41.0
25887,119,0.312,35.0
25888,119,0.422,39.0
25889,119,0.592,43.0
25891,119,0.586,44.0
25892,119,0.654,47.0
25893,119,0.262,34.0
25894,119,0.636,45.0
25895,119,0.622,46.0
25896,119,0.59,43.0
25897,119,0.488,40.0
25898,119,0.456,41.0
25899,119,0.522,42.0
25900,119,0.552,43.0
25901,119,0.436,42.0
25902,119,0.084,23.0
25903,119,0.054,20.0
25904,119,0.056,21.0
25905,119,0.07,21.0
27990,129,0.74,47.0
27991,129,0.682,48.0
27992,129,0.536,45.0
27993,129,0.704,47.0
27994,129,0.766,47.0
27995,129,0.654,46.0
27996,129,0.742,48.0
27997,129,0.686,53.0
27998,129,0.712,49.0
27999,129,0.964,52.0
28000,129,0.758,49.0
28001,129,0.732,47.0
28002,129,0.674,47.0
28003,129,0.894,50.0
28004,129,0.732,48.0
28005,129,0.594,45.0
28006,129,0.66,45.0
28007,129,0.698,49.0
28008,129,0.64,47.0
28009,129,0.596,46.0
28010,129,0.798,49.0
28011,129,0.77,47.0
28012,129,0.944,53.0
28013,129,0.64,45.0
28014,129,0.628,44.0
28015,129,0.89,51.0
28016,129,0.522,42.0
28017,129,0.51,43.0
28018,129,0.6,45.0
28019,129,0.716,47.0
28020,129,0.674,46.0
28021,129,0.682,44.0
25042,117,0.91,50.0
25043,117,0.734,46.0
25044,117,0.378,39.0
25045,117,0.604,46.0
25046,117,0.694,48.0
25047,117,0.738,48.0
25048,117,0.78,50.0
25049,117,0.912,51.0
25050,117,0.516,44.0
25051,117,0.468,42.0
25052,117,0.556,44.0
25053,117,0.604,44.0
25078,117,0.634,46.0
25079,117,0.822,49.0
25080,117,0.522,44.0
25081,117,0.708,46.0
25082,117,0.042,20.0
25083,117,0.018,15.0
25084,117,1.024,52.0
25085,117,0.832,52.0
25906,119,0.074,21.0
25907,119,0.048,19.0
25908,119,0.066,22.0
25909,119,0.066,21.0
25910,119,0.144,28.0
25911,119,0.068,21.0
25912,119,0.03,17.0
25913,119,0.064,21.0
25914,119,0.052,20.0
25965,119,0.286,34.0
25966,119,0.562,43.0
25967,119,0.534,43.0
25968,119,0.312,36.0
28022,129,1.028,51.0
28023,129,0.352,37.0
28024,129,0.43,39.0
28025,129,1.088,55.0
28026,129,0.694,46.0
28027,129,0.636,46.0
28028,129,0.524,44.0
28029,129,0.976,52.0
28030,129,0.566,44.0
28031,129,0.738,47.0
28032,129,0.81,52.0
28036,129,0.59,43.0
28037,129,0.654,45.0
28038,129,1.16,54.0
28039,129,0.938,52.0
28040,129,0.616,45.0
28041,129,0.75,46.0
28042,129,0.652,46.0
28043,129,0.53,47.0
28044,129,0.706,47.0
28045,129,0.612,45.0
28046,129,0.562,42.0
28047,129,0.376,37.0
28048,129,0.506,41.0
28049,129,0.644,45.0
28050,129,0.668,46.0
28051,129,2.328,68.0
25086,117,0.618,46.0
25087,117,1.242,58.0
25088,117,0.812,53.0
25089,117,0.674,45.0
25090,117,0.974,52.0
25091,117,0.772,49.0
25092,117,0.574,44.0
25093,117,0.892,52.0
25094,117,0.7,47.0
25095,117,0.82,51.0
25096,117,0.892,49.0
25097,117,0.696,46.0
25098,117,0.394,42.0
25099,117,0.686,47.0
25100,117,0.986,53.0
25101,117,1.09,54.0
25102,117,0.582,46.0
25103,117,0.722,48.0
25104,117,0.864,50.0
25105,117,0.708,47.0
25106,117,0.656,45.0
25107,117,1.036,54.0
25108,117,0.804,50.0
25109,117,0.706,48.0
25110,117,0.624,45.0
25111,117,0.606,45.0
25112,117,0.812,49.0
25113,117,1.054,55.0
25969,119,0.408,39.0
25970,119,0.398,41.0
25971,119,0.664,47.0
25972,119,0.436,40.0
25973,119,0.55,43.0
25974,119,0.58,41.0
25975,119,0.76,50.0
25976,119,0.646,48.0
25977,119,0.344,37.0
25978,119,0.508,44.0
25979,119,0.482,42.0
25980,119,0.532,44.0
25981,119,0.312,34.0
25982,119,0.872,49.0
25983,119,0.594,43.0
25984,119,0.628,46.0
25985,119,0.49,44.0
25986,119,0.552,42.0
25987,119,0.494,45.0
25988,119,0.458,40.0
25989,119,0.33,36.0
26012,119,0.034,18.0
26013,119,0.042,19.0
26018,119,0.022,15.0
26019,119,0.024,16.0
26020,119,0.074,22.0
28052,129,0.848,52.0
28053,129,0.66,45.0
28054,129,0.744,47.0
28055,129,0.888,46.0
28056,129,1.09,56.0
28057,129,0.738,47.0
28058,129,0.634,46.0
28059,129,0.7,48.0
28060,129,0.85,51.0
28061,129,0.764,49.0
28062,129,0.72,49.0
28063,129,0.736,49.0
28064,129,0.684,45.0
28097,129,0.65,45.0
28098,129,0.44,42.0
28099,129,0.844,51.0
28100,129,0.572,43.0
28101,129,0.646,46.0
25114,117,0.81,49.0
25115,117,1.152,58.0
25116,117,0.782,51.0
25117,117,0.83,52.0
25118,117,0.886,49.0
25119,117,1.0,52.0
25120,117,0.826,48.0
25121,117,1.102,57.0
25122,117,0.86,49.0
25123,117,0.794,47.0
25124,117,0.656,46.0
25125,117,0.8,49.0
25126,117,0.87,50.0
25127,117,0.63,48.0
25128,117,0.602,49.0
25129,117,1.08,55.0
25130,117,0.648,47.0
26021,119,0.024,16.0
26022,119,0.026,16.0
26023,119,0.058,21.0
26024,119,0.078,22.0
26025,119,0.022,15.0
26026,119,0.02,15.0
26027,119,0.026,16.0
26028,119,0.018,14.0
26029,119,0.024,16.0
26030,119,0.022,14.0
26031,119,0.018,14.0
26032,119,0.02,15.0
26033,119,0.022,15.0
26034,119,0.016,14.0
26035,119,0.014,14.0
26036,119,0.016,13.0
25208,118,0.286,34.0
25209,118,0.356,37.0
25210,118,0.586,44.0
25211,118,0.558,46.0
25212,118,0.654,50.0
25213,118,0.506,41.0
25214,118,0.588,42.0
25215,118,0.656,46.0
25216,118,0.718,50.0
25217,118,0.808,50.0
25218,118,0.426,39.0
25219,118,0.61,44.0
25220,118,0.64,44.0
25221,118,1.01,52.0
25222,118,0.492,40.0
26121,120,0.458,41.0
26122,120,0.406,38.0
26123,120,0.51,41.0
26124,120,0.514,40.0
26125,120,0.828,48.0
26126,120,0.468,40.0
26127,120,0.516,41.0
26128,120,0.646,45.0
26129,120,0.642,45.0
26130,120,0.44,39.0
26131,120,0.524,41.0
26132,120,0.44,40.0
26133,120,0.462,39.0
26134,120,0.47,41.0
26135,120,0.498,40.0
27331,127,0.57,45.0
27332,127,0.5,41.0
27333,127,0.664,46.0
27334,127,0.648,46.0
27335,127,0.75,49.0
27336,127,0.604,44.0
27337,127,0.614,44.0
27338,127,0.652,45.0
27339,127,0.624,46.0
27340,127,0.488,43.0
27341,127,0.652,46.0
27342,127,0.54,44.0
27343,127,0.55,43.0
27344,127,0.396,40.0
27345,127,0.604,44.0
27346,127,0.62,47.0
28102,129,0.754,50.0
28103,129,0.546,45.0
28104,129,0.388,39.0
28105,129,0.502,44.0
25223,118,0.526,45.0
25224,118,0.808,51.0
25225,118,0.37,36.0
25226,118,1.58,62.0
25227,118,0.286,34.0
25228,118,0.464,40.0
25229,118,0.412,39.0
25230,118,0.28,35.0
25231,118,0.454,39.0
25232,118,0.038,17.0
25233,118,0.048,19.0
25234,118,0.058,20.0
25235,118,0.032,17.0
25236,118,0.02,15.0
25237,118,0.024,15.0
25238,118,0.02,14.0
25239,118,0.024,15.0
25240,118,0.028,16.0
25241,118,0.02,15.0
25242,118,0.032,17.0
25243,118,0.024,15.0
25244,118,0.024,16.0
25245,118,0.022,15.0
25246,118,0.026,15.0
25247,118,0.016,14.0
25248,118,0.018,14.0
25249,118,0.022,15.0
26136,120,0.448,40.0
26137,120,0.59,43.0
26138,120,0.502,40.0
26139,120,0.626,44.0
26140,120,0.41,40.0
26141,120,0.574,42.0
26142,120,0.604,45.0
26143,120,0.68,46.0
26144,120,0.654,44.0
26145,120,0.46,40.0
26146,120,0.418,39.0
26147,120,0.576,43.0
26148,120,0.41,39.0
26149,120,0.732,47.0
26150,120,0.61,45.0
26151,120,0.492,42.0
26152,120,0.484,41.0
26153,120,0.602,44.0
26154,120,0.472,38.0
26155,120,0.61,45.0
26156,120,0.44,40.0
26157,120,0.39,37.0
26158,120,0.634,43.0
26159,120,0.36,37.0
26160,120,0.502,39.0
26161,120,0.574,43.0
26162,120,0.472,39.0
26163,120,0.65,46.0
27380,127,0.652,47.0
27381,127,0.706,48.0
27382,127,0.538,42.0
27383,127,0.562,44.0
27384,127,0.832,53.0
27385,127,0.756,50.0
27386,127,0.544,45.0
27387,127,0.582,43.0
27388,127,0.812,50.0
27389,127,0.528,45.0
27390,127,0.538,44.0
27391,127,0.654,43.0
27392,127,0.586,44.0
27393,127,0.674,46.0
27394,127,0.69,48.0
27395,127,0.598,44.0
27396,127,0.702,45.0
27397,127,0.76,48.0
27398,127,0.668,47.0
27399,127,0.524,42.0
27400,127,0.602,44.0
27401,127,0.634,45.0
27402,127,0.704,47.0
27403,127,0.61,45.0
27404,127,0.598,46.0
27405,127,0.696,45.0
27406,127,0.592,46.0
27407,127,0.51,43.0
27408,127,0.606,46.0
27409,127,0.572,44.0
25250,118,0.016,13.0
25251,118,0.018,13.0
25252,118,0.016,14.0
26164,120,0.54,43.0
26165,120,0.504,41.0
26166,120,0.324,34.0
26167,120,0.408,40.0
26168,120,0.648,45.0
26169,120,0.448,39.0
26170,120,0.592,44.0
26171,120,0.598,42.0
26172,120,0.596,43.0
26173,120,0.384,38.0
26174,120,0.692,45.0
26175,120,0.556,44.0
26176,120,0.44,40.0
26177,120,0.572,43.0
26178,120,0.662,45.0
26179,120,0.776,48.0
26180,120,0.59,43.0
26181,120,0.506,41.0
26182,120,0.45,41.0
26183,120,0.616,46.0
26184,120,0.656,45.0
26185,120,0.524,41.0
26186,120,0.582,44.0
26187,120,0.524,43.0
26188,120,0.332,37.0
26189,120,0.71,47.0
26190,120,0.656,43.0
26191,120,0.42,39.0
26192,120,0.576,43.0
26193,120,0.442,38.0
26194,120,0.534,41.0
26195,120,0.466,41.0
26196,120,0.644,44.0
26197,120,0.442,39.0
26198,120,0.536,45.0
26199,120,0.542,42.0
27444,127,0.598,44.0
27445,127,0.526,43.0
27446,127,0.588,43.0
25383,118,0.466,40.0
25384,118,0.396,42.0
25385,118,0.816,49.0
25386,118,0.732,46.0
25387,118,0.602,43.0
25388,118,0.818,50.0
25389,118,0.684,49.0
25390,118,0.77,48.0
25391,118,0.606,45.0
25392,118,0.584,48.0
25393,118,0.522,43.0
25394,118,0.706,47.0
25395,118,0.294,36.0
25396,118,0.48,42.0
25397,118,0.744,47.0
25398,118,0.87,51.0
25399,118,0.822,50.0
25400,118,0.594,46.0
25401,118,0.728,49.0
26200,120,0.438,39.0
26201,120,0.574,42.0
26202,120,0.674,44.0
26203,120,0.396,37.0
26204,120,0.668,47.0
26205,120,0.588,43.0
26206,120,0.586,43.0
26207,120,0.658,48.0
26208,120,0.48,39.0
26209,120,0.568,42.0
26210,120,0.522,42.0
26211,120,0.862,50.0
26212,120,0.606,45.0
26213,120,0.33,35.0
26214,120,0.648,45.0
26215,120,0.774,47.0
26216,120,0.754,46.0
26217,120,0.66,45.0
26218,120,0.498,39.0
26219,120,0.498,43.0
26220,120,0.568,43.0
26221,120,0.558,45.0
27511,127,0.616,45.0
27512,127,0.668,45.0
27513,127,0.762,47.0
27514,127,0.612,46.0
27515,127,0.656,45.0
27516,127,0.488,40.0
27517,127,0.506,42.0
27518,127,0.546,43.0
27519,127,0.514,43.0
27520,127,0.592,44.0
27521,127,0.438,40.0
27522,127,0.554,44.0
27523,127,0.532,43.0
27524,127,0.602,45.0
27525,127,0.588,44.0
27559,127,0.56,44.0
27560,127,0.578,45.0
27561,127,0.602,44.0
27562,127,0.554,43.0
25402,118,0.342,37.0
25403,118,0.614,44.0
25404,118,0.508,42.0
25405,118,0.268,32.0
25406,118,0.624,45.0
25414,118,0.79,49.0
25415,118,0.628,46.0
25416,118,0.352,36.0
25417,118,0.73,46.0
25418,118,0.366,37.0
25419,118,0.556,44.0
25420,118,0.468,41.0
25421,118,0.474,41.0
25422,118,0.56,43.0
25423,118,0.7,47.0
25424,118,0.362,36.0
25425,118,0.682,45.0
25426,118,0.696,46.0
25427,118,0.624,50.0
25428,118,0.656,46.0
25429,118,0.598,45.0
25430,118,0.29,34.0
25431,118,0.362,38.0
25432,118,0.574,45.0
25433,118,0.626,44.0
25434,118,0.716,47.0
27563,127,0.612,46.0
27564,127,0.548,43.0
27565,127,0.622,45.0
27566,127,0.684,46.0
27567,127,0.412,41.0
27568,127,0.55,42.0
27569,127,0.512,44.0
27570,127,0.544,44.0
27571,127,0.786,47.0
27572,127,0.518,44.0
27573,127,0.518,45.0
27574,127,0.766,48.0
27575,127,0.662,44.0
27583,127,0.528,44.0
27584,127,0.524,42.0
27585,127,0.63,46.0
27586,127,0.648,46.0
27587,127,0.622,44.0
27588,127,0.612,45.0
27589,127,0.654,44.0
27590,127,0.664,47.0
27591,127,0.506,41.0
27592,127,0.706,47.0
27593,127,0.626,46.0
27594,127,0.72,48.0
27595,127,0.816,50.0
27596,127,0.626,45.0
27597,127,0.696,47.0
27598,127,0.554,43.0
25480,118,0.826,53.0
25481,118,0.582,44.0
25482,118,0.6,46.0
25483,118,0.216,30.0
25484,118,0.298,34.0
25485,118,0.676,47.0
25486,118,0.274,33.0
25487,118,0.722,52.0
25488,118,0.22,31.0
25489,118,0.278,34.0
25490,118,0.762,49.0
25491,118,0.116,24.0
25492,118,0.084,23.0
25493,118,0.114,25.0
25494,118,0.182,29.0
25495,118,0.076,21.0
25496,118,0.092,23.0
25497,118,0.06,20.0
27599,127,0.48,41.0
27600,127,0.52,43.0
27601,127,0.506,43.0
27602,127,0.538,44.0
27603,127,0.676,47.0
27604,127,0.62,46.0
27605,127,0.666,47.0
27606,127,0.64,46.0
25498,118,0.08,22.0
25499,118,0.054,19.0
25500,118,0.074,23.0
25501,118,0.108,24.0
25502,118,0.084,22.0
25503,118,0.28,34.0
25504,118,0.732,50.0
25505,118,0.272,34.0
25506,118,0.35,37.0
25507,118,0.714,53.0
25508,118,0.264,32.0
25509,118,0.306,35.0
25510,118,0.348,36.0
25511,118,0.54,43.0
25512,118,0.252,33.0
25513,118,0.308,35.0
25514,118,0.532,44.0
25515,118,0.246,33.0
25516,118,0.368,41.0
25517,118,0.244,33.0
25518,118,0.398,40.0
25519,118,0.4,39.0
25520,118,0.816,48.0
25521,118,0.842,50.0
25522,118,0.778,51.0
25523,118,0.674,46.0
25524,118,0.662,48.0
25525,118,0.304,35.0
25526,118,0.578,43.0
25532,118,0.016,13.0
25533,118,0.016,13.0
25534,118,0.012,12.0
24702,116,0.608,45.0
24703,116,0.688,45.0
24704,116,0.34,34.0
24705,116,0.366,36.0
24706,116,0.424,39.0
24707,116,0.544,41.0
24708,116,0.672,46.0
24709,116,0.7,49.0
24710,116,0.334,36.0
24711,116,0.796,48.0
24712,116,0.554,44.0
24713,116,0.492,42.0
24716,116,0.35,36.0
24717,116,0.404,37.0
24758,116,0.548,43.0
25627,119,0.45,41.0
26556,123,0.532,42.0
26557,123,0.462,40.0
26558,123,0.462,40.0
26559,123,0.474,40.0
26560,123,0.502,43.0
26561,123,0.436,38.0
26562,123,0.494,40.0
26563,123,0.362,38.0
26564,123,0.664,46.0
26565,123,0.458,41.0
26566,123,0.552,43.0
26567,123,0.384,39.0
27790,128,0.79,49.0
27791,128,0.81,52.0
27792,128,0.506,44.0
27793,128,0.566,45.0
27794,128,0.814,48.0
27795,128,0.63,45.0
27796,128,0.72,48.0
27797,128,0.546,44.0
27798,128,0.716,48.0
27799,128,0.648,46.0
27800,128,0.736,49.0
27801,128,0.436,40.0
27802,128,0.654,45.0
27803,128,0.968,51.0
27804,128,0.596,47.0
27805,128,0.858,50.0
27806,128,0.682,46.0
27807,128,0.812,48.0
27808,128,0.69,47.0
24759,116,0.512,42.0
24760,116,0.484,42.0
24761,116,0.688,47.0
24762,116,0.338,36.0
24763,116,0.51,42.0
24764,116,0.372,38.0
24765,116,0.372,38.0
24766,116,0.43,39.0
24767,116,0.734,47.0
24768,116,0.534,43.0
24769,116,0.426,38.0
24770,116,0.386,37.0
24771,116,0.132,26.0
24772,116,0.536,41.0
24773,116,0.534,43.0
24774,116,0.536,43.0
24775,116,0.462,41.0
24776,116,0.46,39.0
24777,116,0.304,34.0
24778,116,0.836,49.0
24779,116,0.526,45.0
24780,116,0.642,44.0
24781,116,0.62,44.0
24782,116,0.624,44.0
24783,116,0.338,35.0
24784,116,0.362,36.0
24785,116,0.486,43.0
24786,116,0.612,46.0
24787,116,0.44,40.0
24788,116,0.704,46.0
24789,116,0.518,40.0
24790,116,0.454,42.0
24791,116,0.462,39.0
24792,116,0.436,39.0
25628,119,0.404,39.0
25629,119,0.556,42.0
25630,119,0.278,35.0
25631,119,0.61,47.0
25632,119,0.494,42.0
25633,119,0.536,44.0
25634,119,0.5,41.0
25635,119,0.5,42.0
25636,119,0.372,38.0
25637,119,0.502,42.0
25638,119,0.43,40.0
25639,119,0.468,42.0
25640,119,0.542,43.0
25641,119,0.606,45.0
25642,119,0.58,45.0
25643,119,0.642,44.0
25644,119,0.558,45.0
25645,119,0.4,38.0
25646,119,0.46,39.0
25647,119,0.53,45.0
25648,119,0.45,41.0
25649,119,0.542,43.0
25650,119,0.522,44.0
25651,119,0.792,48.0
26661,123,0.574,43.0
26662,123,0.508,42.0
26663,123,0.584,44.0
26664,123,0.608,45.0
26665,123,0.448,38.0
26666,123,0.442,40.0
26667,123,0.378,37.0
26668,123,0.288,34.0
26669,123,0.114,25.0
26670,123,0.106,24.0
27809,128,0.492,42.0
27810,128,0.618,46.0
27811,128,0.728,49.0
27812,128,0.708,47.0
27813,128,0.608,46.0
27814,128,0.422,39.0
27815,128,0.652,45.0
27816,128,0.644,44.0
27817,128,0.744,47.0
27818,128,0.55,44.0
27819,128,0.906,52.0
27820,128,0.986,53.0
27821,128,0.54,44.0
27822,128,0.54,43.0
27823,128,0.88,50.0
27824,128,0.596,45.0
27825,128,0.794,50.0
27826,128,0.572,43.0
27827,128,0.712,46.0
27828,128,0.526,43.0
27829,128,0.944,54.0
27830,128,0.574,44.0
27831,128,0.434,40.0
27832,128,0.768,49.0
27833,128,0.768,48.0
27834,128,0.678,48.0
27835,128,0.67,47.0
27836,128,1.064,55.0
24793,116,0.562,43.0
24794,116,0.61,44.0
24801,116,0.018,15.0
24802,116,0.018,14.0
25680,119,0.548,45.0
25681,119,0.548,43.0
25682,119,0.554,43.0
25683,119,0.486,41.0
25684,119,0.516,43.0
25685,119,0.614,45.0
25686,119,0.336,37.0
25687,119,0.404,39.0
25688,119,0.256,32.0
25689,119,0.558,45.0
25690,119,0.434,39.0
25691,119,0.456,42.0
25692,119,0.56,43.0
25693,119,0.526,43.0
25694,119,0.376,38.0
25695,119,0.514,44.0
25696,119,0.714,48.0
25697,119,0.42,38.0
25698,119,0.51,42.0
25699,119,0.588,44.0
25700,119,0.372,38.0
25701,119,0.652,48.0
26671,123,0.392,38.0
26672,123,0.1,24.0
26673,123,0.098,24.0
26674,123,0.024,16.0
27837,128,0.576,42.0
27838,128,0.566,44.0
27839,128,0.556,43.0
27840,128,1.048,54.0
27841,128,0.664,46.0
27842,128,0.972,53.0
27843,128,0.7,46.0
27844,128,0.634,45.0
27845,128,0.828,50.0
27846,128,0.614,48.0
27847,128,0.61,44.0
27848,128,0.69,49.0
27849,128,0.826,53.0
27850,128,0.482,41.0
27851,128,0.588,43.0
27852,128,0.932,50.0
27853,128,0.66,45.0
27854,128,0.642,44.0
27855,128,0.634,46.0
27856,128,0.632,47.0
27857,128,0.658,45.0
27858,128,0.812,49.0
27859,128,0.702,47.0
27860,128,0.702,47.0
27861,128,0.46,39.0
27862,128,0.64,44.0
27863,128,0.702,47.0
24901,116,0.398,39.0
24902,116,0.444,40.0
24903,116,0.546,44.0
24904,116,0.34,36.0
24905,116,0.1,25.0
24906,116,0.106,25.0
24907,116,0.074,22.0
24908,116,0.072,22.0
24909,116,0.396,40.0
24910,116,0.108,25.0
24911,116,0.496,42.0
24912,116,0.636,47.0
24913,116,0.592,43.0
24914,116,0.744,48.0
24915,116,0.53,43.0
24916,116,0.416,39.0
24917,116,0.604,45.0
24918,116,0.632,44.0
24919,116,0.576,45.0
24920,116,0.3,36.0
24921,116,0.468,40.0
24922,116,0.594,44.0
24923,116,0.798,50.0
24924,116,0.578,43.0
24925,116,0.558,44.0
25719,119,0.594,44.0
25720,119,0.374,38.0
25721,119,0.636,46.0
25722,119,0.37,39.0
25723,119,0.57,43.0
25747,119,0.568,44.0
25748,119,0.322,37.0
26766,124,0.982,53.0
26767,124,0.824,48.0
26768,124,0.854,50.0
26769,124,0.628,45.0
26770,124,0.84,49.0
26771,124,0.6,44.0
26772,124,0.728,48.0
26773,124,1.014,52.0
26774,124,0.78,49.0
26775,124,0.602,43.0
26776,124,0.74,48.0
26777,124,0.738,47.0
26778,124,0.83,48.0
26779,124,0.622,44.0
26780,124,0.76,48.0
26781,124,0.734,47.0
26782,124,0.73,47.0
26783,124,0.638,46.0
26784,124,0.756,46.0
26785,124,0.788,47.0
26786,124,0.894,48.0
26787,124,0.954,50.0
26788,124,0.718,45.0
26789,124,0.878,49.0
27864,128,0.818,50.0
27865,128,0.752,48.0
27866,128,0.646,45.0
27867,128,0.514,39.0
27868,128,0.646,46.0
27869,128,0.704,47.0
27870,128,0.858,48.0
27871,128,0.642,45.0
27872,128,0.586,45.0
27873,128,0.976,54.0
27874,128,0.66,47.0
27875,128,0.688,45.0
27876,128,0.58,44.0
27877,128,0.626,44.0
27878,128,0.604,45.0
27879,128,0.63,51.0
27880,128,0.818,48.0
27881,128,0.652,47.0
27882,128,0.622,45.0
27883,128,0.726,48.0
27884,128,0.688,48.0
25003,116,0.294,35.0
25004,116,0.454,40.0
25005,116,0.438,39.0
25006,116,0.06,20.0
25007,116,0.028,16.0
25008,116,0.028,16.0
25009,116,0.042,18.0
25823,119,0.682,48.0
25866,119,0.63,45.0
26790,124,0.544,42.0
26791,124,0.936,50.0
26792,124,0.846,47.0
26793,124,0.546,44.0
26794,124,0.672,46.0
26795,124,0.754,46.0
26796,124,0.594,46.0
26797,124,0.692,46.0
26798,124,0.59,43.0
26799,124,0.768,47.0
26800,124,0.742,49.0
26801,124,0.592,44.0
26802,124,0.63,47.0
26803,124,0.75,47.0
26804,124,0.916,49.0
26805,124,0.73,45.0
26806,124,0.75,46.0
26807,124,0.75,45.0
26808,124,0.616,44.0
26809,124,0.752,47.0
26810,124,0.712,48.0
26811,124,0.626,44.0
26812,124,1.016,51.0
26813,124,0.61,44.0
