Column1,survey,event_id,latitude,longitude,lla,utm,x,y
1,201807,1,56.9774183333,-160.92037,"LLA(lat=56.9774183333°, lon=-160.92037°, alt=0.0)","UTM(747893.8445050314, 6.322276938304631e6, 0.0)",747.8938445050313,6322.276938304631
2,201807,2,56.7239283333,-161.54203,"LLA(lat=56.7239283333°, lon=-161.54203°, alt=0.0)","UTM(711566.2403535247, 6.2919957275010515e6, 0.0)",711.5662403535247,6291.995727501051
3,201807,3,56.1000333333,-162.196405,"LLA(lat=56.1000333333°, lon=-162.196405°, alt=0.0)","UTM(674375.9038825879, 6.220755331149992e6, 0.0)",674.3759038825879,6220.755331149991
4,201807,4,55.7531883333,-162.82476,"LLA(lat=55.7531883333°, lon=-162.82476°, alt=0.0)","UTM(636516.267592395, 6.1807532208052715e6, 0.0)",636.5162675923949,6180.753220805272
5,201807,5,56.736285,-162.7619,"LLA(lat=56.736285°, lon=-162.7619°, alt=0.0)","UTM(636906.202147086, 6.290267297581201e6, 0.0)",636.906202147086,6290.267297581201
6,201807,6,55.7718,-163.391183333,"LLA(lat=55.7718°, lon=-163.391183333°, alt=0.0)","UTM(600923.9423644746, 6.181853667354433e6, 0.0)",600.9239423644747,6181.853667354433
7,201807,7,55.3263583333,-163.98631,"LLA(lat=55.3263583333°, lon=-163.98631°, alt=0.0)","UTM(564315.692454828, 6.131577152256214e6, 0.0)",564.315692454828,6131.5771522562145
8,201807,112,60.8281,-174.845165,"LLA(lat=60.8281°, lon=-174.845165°, alt=0.0)","UTM(-33968.07355789072, 6.7838438486600965e6, 0.0)",-33.96807355789072,6783.843848660096
9,201807,113,61.7582466667,-175.105511667,"LLA(lat=61.7582466667°, lon=-175.105511667°, alt=0.0)","UTM(-31952.326680333354, 6.888731926588547e6, 0.0)",-31.952326680333353,6888.731926588547
10,201807,114,61.753685,-175.107068333,"LLA(lat=61.753685°, lon=-175.107068333°, alt=0.0)","UTM(-32112.897806285182, 6.888240971978727e6, 0.0)",-32.11289780628518,6888.2409719787265
11,201807,115,62.3172,-175.2748,"LLA(lat=62.3172°, lon=-175.2748°, alt=0.0)","UTM(-30931.180492582964, 6.951836298168026e6, 0.0)",-30.931180492582964,6951.836298168026
12,201807,116,61.5014283333,-175.714146667,"LLA(lat=61.5014283333°, lon=-175.714146667°, alt=0.0)","UTM(-68503.86433045659, 6.865553475857347e6, 0.0)",-68.5038643304566,6865.553475857348
13,201807,29,56.5256616667,-166.408338333,"LLA(lat=56.5256616667°, lon=-166.408338333°, alt=0.0)","UTM(413364.3519721926, 6.265475033233069e6, 0.0)",413.3643519721926,6265.475033233069
14,201807,30,57.6167766667,-166.478665,"LLA(lat=57.6167766667°, lon=-166.478665°, alt=0.0)","UTM(411669.6653957127, 6.387008639365569e6, 0.0)",411.66966539571274,6387.008639365568
15,201807,31,56.3168866667,-166.987093333,"LLA(lat=56.3168866667°, lon=-166.987093333°, alt=0.0)","UTM(377094.76324967947, 6.243122871203631e6, 0.0)",377.0947632496795,6243.122871203631
16,201807,32,54.625945,-166.906278333,"LLA(lat=54.625945°, lon=-166.906278333°, alt=0.0)","UTM(376933.85557232157, 6.054837814879983e6, 0.0)",376.9338555723216,6054.837814879983
17,201807,33,55.149035,-167.508115,"LLA(lat=55.149035°, lon=-167.508115°, alt=0.0)","UTM(340172.49225152936, 6.114247629953794e6, 0.0)",340.1724922515294,6114.247629953794
18,201807,117,61.1227416667,-175.619618333,"LLA(lat=61.1227416667°, lon=-175.619618333°, alt=0.0)","UTM(-70393.32700602582, 6.82294191680628e6, 0.0)",-70.39332700602583,6822.94191680628
19,201807,118,60.4403166667,-175.412423333,"LLA(lat=60.4403166667°, lon=-175.412423333°, alt=0.0)","UTM(-71415.42077914136, 6.745799604965487e6, 0.0)",-71.41542077914137,6745.799604965487
20,201807,119,59.9088816667,-175.25449,"LLA(lat=59.9088816667°, lon=-175.25449°, alt=0.0)","UTM(-72010.17959208007, 6.685731278882289e6, 0.0)",-72.01017959208006,6685.731278882289
21,201807,120,59.2662433333,-175.068408333,"LLA(lat=59.2662433333°, lon=-175.068408333°, alt=0.0)","UTM(-72559.89741288032, 6.613110812371758e6, 0.0)",-72.55989741288032,6613.110812371758
22,201807,121,59.1000766667,-175.021,"LLA(lat=59.1000766667°, lon=-175.021°, alt=0.0)","UTM(-72664.68002899294, 6.594335307942392e6, 0.0)",-72.66468002899293,6594.335307942392
23,201807,122,59.0091616667,-174.989866667,"LLA(lat=59.0091616667°, lon=-174.989866667°, alt=0.0)","UTM(-72412.51430061541, 6.584017211943686e6, 0.0)",-72.41251430061541,6584.017211943686
24,201807,34,55.7204083333,-167.540753333,"LLA(lat=55.7204083333°, lon=-167.540753333°, alt=0.0)","UTM(340415.7897495958, 6.177887016813981e6, 0.0)",340.4157897495958,6177.887016813981
25,201807,35,56.4970766667,-167.615788333,"LLA(lat=56.4970766667°, lon=-167.615788333°, alt=0.0)","UTM(338980.949356978, 6.264470892856937e6, 0.0)",338.980949356978,6264.470892856937
26,201807,36,56.7057183333,-167.53736,"LLA(lat=56.7057183333°, lon=-167.53736°, alt=0.0)","UTM(344666.3315864093, 6.287504337366333e6, 0.0)",344.6663315864093,6287.504337366333
27,201807,37,57.046215,-167.677583333,"LLA(lat=57.046215°, lon=-167.677583333°, alt=0.0)","UTM(337568.3014758216, 6.325716086095947e6, 0.0)",337.5683014758216,6325.716086095947
28,201807,38,57.9486316667,-168.381653333,"LLA(lat=57.9486316667°, lon=-168.381653333°, alt=0.0)","UTM(299877.72939396766, 6.4279989798763255e6, 0.0)",299.8777293939677,6427.998979876325
29,201807,39,57.50885,-168.3417,"LLA(lat=57.50885°, lon=-168.3417°, alt=0.0)","UTM(299825.5292878285, 6.378956990557329e6, 0.0)",299.8255292878285,6378.956990557329
30,201807,123,59.0347866667,-174.97918,"LLA(lat=59.0347866667°, lon=-174.97918°, alt=0.0)","UTM(-71375.79738999391, 6.586757998712367e6, 0.0)",-71.3757973899939,6586.757998712367
31,201807,124,58.5216066667,-175.50663,"LLA(lat=58.5216066667°, lon=-175.50663°, alt=0.0)","UTM(-110408.62052458187, 6.534723230241524e6, 0.0)",-110.40862052458188,6534.723230241524
32,201807,125,59.46342,-175.792176667,"LLA(lat=59.46342°, lon=-175.792176667°, alt=0.0)","UTM(-109919.15564647072, 6.641354034349602e6, 0.0)",-109.91915564647073,6641.3540343496015
33,201807,126,59.4437,-175.7858,"LLA(lat=59.4437°, lon=-175.7858°, alt=0.0)","UTM(-109918.03983674513, 6.6391183295655865e6, 0.0)",-109.91803983674512,6639.1183295655865
34,201807,127,59.4435,-175.62316,"LLA(lat=59.4435°, lon=-175.62316°, alt=0.0)","UTM(-100776.96110045712, 6.637607638415027e6, 0.0)",-100.77696110045711,6637.607638415027
35,201807,128,59.4220716667,-175.687936667,"LLA(lat=59.4220716667°, lon=-175.687936667°, alt=0.0)","UTM(-104803.90342825197, 6.635831917560916e6, 0.0)",-104.80390342825197,6635.831917560917
36,201807,129,59.6284816667,-175.83428,"LLA(lat=59.6284816667°, lon=-175.83428°, alt=0.0)","UTM(-109278.86773870187, 6.659962297548799e6, 0.0)",-109.27886773870186,6659.962297548799
37,201807,40,56.8493616667,-168.275015,"LLA(lat=56.8493616667°, lon=-168.275015°, alt=0.0)","UTM(300290.3494088489, 6.305398528337852e6, 0.0)",300.2903494088489,6305.398528337852
38,201807,41,55.8595933333,-168.168635,"LLA(lat=55.8595933333°, lon=-168.168635°, alt=0.0)","UTM(301700.6853738888, 6.194993097641343e6, 0.0)",301.7006853738888,6194.993097641343
39,201807,42,55.4803133333,-168.11215,"LLA(lat=55.4803133333°, lon=-168.11215°, alt=0.0)","UTM(303340.1108511428, 6.152644740238186e6, 0.0)",303.3401108511428,6152.644740238186
40,201807,43,55.6769116667,-168.774533333,"LLA(lat=55.6769116667°, lon=-168.774533333°, alt=0.0)","UTM(262693.00809983094, 6.176581066060626e6, 0.0)",262.69300809983093,6176.581066060626
41,201807,44,55.655805,-168.73941,"LLA(lat=55.655805°, lon=-168.73941°, alt=0.0)","UTM(264773.4045213384, 6.174114208203139e6, 0.0)",264.7734045213384,6174.114208203138
42,201807,130,60.8606616667,-176.225206667,"LLA(lat=60.8606616667°, lon=-176.225206667°, alt=0.0)","UTM(-107714.69541723165, 6.799510411807807e6, 0.0)",-107.71469541723165,6799.510411807807
43,201807,131,61.23449,-176.353228333,"LLA(lat=61.23449°, lon=-176.353228333°, alt=0.0)","UTM(-107358.82300691085, 6.841909058195052e6, 0.0)",-107.35882300691085,6841.909058195051
44,201807,132,61.2052383333,-176.49969,"LLA(lat=61.2052383333°, lon=-176.49969°, alt=0.0)","UTM(-115711.4030882644, 6.840064535353746e6, 0.0)",-115.7114030882644,6840.064535353747
45,201807,133,61.18257,-176.568378333,"LLA(lat=61.18257°, lon=-176.568378333°, alt=0.0)","UTM(-119809.70595965697, 6.8382203642073795e6, 0.0)",-119.80970595965698,6838.220364207379
46,201807,134,61.5338516667,-176.387936667,"LLA(lat=61.5338516667°, lon=-176.387936667°, alt=0.0)","UTM(-103369.99085893552, 6.875218876386688e6, 0.0)",-103.36999085893552,6875.218876386688
47,201807,135,61.5341133333,-176.385495,"LLA(lat=61.5341133333°, lon=-176.385495°, alt=0.0)","UTM(-103236.46727965621, 6.875224969674717e6, 0.0)",-103.23646727965621,6875.224969674717
48,201807,45,56.4101616667,-168.840483333,"LLA(lat=56.4101616667°, lon=-168.840483333°, alt=0.0)","UTM(263089.2106941382, 6.258349137870552e6, 0.0)",263.0892106941382,6258.349137870552
49,201807,46,56.76882,-168.882211667,"LLA(lat=56.76882°, lon=-168.882211667°, alt=0.0)","UTM(262775.9969373294, 6.298379194769538e6, 0.0)",262.7759969373294,6298.379194769538
50,201807,47,57.227455,-168.938156667,"LLA(lat=57.227455°, lon=-168.938156667°, alt=0.0)","UTM(262304.29837569315, 6.349578508430408e6, 0.0)",262.3042983756931,6349.578508430408
51,201807,48,57.2176366667,-168.92533,"LLA(lat=57.2176366667°, lon=-168.92533°, alt=0.0)","UTM(263014.9808945575, 6.348441890377765e6, 0.0)",263.0149808945575,6348.441890377764
52,201807,49,58.2511416667,-169.69385,"LLA(lat=58.2511416667°, lon=-169.69385°, alt=0.0)","UTM(224633.11086980696, 6.466271086170633e6, 0.0)",224.63311086980696,6466.271086170634
53,201807,50,56.9599166667,-169.514105,"LLA(lat=56.9599166667°, lon=-169.514105°, alt=0.0)","UTM(225598.18506986566, 6.321993041423546e6, 0.0)",225.59818506986565,6321.993041423546
54,201807,136,61.3217333333,-177.07823,"LLA(lat=61.3217333333°, lon=-177.07823°, alt=0.0)","UTM(-144036.87389888836, 6.858504198300147e6, 0.0)",-144.03687389888836,6858.504198300147
55,201807,137,61.07759,-177.005373333,"LLA(lat=61.07759°, lon=-177.005373333°, alt=0.0)","UTM(-145190.7219342849, 6.830913214499022e6, 0.0)",-145.1907219342849,6830.913214499022
56,201807,138,61.0571166667,-177.104968333,"LLA(lat=61.0571166667°, lon=-177.104968333°, alt=0.0)","UTM(-150922.84782456036, 6.829652734257232e6, 0.0)",-150.92284782456036,6829.652734257233
57,201807,139,61.0948166667,-176.891575,"LLA(lat=61.0948166667°, lon=-176.891575°, alt=0.0)","UTM(-138773.4349655857, 6.831685784853261e6, 0.0)",-138.77343496558572,6831.685784853261
58,201807,140,61.0926866667,-176.89838,"LLA(lat=61.0926866667°, lon=-176.89838°, alt=0.0)","UTM(-139179.36639945582, 6.831518178403547e6, 0.0)",-139.1793663994558,6831.518178403547
59,201807,141,60.7878083333,-176.887123333,"LLA(lat=60.7878083333°, lon=-176.887123333°, alt=0.0)","UTM(-144755.6864830004, 6.797841122887083e6, 0.0)",-144.7556864830004,6797.841122887084
60,201807,51,56.8159066667,-169.51859,"LLA(lat=56.8159066667°, lon=-169.51859°, alt=0.0)","UTM(224266.00223318534, 6.306000988730725e6, 0.0)",224.26600223318533,6306.000988730725
61,201807,52,56.43337,-169.46703,"LLA(lat=56.43337°, lon=-169.46703°, alt=0.0)","UTM(224635.20385590708, 6.263265826933257e6, 0.0)",224.63520385590706,6263.265826933257
62,201807,53,56.1699933333,-170.038993333,"LLA(lat=56.1699933333°, lon=-170.038993333°, alt=0.0)","UTM(187263.37351762498, 6.236435415708955e6, 0.0)",187.26337351762498,6236.435415708956
63,201807,54,56.1548366667,-170.03014,"LLA(lat=56.1548366667°, lon=-170.03014°, alt=0.0)","UTM(187689.14925959805, 6.234710781132374e6, 0.0)",187.68914925959805,6234.710781132374
64,201807,55,56.512005,-170.08056,"LLA(lat=56.512005°, lon=-170.08056°, alt=0.0)","UTM(187498.89612671902, 6.274634154598918e6, 0.0)",187.49889612671902,6274.634154598918
65,201807,56,58.5274283333,-170.396851667,"LLA(lat=58.5274283333°, lon=-170.396851667°, alt=0.0)","UTM(185912.27654248948, 6.500063590631587e6, 0.0)",185.91227654248948,6500.063590631587
66,201807,57,58.5261433333,-170.357976667,"LLA(lat=58.5261433333°, lon=-170.357976667°, alt=0.0)","UTM(188160.28961527732, 6.499739406919432e6, 0.0)",188.16028961527732,6499.7394069194315
67,201807,58,59.2718766667,-170.51687,"LLA(lat=59.2718766667°, lon=-170.51687°, alt=0.0)","UTM(185777.84341510443, 6.5833455336643085e6, 0.0)",185.77784341510443,6583.345533664308
68,201807,59,59.70789,-170.567198333,"LLA(lat=59.70789°, lon=-170.567198333°, alt=0.0)","UTM(186983.68428544624, 6.632026865449033e6, 0.0)",186.98368428544626,6632.026865449033
69,201807,60,59.9198816667,-170.592301667,"LLA(lat=59.9198816667°, lon=-170.592301667°, alt=0.0)","UTM(187567.89461696002, 6.655698328843731e6, 0.0)",187.56789461696002,6655.698328843731
70,201807,61,60.083,-170.637793333,"LLA(lat=60.083°, lon=-170.637793333°, alt=0.0)","UTM(186579.741496709, 6.674036208697124e6, 0.0)",186.579741496709,6674.0362086971245
71,201807,62,60.4431816667,-170.70216,"LLA(lat=60.4431816667°, lon=-170.70216°, alt=0.0)","UTM(186476.57511364354, 6.7143566169805e6, 0.0)",186.47657511364355,6714.3566169805
72,201807,63,61.67913,-170.875768333,"LLA(lat=61.67913°, lon=-170.875768333°, alt=0.0)","UTM(189311.67727946688, 6.8524775579810785e6, 0.0)",189.3116772794669,6852.4775579810785
73,201807,64,62.2176066667,-170.984488333,"LLA(lat=62.2176066667°, lon=-170.984488333°, alt=0.0)","UTM(189107.15527741594, 6.9128054993283e6, 0.0)",189.10715527741593,6912.8054993283
74,201807,65,62.7753283333,-171.07157,"LLA(lat=62.7753283333°, lon=-171.07157°, alt=0.0)","UTM(190436.10576590186, 6.975161808608417e6, 0.0)",190.43610576590186,6975.161808608417
75,201807,66,61.4821733333,-171.560708333,"LLA(lat=61.4821733333°, lon=-171.560708333°, alt=0.0)","UTM(150966.36973046052, 6.83408257176904e6, 0.0)",150.9663697304605,6834.08257176904
76,201807,67,60.3404333333,-171.349433333,"LLA(lat=60.3404333333°, lon=-171.349433333°, alt=0.0)","UTM(149855.11353105796, 6.706210575660978e6, 0.0)",149.85511353105795,6706.210575660978
77,201807,142,60.3508933333,-176.745526667,"LLA(lat=60.3508933333°, lon=-176.745526667°, alt=0.0)","UTM(-145848.47186723258, 6.748323922954962e6, 0.0)",-145.84847186723258,6748.323922954962
78,201807,143,60.0973883333,-176.65337,"LLA(lat=60.0973883333°, lon=-176.65337°, alt=0.0)","UTM(-145818.06941296684, 6.719485990311334e6, 0.0)",-145.81806941296685,6719.485990311334
79,201807,144,59.5489266667,-176.467611667,"LLA(lat=59.5489266667°, lon=-176.467611667°, alt=0.0)","UTM(-146198.66771136038, 6.657208846750348e6, 0.0)",-146.19866771136037,6657.208846750348
80,201807,145,59.5274283333,-176.384971667,"LLA(lat=59.5274283333°, lon=-176.384971667°, alt=0.0)","UTM(-141984.01187561348, 6.654032097793822e6, 0.0)",-141.98401187561348,6654.032097793822
81,201807,146,59.5257,-176.535328333,"LLA(lat=59.5257°, lon=-176.535328333°, alt=0.0)","UTM(-150439.37738637906, 6.655313097408303e6, 0.0)",-150.43937738637905,6655.313097408303
82,201807,68,59.89506,-171.26881,"LLA(lat=59.89506°, lon=-171.26881°, alt=0.0)","UTM(149581.98767296248, 6.656333305213722e6, 0.0)",149.58198767296247,6656.333305213722
83,201807,69,58.1030366667,-170.956328333,"LLA(lat=58.1030366667°, lon=-170.956328333°, alt=0.0)","UTM(149217.88920319034, 6.455683447543896e6, 0.0)",149.21788920319034,6455.683447543895
84,201807,70,58.1195916667,-170.938763333,"LLA(lat=58.1195916667°, lon=-170.938763333°, alt=0.0)","UTM(150413.09205450822, 6.457430856668783e6, 0.0)",150.4130920545082,6457.430856668783
85,201807,71,57.1626433333,-170.82737,"LLA(lat=57.1626433333°, lon=-170.82737°, alt=0.0)","UTM(147796.22720128566, 6.350560388371634e6, 0.0)",147.79622720128566,6350.560388371634
86,201807,72,56.3325483333,-170.659988333,"LLA(lat=56.3325483333°, lon=-170.659988333°, alt=0.0)","UTM(150255.81858061458, 6.257488567183609e6, 0.0)",150.25581858061457,6257.488567183609
87,201807,73,56.682885,-171.315968333,"LLA(lat=56.682885°, lon=-171.315968333°, alt=0.0)","UTM(113372.5096813062, 6.299923511986285e6, 0.0)",113.3725096813062,6299.923511986285
88,201807,74,58.2197516667,-171.590505,"LLA(lat=58.2197516667°, lon=-171.590505°, alt=0.0)","UTM(113211.1612664386, 6.472118990531826e6, 0.0)",113.21116126643861,6472.118990531826
89,201807,75,58.64009,-171.662136667,"LLA(lat=58.64009°, lon=-171.662136667°, alt=0.0)","UTM(113658.79487827665, 6.51919031082332e6, 0.0)",113.65879487827665,6519.19031082332
90,201807,76,59.507995,-171.840978333,"LLA(lat=59.507995°, lon=-171.840978333°, alt=0.0)","UTM(113222.23959443474, 6.616552510691136e6, 0.0)",113.22223959443474,6616.552510691136
91,201807,77,59.18085,-172.424591667,"LLA(lat=59.18085°, lon=-172.424591667°, alt=0.0)","UTM(76245.18005025829, 6.583819321803858e6, 0.0)",76.2451800502583,6583.819321803858
92,201807,78,59.1811916667,-172.392311667,"LLA(lat=59.1811916667°, lon=-172.392311667°, alt=0.0)","UTM(78086.85362972168, 6.583652033793889e6, 0.0)",78.08685362972167,6583.652033793889
93,201807,79,58.7193566667,-172.325781667,"LLA(lat=58.7193566667°, lon=-172.325781667°, alt=0.0)","UTM(76231.85690595763, 6.532004793650934e6, 0.0)",76.23185690595763,6532.004793650934
94,201807,80,58.0369233333,-172.21277,"LLA(lat=58.0369233333°, lon=-172.21277°, alt=0.0)","UTM(74594.09755345428, 6.455584823210078e6, 0.0)",74.59409755345428,6455.584823210078
95,201807,81,57.1584033333,-172.030003333,"LLA(lat=57.1584033333°, lon=-172.030003333°, alt=0.0)","UTM(75199.32653712097, 6.356958279196675e6, 0.0)",75.19932653712097,6356.958279196675
96,201807,82,56.539975,-171.925175,"LLA(lat=56.539975°, lon=-171.925175°, alt=0.0)","UTM(74541.3075585732, 6.287672912433665e6, 0.0)",74.5413075585732,6287.672912433665
97,201807,83,56.563245,-172.512375,"LLA(lat=56.563245°, lon=-172.512375°, alt=0.0)","UTM(38828.545520347776, 6.294058080939607e6, 0.0)",38.828545520347774,6294.058080939607
98,201807,8,55.8665833333,-163.98236,"LLA(lat=55.8665833333°, lon=-163.98236°, alt=0.0)","UTM(563685.2160077222, 6.191698989887448e6, 0.0)",563.6852160077221,6191.698989887448
99,201807,84,57.4200116667,-172.73238,"LLA(lat=57.4200116667°, lon=-172.73238°, alt=0.0)","UTM(36173.81592526985, 6.39057767988071e6, 0.0)",36.17381592526986,6390.57767988071
100,201807,85,58.2612083333,-172.895011667,"LLA(lat=58.2612083333°, lon=-172.895011667°, alt=0.0)","UTM(37392.976302305644, 6.484964708975242e6, 0.0)",37.39297630230564,6484.9647089752425
101,201807,86,58.9074883333,-173.02983,"LLA(lat=58.9074883333°, lon=-173.02983°, alt=0.0)","UTM(38140.62749820977, 6.557535217488708e6, 0.0)",38.14062749820977,6557.5352174887075
102,201807,87,59.5714183333,-173.202453333,"LLA(lat=59.5714183333°, lon=-173.202453333°, alt=0.0)","UTM(37355.94456249912, 6.632311346395559e6, 0.0)",37.35594456249912,6632.311346395559
103,201807,88,61.0703033333,-173.546058333,"LLA(lat=61.0703033333°, lon=-173.546058333°, alt=0.0)","UTM(39714.87692398188, 6.800743961170448e6, 0.0)",39.714876923981876,6800.743961170448
104,201807,89,60.7914216667,-172.504516667,"LLA(lat=60.7914216667°, lon=-172.504516667°, alt=0.0)","UTM(92067.01942051208, 6.762923063184305e6, 0.0)",92.06701942051208,6762.923063184305
105,201807,9,56.5330633333,-163.956666667,"LLA(lat=56.5330633333°, lon=-163.956666667°, alt=0.0)","UTM(564170.5463635596, 6.265898081474848e6, 0.0)",564.1705463635595,6265.898081474848
106,201807,10,56.576183,-164.012933,"LLA(lat=56.576183°, lon=-164.012933°, alt=0.0)","UTM(560641.0099625895, 6.270646181937336e6, 0.0)",560.6410099625895,6270.646181937336
107,201807,11,56.577333,-164.011667,"LLA(lat=56.577333°, lon=-164.011667°, alt=0.0)","UTM(560716.9414028977, 6.270775297451243e6, 0.0)",560.7169414028978,6270.775297451243
108,201807,12,56.2273433333,-164.576116667,"LLA(lat=56.2273433333°, lon=-164.576116667°, alt=0.0)","UTM(526281.1851072942, 6.231463565133455e6, 0.0)",526.2811851072943,6231.463565133456
109,201807,13,55.9226866667,-164.571391667,"LLA(lat=55.9226866667°, lon=-164.571391667°, alt=0.0)","UTM(526784.611871996, 6.197557857262948e6, 0.0)",526.7846118719959,6197.557857262947
110,201807,14,55.3694466667,-164.548983333,"LLA(lat=55.3694466667°, lon=-164.548983333°, alt=0.0)","UTM(528585.0711588368, 6.135996906549948e6, 0.0)",528.5850711588369,6135.996906549948
111,201807,15,55.2762333333,-164.563446667,"LLA(lat=55.2762333333°, lon=-164.563446667°, alt=0.0)","UTM(527733.4012485653, 6.125617930768761e6, 0.0)",527.7334012485653,6125.617930768761
112,201807,90,61.4673,-172.697033333,"LLA(lat=61.4673°, lon=-172.697033333°, alt=0.0)","UTM(90502.02067526168, 6.839057241495349e6, 0.0)",90.50202067526168,6839.057241495349
114,201807,92,62.885745,-174.228441667,"LLA(lat=62.885745°, lon=-174.228441667°, alt=0.0)","UTM(31920.9719823185, 7.006515607219644e6, 0.0)",31.920971982318502,7006.515607219644
115,201807,93,62.2380016667,-174.061653333,"LLA(lat=62.2380016667°, lon=-174.061653333°, alt=0.0)","UTM(30197.89706242492, 6.933667385926935e6, 0.0)",30.197897062424918,6933.667385926935
116,201807,94,61.1703866667,-174.249118333,"LLA(lat=61.1703866667°, lon=-174.249118333°, alt=0.0)","UTM(3597.374132864119, 6.816978785417375e6, 0.0)",3.597374132864119,6816.978785417376
117,201807,16,55.0188783333,-165.139878333,"LLA(lat=55.0188783333°, lon=-165.139878333°, alt=0.0)","UTM(491056.39311742113, 6.09690113124628e6, 0.0)",491.0563931174211,6096.90113124628
118,201807,17,55.2684733333,-165.14721,"LLA(lat=55.2684733333°, lon=-165.14721°, alt=0.0)","UTM(490646.17763155006, 6.124677403405497e6, 0.0)",490.6461776315501,6124.677403405497
119,201807,18,55.1948216667,-165.15213,"LLA(lat=55.1948216667°, lon=-165.15213°, alt=0.0)","UTM(490315.68081105687, 6.116481887137212e6, 0.0)",490.3156808110569,6116.481887137212
120,201807,19,56.6695733333,-165.192158333,"LLA(lat=56.6695733333°, lon=-165.192158333°, alt=0.0)","UTM(488223.5385541701, 6.280621845677938e6, 0.0)",488.2235385541701,6280.621845677938
121,201807,20,57.1709966667,-165.819805,"LLA(lat=57.1709966667°, lon=-165.819805°, alt=0.0)","UTM(450427.92120659206, 6.336718747276146e6, 0.0)",450.42792120659203,6336.718747276146
122,201807,21,55.0398216667,-165.751405,"LLA(lat=55.0398216667°, lon=-165.751405°, alt=0.0)","UTM(451981.81338988023, 6.099480806459609e6, 0.0)",451.98181338988024,6099.480806459609
123,201807,95,61.0296533333,-174.212646667,"LLA(lat=61.0296533333°, lon=-174.212646667°, alt=0.0)","UTM(3335.2642428156687, 6.801134587337132e6, 0.0)",3.335264242815669,6801.134587337132
124,201807,96,60.96761,-174.249808333,"LLA(lat=60.96761°, lon=-174.249808333°, alt=0.0)","UTM(363.6985669336282, 6.794555609312198e6, 0.0)",0.3636985669336282,6794.555609312198
125,201807,97,60.394195,-174.066063333,"LLA(lat=60.394195°, lon=-174.066063333°, alt=0.0)","UTM(1416.80018985481, 6.729716257891476e6, 0.0)",1.41680018985481,6729.716257891476
126,201807,98,59.4720366667,-173.8239,"LLA(lat=59.4720366667°, lon=-173.8239°, alt=0.0)","UTM(964.2016876740381, 6.625815675602539e6, 0.0)",0.9642016876740381,6625.815675602539
127,201807,99,59.0489066667,-173.72384,"LLA(lat=59.0489066667°, lon=-173.72384°, alt=0.0)","UTM(421.94111873570364, 6.578211811620511e6, 0.0)",0.4219411187357036,6578.211811620511
128,201807,100,59.0510033333,-173.689918333,"LLA(lat=59.0510033333°, lon=-173.689918333°, alt=0.0)","UTM(2387.8041668109363, 6.578189804187038e6, 0.0)",2.387804166810936,6578.189804187038
129,201807,22,54.2709766667,-166.058881667,"LLA(lat=54.2709766667°, lon=-166.058881667°, alt=0.0)","UTM(431043.5888448915, 6.014188627968464e6, 0.0)",431.04358884489153,6014.188627968464
130,201807,23,54.1738983333,-166.283731667,"LLA(lat=54.1738983333°, lon=-166.283731667°, alt=0.0)","UTM(416205.27647453645, 6.003631124996157e6, 0.0)",416.20527647453645,6003.631124996157
131,201807,24,54.2022733333,-166.270771667,"LLA(lat=54.2022733333°, lon=-166.270771667°, alt=0.0)","UTM(417107.9768250366, 6.006772704204891e6, 0.0)",417.1079768250366,6006.772704204891
132,201807,101,58.5336033333,-173.574856667,"LLA(lat=58.5336033333°, lon=-173.574856667°, alt=0.0)","UTM(1561.8811947194627, 6.520025736551967e6, 0.0)",1.5618811947194626,6520.025736551967
133,201807,102,56.9449066667,-173.247145,"LLA(lat=56.9449066667°, lon=-173.247145°, alt=0.0)","UTM(-1030.9151906765765, 6.341559713135317e6, 0.0)",-1.0309151906765766,6341.559713135317
134,201807,103,56.6682466667,-173.170878333,"LLA(lat=56.6682466667°, lon=-173.170878333°, alt=0.0)","UTM(-95.5563174757408, 6.310332262918066e6, 0.0)",-0.0955563174757408,6310.332262918067
135,201807,104,57.6331383333,-173.998811667,"LLA(lat=57.6331383333°, lon=-173.998811667°, alt=0.0)","UTM(-36392.41863884707, 6.423561493395282e6, 0.0)",-36.39241863884707,6423.561493395282
136,201807,105,58.0806066667,-174.113368333,"LLA(lat=58.0806066667°, lon=-174.113368333°, alt=0.0)","UTM(-36467.075698877336, 6.474017601623375e6, 0.0)",-36.46707569887734,6474.017601623375
137,201807,106,58.2771366667,-174.145151667,"LLA(lat=58.2771366667°, lon=-174.145151667°, alt=0.0)","UTM(-35355.00005572871, 6.496027531997859e6, 0.0)",-35.355000055728716,6496.027531997858
138,201807,25,55.496285,-166.355663333,"LLA(lat=55.496285°, lon=-166.355663333°, alt=0.0)","UTM(414356.7220139097, 6.150854808687171e6, 0.0)",414.35672201390975,6150.854808687171
139,201807,26,55.6880633333,-166.393113333,"LLA(lat=55.6880633333°, lon=-166.393113333°, alt=0.0)","UTM(412419.1884393258, 6.1722422906476315e6, 0.0)",412.41918843932575,6172.242290647631
140,201807,27,55.69454,-166.414338333,"LLA(lat=55.69454°, lon=-166.414338333°, alt=0.0)","UTM(411099.6334136727, 6.172990015434911e6, 0.0)",411.0996334136727,6172.990015434911
141,201807,28,56.1100566667,-166.377698333,"LLA(lat=56.1100566667°, lon=-166.377698333°, alt=0.0)","UTM(414323.42198962567, 6.219183838617336e6, 0.0)",414.3234219896257,6219.183838617336
142,201807,107,58.6647833333,-174.244675,"LLA(lat=58.6647833333°, lon=-174.244675°, alt=0.0)","UTM(-35205.85421660857, 6.539730142850343e6, 0.0)",-35.20585421660857,6539.730142850343
143,201807,108,59.3291333333,-174.433945,"LLA(lat=59.3291333333°, lon=-174.433945°, alt=0.0)","UTM(-35649.68743392918, 6.614762517492372e6, 0.0)",-35.64968743392918,6614.762517492371
144,201807,109,59.7550816667,-174.54545,"LLA(lat=59.7550816667°, lon=-174.54545°, alt=0.0)","UTM(-35123.665004166774, 6.662778673775118e6, 0.0)",-35.123665004166774,6662.778673775118
145,201807,110,59.7385083333,-174.550451667,"LLA(lat=59.7385083333°, lon=-174.550451667°, alt=0.0)","UTM(-35669.14792023925, 6.660986329613004e6, 0.0)",-35.669147920239254,6660.986329613004
146,201807,111,60.20372,-174.673336667,"LLA(lat=60.20372°, lon=-174.673336667°, alt=0.0)","UTM(-34938.210273293545, 6.713426452093649e6, 0.0)",-34.93821027329354,6713.426452093649
11,201807,-19,56.32475,-160.99837,"LLA(lat=56.32475°, lon=-160.99837°, alt=0.0)","UTM(747398.6067639012, 6.249418695463013e6, 0.0)",747.3986067639012,6249.418695463013
12,201807,-20,56.9859,-160.94966,"LLA(lat=56.9859°, lon=-160.94966°, alt=0.0)","UTM(746059.2835131926, 6.323114137430093e6, 0.0)",746.0592835131926,6323.114137430093
21,201807,-30,57.02128,-162.15371,"LLA(lat=57.02128°, lon=-162.15371°, alt=0.0)","UTM(672778.4303582888, 6.32335597749514e6, 0.0)",672.7784303582888,6323.35597749514
22,201807,-31,56.67329,-162.17763,"LLA(lat=56.67329°, lon=-162.17763°, alt=0.0)","UTM(672924.904670709, 6.284578908549786e6, 0.0)",672.924904670709,6284.578908549785
23,201807,-32,56.33941,-162.18504,"LLA(lat=56.33941°, lon=-162.18504°, alt=0.0)","UTM(673994.1965241102, 6.247414769490887e6, 0.0)",673.9941965241102,6247.414769490887
24,201807,-34,56.00005,-162.23052,"LLA(lat=56.00005°, lon=-162.23052°, alt=0.0)","UTM(672701.0166527356, 6.209546560287444e6, 0.0)",672.7010166527357,6209.546560287444
25,201807,-35,55.33034,-163.42156,"LLA(lat=55.33034°, lon=-163.42156°, alt=0.0)","UTM(600134.7813907542, 6.132686850978328e6, 0.0)",600.1347813907541,6132.686850978328
26,201807,-36,55.65546,-163.43367,"LLA(lat=55.65546°, lon=-163.43367°, alt=0.0)","UTM(598551.4108330194, 6.168846642454645e6, 0.0)",598.5514108330194,6168.846642454645
27,201807,-37,55.98506,-163.3823,"LLA(lat=55.98506°, lon=-163.3823°, alt=0.0)","UTM(600926.3212604859, 6.205597929451478e6, 0.0)",600.9263212604859,6205.597929451477
28,201807,-38,56.31588,-163.41211,"LLA(lat=56.31588°, lon=-163.41211°, alt=0.0)","UTM(598219.1250702499, 6.2423697120349435e6, 0.0)",598.2191250702499,6242.369712034943
29,201807,-39,56.65361,-163.40327,"LLA(lat=56.65361°, lon=-163.40327°, alt=0.0)","UTM(597892.3484265245, 6.279968067103964e6, 0.0)",597.8923484265246,6279.968067103964
30,201807,-40,56.995,-163.38875,"LLA(lat=56.995°, lon=-163.38875°, alt=0.0)","UTM(597887.9024499981, 6.317983732355306e6, 0.0)",597.887902449998,6317.983732355306
49,201807,-63,57.67508,-165.86992,"LLA(lat=57.67508°, lon=-165.86992°, alt=0.0)","UTM(448115.6323373331, 6.392869590424677e6, 0.0)",448.1156323373331,6392.869590424677
50,201807,-64,57.67561,-166.49748,"LLA(lat=57.67561°, lon=-166.49748°, alt=0.0)","UTM(410690.4514361593, 6.393582068202351e6, 0.0)",410.6904514361593,6393.582068202351
51,201807,-65,57.33583,-166.49443,"LLA(lat=57.33583°, lon=-166.49443°, alt=0.0)","UTM(410040.124604646, 6.355757701342477e6, 0.0)",410.040124604646,6355.757701342477
52,201807,-66,57.34869,-164.61746,"LLA(lat=57.34869°, lon=-164.61746°, alt=0.0)","UTM(523020.64681436756, 6.356266255675354e6, 0.0)",523.0206468143675,6356.266255675354
53,201807,-67,57.01142,-164.61733,"LLA(lat=57.01142°, lon=-164.61733°, alt=0.0)","UTM(523239.19859669986, 6.318722237271505e6, 0.0)",523.2391985966999,6318.722237271505
54,201807,-68,56.67952,-164.61777,"LLA(lat=56.67952°, lon=-164.61777°, alt=0.0)","UTM(523418.81824761163, 6.281777778895165e6, 0.0)",523.4188182476116,6281.777778895165
55,201807,-69,56.66051,-165.21064,"LLA(lat=56.66051°, lon=-165.21064°, alt=0.0)","UTM(487087.7892308518, 6.279616341422359e6, 0.0)",487.0877892308518,6279.616341422359
56,201807,-70,56.34146,-165.22518,"LLA(lat=56.34146°, lon=-165.22518°, alt=0.0)","UTM(486080.10523357755, 6.244106985908592e6, 0.0)",486.08010523357757,6244.106985908592
57,201807,-71,56.34373,-164.61467,"LLA(lat=56.34373°, lon=-164.61467°, alt=0.0)","UTM(523818.386678845, 6.244403544659178e6, 0.0)",523.818386678845,6244.403544659178
58,201807,-72,55.99172,-164.57631,"LLA(lat=55.99172°, lon=-164.57631°, alt=0.0)","UTM(526430.1785448365, 6.205239054835374e6, 0.0)",526.4301785448365,6205.239054835373
59,201807,-73,55.98443,-165.15978,"LLA(lat=55.98443°, lon=-165.15978°, alt=0.0)","UTM(490030.86948082724, 6.204358212469715e6, 0.0)",490.0308694808272,6204.358212469715
60,201807,-74,55.68308,-165.17699,"LLA(lat=55.68308°, lon=-165.17699°, alt=0.0)","UTM(488871.3677409272, 6.170822359860664e6, 0.0)",488.8713677409272,6170.822359860665
61,201807,-75,55.6792,-164.60495,"LLA(lat=55.6792°, lon=-164.60495°, alt=0.0)","UTM(524842.0321452653, 6.170447083956227e6, 0.0)",524.8420321452653,6170.447083956226
62,201807,-76,55.34848,-164.56436,"LLA(lat=55.34848°, lon=-164.56436°, alt=0.0)","UTM(527625.1132297762, 6.133657437581832e6, 0.0)",527.6251132297762,6133.657437581832
63,201807,-77,55.04147,-164.57549,"LLA(lat=55.04147°, lon=-164.57549°, alt=0.0)","UTM(527127.1814573458, 6.099488539146473e6, 0.0)",527.1271814573458,6099.488539146472
64,201807,-78,54.98494,-165.13294,"LLA(lat=54.98494°, lon=-165.13294°, alt=0.0)","UTM(491492.8411084369, 6.093123644333377e6, 0.0)",491.49284110843695,6093.123644333376
65,201807,-79,55.3204,-165.1601,"LLA(lat=55.3204°, lon=-165.1601°, alt=0.0)","UTM(489840.4134150013, 6.130457829153176e6, 0.0)",489.8404134150013,6130.457829153176
66,201807,-80,55.69137,-165.80538,"LLA(lat=55.69137°, lon=-165.80538°, alt=0.0)","UTM(449371.26526244724, 6.172024700785252e6, 0.0)",449.37126526244725,6172.024700785252
67,201807,-81,55.3497,-165.7838,"LLA(lat=55.3497°, lon=-165.7838°, alt=0.0)","UTM(450299.023296064, 6.133986475998497e6, 0.0)",450.299023296064,6133.986475998497
68,201807,-82,55.00807,-166.34336,"LLA(lat=55.00807°, lon=-166.34336°, alt=0.0)","UTM(414087.1707107851, 6.096514603259703e6, 0.0)",414.0871707107851,6096.514603259703
69,201807,-83,55.00207,-165.75422,"LLA(lat=55.00207°, lon=-165.75422°, alt=0.0)","UTM(451756.6135812523, 6.095281885809589e6, 0.0)",451.7566135812523,6095.281885809589
70,201807,-84,54.83021,-165.53279,"LLA(lat=54.83021°, lon=-165.53279°, alt=0.0)","UTM(465774.6024585153, 6.076027707141437e6, 0.0)",465.77460245851535,6076.027707141437
71,201807,-85,54.71853,-165.13461,"LLA(lat=54.71853°, lon=-165.13461°, alt=0.0)","UTM(491329.02512970084, 6.063478765608938e6, 0.0)",491.3290251297008,6063.478765608938
72,201807,-86,56.31453,-167.0229,"LLA(lat=56.31453°, lon=-167.0229°, alt=0.0)","UTM(374872.7008708096, 6.2429251360266125e6, 0.0)",374.87270087080964,6242.925136026613
73,201807,-87,56.65374,-167.04301,"LLA(lat=56.65374°, lon=-167.04301°, alt=0.0)","UTM(374751.6250559467, 6.2807086400935855e6, 0.0)",374.7516250559467,6280.708640093586
74,201807,-88,56.9853,-167.06003,"LLA(lat=56.9853°, lon=-167.06003°, alt=0.0)","UTM(374819.16172478406, 6.3176369377410235e6, 0.0)",374.81916172478407,6317.636937741024
75,201807,-89,57.32963,-167.10203,"LLA(lat=57.32963°, lon=-167.10203°, alt=0.0)","UTM(373449.0969207323, 6.356034250826875e6, 0.0)",373.4490969207323,6356.034250826875
76,201807,-90,57.63951,-167.11971,"LLA(lat=57.63951°, lon=-167.11971°, alt=0.0)","UTM(373461.2637997656, 6.39055438341498e6, 0.0)",373.4612637997656,6390.55438341498
77,201807,-91,57.9798,-167.16894,"LLA(lat=57.9798°, lon=-167.16894°, alt=0.0)","UTM(371736.8838850346, 6.428519979578572e6, 0.0)",371.7368838850346,6428.519979578572
88,201807,-103,60.33445,-169.99934,"LLA(lat=60.33445°, lon=-169.99934°, alt=0.0)","UTM(224146.61527607898, 6.699126362505464e6, 0.0)",224.146615276079,6699.1263625054635
89,201807,-104,60.01951,-169.97517,"LLA(lat=60.01951°, lon=-169.97517°, alt=0.0)","UTM(222834.61197760305, 6.664017245920778e6, 0.0)",222.83461197760306,6664.017245920778
90,201807,-105,59.67737,-169.91637,"LLA(lat=59.67737°, lon=-169.91637°, alt=0.0)","UTM(223277.40318310948, 6.625739192581841e6, 0.0)",223.27740318310947,6625.739192581841
91,201807,-106,59.66226,-170.5783,"LLA(lat=59.66226°, lon=-170.5783°, alt=0.0)","UTM(185933.02446810773, 6.627009756702748e6, 0.0)",185.93302446810773,6627.009756702748
92,201807,-107,59.9945,-170.63622,"LLA(lat=59.9945°, lon=-170.63622°, alt=0.0)","UTM(185826.40844645764, 6.664196612633086e6, 0.0)",185.82640844645763,6664.196612633086
93,201807,-108,59.334,-170.55506,"LLA(lat=59.334°, lon=-170.55506°, alt=0.0)","UTM(184183.1700231646, 6.590428661895794e6, 0.0)",184.1831700231646,6590.428661895794
94,201807,-109,59.34621,-169.85966,"LLA(lat=59.34621°, lon=-169.85966°, alt=0.0)","UTM(223768.44516851153, 6.5886905666053295e6, 0.0)",223.76844516851153,6588.69056660533
95,201807,-110,59.01493,-169.81523,"LLA(lat=59.01493°, lon=-169.81523°, alt=0.0)","UTM(223626.80540732254, 6.551679682584896e6, 0.0)",223.62680540732254,6551.679682584896
96,201807,-111,59.00041,-170.45073,"LLA(lat=59.00041°, lon=-170.45073°, alt=0.0)","UTM(187068.79958000797, 6.552871496367298e6, 0.0)",187.06879958000798,6552.871496367298
97,201807,-112,58.66997,-170.45564,"LLA(lat=58.66997°, lon=-170.45564°, alt=0.0)","UTM(183786.71541445097, 6.516178504846365e6, 0.0)",183.78671541445098,6516.178504846365
98,201807,-113,58.67777,-169.8007,"LLA(lat=58.67777°, lon=-169.8007°, alt=0.0)","UTM(221766.0019477589, 6.514138936373217e6, 0.0)",221.7660019477589,6514.138936373217
99,201807,-114,58.3443,-169.72656,"LLA(lat=58.3443°, lon=-169.72656°, alt=0.0)","UTM(223444.61685871973, 6.47676165884066e6, 0.0)",223.44461685871974,6476.76165884066
100,201807,-115,58.32463,-170.33861,"LLA(lat=58.32463°, lon=-170.33861°, alt=0.0)","UTM(187503.218341332, 6.477257050979751e6, 0.0)",187.503218341332,6477.2570509797515
101,201807,-116,58.01463,-170.3555,"LLA(lat=58.01463°, lon=-170.3555°, alt=0.0)","UTM(183772.26023082406, 6.442888628823573e6, 0.0)",183.77226023082406,6442.888628823573
102,201807,-117,57.82495,-169.99465,"LLA(lat=57.82495°, lon=-169.99465°, alt=0.0)","UTM(203493.6721275507, 6.420171394424306e6, 0.0)",203.4936721275507,6420.1713944243065
103,201807,-118,58.0186,-169.70845,"LLA(lat=58.0186°, lon=-169.70845°, alt=0.0)","UTM(221969.13129816053, 6.440479566712037e6, 0.0)",221.96913129816053,6440.479566712037
104,201807,-119,57.82688,-169.40682,"LLA(lat=57.82688°, lon=-169.40682°, alt=0.0)","UTM(238372.1841276646, 6.417959403452888e6, 0.0)",238.3721841276646,6417.959403452888
105,201807,-120,58.02156,-169.07768,"LLA(lat=58.02156°, lon=-169.07768°, alt=0.0)","UTM(259205.76243225794, 6.438383545755815e6, 0.0)",259.2057624322579,6438.383545755814
106,201807,-121,57.67389,-169.03744,"LLA(lat=57.67389°, lon=-169.03744°, alt=0.0)","UTM(259269.7272055909, 6.399576148963642e6, 0.0)",259.2697272055909,6399.5761489636425
107,201807,-123,57.37392,-168.93271,"LLA(lat=57.37392°, lon=-168.93271°, alt=0.0)","UTM(263575.15099768096, 6.365848081949644e6, 0.0)",263.57515099768096,6365.8480819496435
108,201807,-124,57.50746,-169.34054,"LLA(lat=57.50746°, lon=-169.34054°, alt=0.0)","UTM(240026.05243974618, 6.382188472982241e6, 0.0)",240.0260524397462,6382.1884729822405
109,201807,-125,57.67863,-169.63095,"LLA(lat=57.67863°, lon=-169.63095°, alt=0.0)","UTM(223949.03260134114, 6.402367523812057e6, 0.0)",223.94903260134114,6402.367523812058
110,201807,-126,57.34334,-169.58416,"LLA(lat=57.34334°, lon=-169.58416°, alt=0.0)","UTM(224214.63157543977, 6.364902414270978e6, 0.0)",224.21463157543977,6364.902414270979
111,201807,-127,57.1656,-169.89223,"LLA(lat=57.1656°, lon=-169.89223°, alt=0.0)","UTM(204277.00911173096, 6.346438493749572e6, 0.0)",204.27700911173096,6346.4384937495715
112,201807,-128,57.32358,-170.22677,"LLA(lat=57.32358°, lon=-170.22677°, alt=0.0)","UTM(185427.99446543737, 6.365497024858764e6, 0.0)",185.42799446543737,6365.497024858764
113,201807,-129,57.48182,-169.98239,"LLA(lat=57.48182°, lon=-169.98239°, alt=0.0)","UTM(201411.79295796744, 6.381979969588297e6, 0.0)",201.41179295796744,6381.9799695882975
114,201807,-130,57.65646,-170.2469,"LLA(lat=57.65646°, lon=-170.2469°, alt=0.0)","UTM(187082.62015842838, 6.402582105878039e6, 0.0)",187.0826201584284,6402.582105878039
115,201807,-132,57.98921,-170.97203,"LLA(lat=57.98921°, lon=-170.97203°, alt=0.0)","UTM(147172.53196706594, 6.443122978292875e6, 0.0)",147.17253196706594,6443.122978292875
116,201807,-133,57.85302,-170.63108,"LLA(lat=57.85302°, lon=-170.63108°, alt=0.0)","UTM(166022.35920191638, 6.426259838095581e6, 0.0)",166.02235920191637,6426.2598380955815
117,201807,-134,57.50158,-170.5619,"LLA(lat=57.50158°, lon=-170.5619°, alt=0.0)","UTM(166906.64597265836, 6.386874232056264e6, 0.0)",166.90664597265837,6386.874232056264
118,201807,-135,57.67284,-170.89138,"LLA(lat=57.67284°, lon=-170.89138°, alt=0.0)","UTM(148860.45969956316, 6.407563325012026e6, 0.0)",148.86045969956317,6407.563325012026
119,201807,-136,57.99305,-172.25509,"LLA(lat=57.99305°, lon=-172.25509°, alt=0.0)","UTM(71578.41866098222, 6.450985719690093e6, 0.0)",71.57841866098222,6450.985719690093
120,201807,-137,57.99914,-171.60549,"LLA(lat=57.99914°, lon=-171.60549°, alt=0.0)","UTM(109925.60809044959, 6.447716010485529e6, 0.0)",109.92560809044959,6447.716010485529
121,201807,-138,57.6792,-171.5445,"LLA(lat=57.6792°, lon=-171.5445°, alt=0.0)","UTM(110070.82920417184, 6.411846892857287e6, 0.0)",110.07082920417184,6411.8468928572875
122,201807,-139,57.33552,-171.48908,"LLA(lat=57.33552°, lon=-171.48908°, alt=0.0)","UTM(109706.12957073818, 6.373373116722879e6, 0.0)",109.70612957073818,6373.373116722879
123,201807,-140,57.34405,-170.87,"LLA(lat=57.34405°, lon=-170.87°, alt=0.0)","UTM(146965.8151563055, 6.370931828198509e6, 0.0)",146.9658151563055,6370.93182819851
124,201807,-141,58.32065,-170.9965,"LLA(lat=58.32065°, lon=-170.9965°, alt=0.0)","UTM(149013.88853669178, 6.48006244962947e6, 0.0)",149.01388853669178,6480.0624496294695
125,201807,-142,58.65375,-171.07895,"LLA(lat=58.65375°, lon=-171.07895°, alt=0.0)","UTM(147554.70846385625, 6.517488902871892e6, 0.0)",147.55470846385626,6517.488902871892
126,201807,-143,58.96468,-171.12612,"LLA(lat=58.96468°, lon=-171.12612°, alt=0.0)","UTM(147994.99373345514, 6.552267237113259e6, 0.0)",147.99499373345515,6552.2672371132585
127,201807,-144,59.31188,-171.16664,"LLA(lat=59.31188°, lon=-171.16664°, alt=0.0)","UTM(149246.8542003311, 6.591036889897234e6, 0.0)",149.2468542003311,6591.036889897234
128,201807,-145,59.64768,-171.2475,"LLA(lat=59.64768°, lon=-171.2475°, alt=0.0)","UTM(148172.66645225207, 6.628752430769632e6, 0.0)",148.17266645225206,6628.752430769631
129,201807,-146,59.96634,-171.30057,"LLA(lat=59.96634°, lon=-171.30057°, alt=0.0)","UTM(148566.43717354408, 6.664416319574204e6, 0.0)",148.56643717354407,6664.416319574204
130,201807,-147,60.31738,-170.66477,"LLA(lat=60.31738°, lon=-170.66477°, alt=0.0)","UTM(187323.78036867274, 6.700203021448557e6, 0.0)",187.32378036867274,6700.203021448558
131,201807,-148,60.33835,-171.3048,"LLA(lat=60.33835°, lon=-171.3048°, alt=0.0)","UTM(152289.13022394892, 6.705742602283541e6, 0.0)",152.28913022394892,6705.742602283541
132,201807,-149,60.00807,-172.62498,"LLA(lat=60.00807°, lon=-172.62498°, alt=0.0)","UTM(75429.9954453173, 6.676832456164367e6, 0.0)",75.4299954453173,6676.832456164367
133,201807,-150,60.16633,-172.99619,"LLA(lat=60.16633°, lon=-172.99619°, alt=0.0)","UTM(56962.198413064354, 6.696818610103178e6, 0.0)",56.96219841306436,6696.818610103178
134,201807,-151,60.0154,-173.28528,"LLA(lat=60.0154°, lon=-173.28528°, alt=0.0)","UTM(38890.31235657196, 6.682079341940495e6, 0.0)",38.89031235657196,6682.079341940495
135,201807,-152,59.84986,-173.57994,"LLA(lat=59.84986°, lon=-173.57994°, alt=0.0)","UTM(20158.585621402017, 6.665845476894255e6, 0.0)",20.15858562140202,6665.845476894255
136,201807,-153,59.68545,-173.26304,"LLA(lat=59.68545°, lon=-173.26304°, alt=0.0)","UTM(35533.24960614636, 6.645369884896076e6, 0.0)",35.53324960614636,6645.369884896077
137,201807,-154,59.82578,-172.92628,"LLA(lat=59.82578°, lon=-172.92628°, alt=0.0)","UTM(56272.16727620998, 6.658606689349574e6, 0.0)",56.27216727620998,6658.6066893495745
138,201807,-155,59.67515,-172.54326,"LLA(lat=59.67515°, lon=-172.54326°, alt=0.0)","UTM(75740.22729146742, 6.63939377303593e6, 0.0)",75.74022729146742,6639.393773035929
139,201807,-156,59.50959,-172.87972,"LLA(lat=59.50959°, lon=-172.87972°, alt=0.0)","UTM(54683.84049981763, 6.623247643553967e6, 0.0)",54.68384049981763,6623.247643553967
140,201807,-157,59.34308,-172.50836,"LLA(lat=59.34308°, lon=-172.50836°, alt=0.0)","UTM(73515.2680281382, 6.602346523376652e6, 0.0)",73.51526802813821,6602.346523376652
141,201807,-158,59.01542,-172.4459,"LLA(lat=59.01542°, lon=-172.4459°, alt=0.0)","UTM(72974.84654994193, 6.565608248603662e6, 0.0)",72.97484654994193,6565.608248603661
142,201807,-159,58.68664,-172.36382,"LLA(lat=58.68664°, lon=-172.36382°, alt=0.0)","UTM(73636.366465086, 6.528617663687011e6, 0.0)",73.636366465086,6528.617663687011
143,201807,-160,58.348,-172.28141,"LLA(lat=58.348°, lon=-172.28141°, alt=0.0)","UTM(74302.54599859728, 6.490529558314735e6, 0.0)",74.30254599859728,6490.529558314735
144,201807,-161,56.6669,-172.57788,"LLA(lat=56.6669°, lon=-172.57788°, alt=0.0)","UTM(36093.79110678384, 6.305999046253232e6, 0.0)",36.09379110678384,6305.999046253232
145,201807,-162,57.00032,-172.63058,"LLA(lat=57.00032°, lon=-172.63058°, alt=0.0)","UTM(37022.440300992224, 6.343338503135839e6, 0.0)",37.02244030099222,6343.338503135838
146,201807,-163,57.33527,-172.81705,"LLA(lat=57.33527°, lon=-172.81705°, alt=0.0)","UTM(30021.706673797977, 6.381763955007247e6, 0.0)",30.021706673797976,6381.763955007246
147,201807,-164,57.6538,-172.7849,"LLA(lat=57.6538°, lon=-172.7849°, alt=0.0)","UTM(36021.986580529716, 6.416862188331987e6, 0.0)",36.02198658052971,6416.8621883319865
148,201807,-167,58.00199,-172.80703,"LLA(lat=58.00199°, lon=-172.80703°, alt=0.0)","UTM(39187.143622181844, 6.455621208026928e6, 0.0)",39.18714362218184,6455.621208026928
149,201807,-168,58.31242,-172.91377,"LLA(lat=58.31242°, lon=-172.91377°, alt=0.0)","UTM(36968.34134108428, 6.490771395625968e6, 0.0)",36.968341341084276,6490.771395625969
150,201807,-169,58.66927,-173.62876,"LLA(lat=58.66927°, lon=-173.62876°, alt=0.0)","UTM(385.86349834746215, 6.535455132685082e6, 0.0)",0.38586349834746214,6535.455132685082
151,201807,-170,58.98612,-173.71712,"LLA(lat=58.98612°, lon=-173.71712°, alt=0.0)","UTM(-108.63442228839267, 6.571208428825688e6, 0.0)",-0.10863442228839267,6571.208428825687
152,201807,-171,59.32895,-173.80109,"LLA(lat=59.32895°, lon=-173.80109°, alt=0.0)","UTM(137.94986592355417, 6.609801732996805e6, 0.0)",0.13794986592355418,6609.801732996804
153,201807,-172,59.49005,-173.49534,"LLA(lat=59.49005°, lon=-173.49534°, alt=0.0)","UTM(19734.587204426993, 6.625382038702041e6, 0.0)",19.734587204426994,6625.3820387020405
154,201807,-173,59.65604,-174.43178,"LLA(lat=59.65604°, lon=-174.43178°, alt=0.0)","UTM(-30351.620448805275, 6.650907383006167e6, 0.0)",-30.351620448805274,6650.907383006167
155,201807,-174,60.03804,-174.62803,"LLA(lat=60.03804°, lon=-174.62803°, alt=0.0)","UTM(-35139.509500333224, 6.69473940561667e6, 0.0)",-35.139509500333226,6694.7394056166695
156,201807,-175,60.15239,-174.35804,"LLA(lat=60.15239°, lon=-174.35804°, alt=0.0)","UTM(-18395.00025150244, 6.705224163290547e6, 0.0)",-18.395000251502438,6705.224163290547
157,201807,-176,60.32583,-174.07296,"LLA(lat=60.32583°, lon=-174.07296°, alt=0.0)","UTM(-10.80511597765144, 6.722203819753962e6, 0.0)",-0.01080511597765144,6722.203819753961
158,201807,-178,60.66919,-174.1185,"LLA(lat=60.66919°, lon=-174.1185°, alt=0.0)","UTM(2797.45360909804, 6.760541808316611e6, 0.0)",2.79745360909804,6760.5418083166105
159,201807,-179,60.65067,-173.46372,"LLA(lat=60.65067°, lon=-173.46372°, alt=0.0)","UTM(38092.42025796231, 6.753696307995884e6, 0.0)",38.09242025796231,6753.696307995884
160,201807,-180,60.67242,-172.8117,"LLA(lat=60.67242°, lon=-172.8117°, alt=0.0)","UTM(73844.12778474373, 6.751686831163762e6, 0.0)",73.84412778474373,6751.686831163762
161,201807,-181,60.66895,-172.14139,"LLA(lat=60.66895°, lon=-172.14139°, alt=0.0)","UTM(110265.82395417924, 6.747129829580065e6, 0.0)",110.26582395417924,6747.129829580065
162,201807,-182,60.64729,-171.43667,"LLA(lat=60.64729°, lon=-171.43667°, alt=0.0)","UTM(148399.34957048128, 6.740742955615197e6, 0.0)",148.3993495704813,6740.742955615197
163,201807,-183,60.9965,-171.45419,"LLA(lat=60.9965°, lon=-171.45419°, alt=0.0)","UTM(151273.36671197694, 6.779602537081706e6, 0.0)",151.27336671197693,6779.602537081706
164,201807,-184,61.00032,-172.13268,"LLA(lat=61.00032°, lon=-172.13268°, alt=0.0)","UTM(114756.42861089658, 6.783835730012979e6, 0.0)",114.75642861089658,6783.835730012979
165,201807,-185,60.99975,-172.78175,"LLA(lat=60.99975°, lon=-172.78175°, alt=0.0)","UTM(79802.29942075728, 6.78777334762781e6, 0.0)",79.80229942075728,6787.77334762781
166,201807,-186,60.99867,-173.48311,"LLA(lat=60.99867°, lon=-173.48311°, alt=0.0)","UTM(42056.76634054922, 6.792369367850547e6, 0.0)",42.05676634054922,6792.369367850547
167,201807,-187,61.00054,-174.1543,"LLA(lat=61.00054°, lon=-174.1543°, alt=0.0)","UTM(6012.370065360679, 6.797471086997932e6, 0.0)",6.012370065360679,6797.471086997932
168,201807,-188,61.00043,-174.83869,"LLA(lat=61.00043°, lon=-174.83869°, alt=0.0)","UTM(-30732.503931219107, 6.802834775714787e6, 0.0)",-30.732503931219107,6802.834775714787
169,201807,-189,60.99773,-175.51935,"LLA(lat=60.99773°, lon=-175.51935°, alt=0.0)","UTM(-67283.0527445157, 6.808269114417347e6, 0.0)",-67.2830527445157,6808.269114417347
170,201807,-190,60.99968,-176.26846,"LLA(lat=60.99968°, lon=-176.26846°, alt=0.0)","UTM(-107371.50609599461, 6.8152383889754005e6, 0.0)",-107.37150609599462,6815.2383889754
171,201807,-191,60.68533,-176.21321,"LLA(lat=60.68533°, lon=-176.21321°, alt=0.0)","UTM(-110413.96411541232, 6.780068486684076e6, 0.0)",-110.41396411541233,6780.068486684076
172,201807,-192,60.34296,-176.02988,"LLA(lat=60.34296°, lon=-176.02988°, alt=0.0)","UTM(-106907.49907663523, 6.740606451042762e6, 0.0)",-106.90749907663523,6740.606451042762
173,201807,-193,60.01537,-175.91742,"LLA(lat=60.01537°, lon=-175.91742°, alt=0.0)","UTM(-106807.34535495925, 6.7034258561642645e6, 0.0)",-106.80734535495925,6703.425856164265
174,201807,-194,59.99888,-175.27239,"LLA(lat=59.99888°, lon=-175.27239°, alt=0.0)","UTM(-71443.61757000675, 6.695828366622063e6, 0.0)",-71.44361757000675,6695.828366622063
175,201807,-195,59.67572,-175.10501,"LLA(lat=59.67572°, lon=-175.10501°, alt=0.0)","UTM(-67684.1886245606, 6.658678653986085e6, 0.0)",-67.6841886245606,6658.678653986085
176,201807,-196,59.34268,-175.09359,"LLA(lat=59.34268°, lon=-175.09359°, alt=0.0)","UTM(-72691.60592375649, 6.621776146544321e6, 0.0)",-72.6916059237565,6621.776146544322
177,201807,-197,59.01003,-175.02749,"LLA(lat=59.01003°, lon=-175.02749°, alt=0.0)","UTM(-74543.24460087204, 6.584437760999214e6, 0.0)",-74.54324460087204,6584.437760999214
178,201807,-198,58.68094,-174.89794,"LLA(lat=58.68094°, lon=-174.89794°, alt=0.0)","UTM(-72589.41643338383, 6.546939307049722e6, 0.0)",-72.58941643338383,6546.939307049723
179,201807,-199,58.67491,-175.52058,"LLA(lat=58.67491°, lon=-175.52058°, alt=0.0)","UTM(-108530.30636099831, 6.551786642047661e6, 0.0)",-108.53030636099831,6551.786642047661
180,201807,-200,58.66945,-176.15768,"LLA(lat=58.66945°, lon=-176.15768°, alt=0.0)","UTM(-145270.33815875684, 6.557176747412702e6, 0.0)",-145.27033815875686,6557.176747412702
191,201807,-211,61.3299,-176.32233,"LLA(lat=61.3299°, lon=-176.32233°, alt=0.0)","UTM(-103871.33908127528, 6.852135046195892e6, 0.0)",-103.87133908127528,6852.135046195892
192,201807,-212,61.34021,-175.69731,"LLA(lat=61.34021°, lon=-175.69731°, alt=0.0)","UTM(-70566.84751923534, 6.847619396263603e6, 0.0)",-70.56684751923534,6847.619396263603
193,201807,-213,61.34199,-175.02532,"LLA(lat=61.34199°, lon=-175.02532°, alt=0.0)","UTM(-34901.67905374314, 6.842098837144976e6, 0.0)",-34.90167905374314,6842.098837144976
194,201807,-214,61.65916,-175.06085,"LLA(lat=61.65916°, lon=-175.06085°, alt=0.0)","UTM(-31324.585087484098, 6.877422532979126e6, 0.0)",-31.3245850874841,6877.422532979126
195,201807,-215,61.33646,-174.31339,"LLA(lat=61.33646°, lon=-174.31339°, alt=0.0)","UTM(2805.1076281983405, 6.835836474965601e6, 0.0)",2.8051076281983405,6835.836474965601
196,201807,-216,61.333,-173.62545,"LLA(lat=61.333°, lon=-173.62545°, alt=0.0)","UTM(39322.09359793161, 6.83038889994695e6, 0.0)",39.32209359793161,6830.38889994695
197,201807,-217,61.25117,-172.73427,"LLA(lat=61.25117°, lon=-172.73427°, alt=0.0)","UTM(85672.10146910505, 6.81533669444471e6, 0.0)",85.67210146910506,6815.336694444711
198,201807,-218,61.25612,-171.77692,"LLA(lat=61.25612°, lon=-171.77692°, alt=0.0)","UTM(136876.25642971415, 6.810176770924942e6, 0.0)",136.87625642971415,6810.176770924942
199,201807,-219,61.7234,-170.75554,"LLA(lat=61.7234°, lon=-170.75554°, alt=0.0)","UTM(196093.3950282446, 6.856826399960805e6, 0.0)",196.0933950282446,6856.826399960804
200,201807,-220,62.23226,-170.81739,"LLA(lat=62.23226°, lon=-170.81739°, alt=0.0)","UTM(197917.41355354898, 6.913640961742179e6, 0.0)",197.91741355354898,6913.640961742179
201,201807,-221,62.74098,-170.8993,"LLA(lat=62.74098°, lon=-170.8993°, alt=0.0)","UTM(198850.55999514606, 6.97052959007381e6, 0.0)",198.85055999514606,6970.52959007381
206,201807,-227,61.25222,-170.65469,"LLA(lat=61.25222°, lon=-170.65469°, alt=0.0)","UTM(196854.42205818812, 6.804012280369222e6, 0.0)",196.85442205818813,6804.012280369222
207,201807,-228,60.76125,-170.58796,"LLA(lat=60.76125°, lon=-170.58796°, alt=0.0)","UTM(195757.54036575032, 6.749155849842567e6, 0.0)",195.75754036575032,6749.155849842567
217,201807,-12,56.68686,-160.9777,"LLA(lat=56.68686°, lon=-160.9777°, alt=0.0)","UTM(746314.4483512158, 6.289759533312795e6, 0.0)",746.3144483512158,6289.759533312795
218,201807,-13,56.33521,-161.6139,"LLA(lat=56.33521°, lon=-161.6139°, alt=0.0)","UTM(709305.1531737273, 6.248538592714434e6, 0.0)",709.3051531737274,6248.538592714433
219,201807,-14,56.64975,-161.59232,"LLA(lat=56.64975°, lon=-161.59232°, alt=0.0)","UTM(708901.4209247883, 6.283590522898273e6, 0.0)",708.9014209247883,6283.590522898273
220,201807,-15,56.97931,-161.57083,"LLA(lat=56.97931°, lon=-161.57083°, alt=0.0)","UTM(708379.8660534711, 6.320313860292163e6, 0.0)",708.3798660534711,6320.313860292163
229,201807,-24,57.01484,-162.78249,"LLA(lat=57.01484°, lon=-162.78249°, alt=0.0)","UTM(634641.7228495182, 6.3212238093166845e6, 0.0)",634.6417228495181,6321.223809316684
230,201807,-25,56.68796,-162.78333,"LLA(lat=56.68796°, lon=-162.78333°, alt=0.0)","UTM(635769.5713131992, 6.284847208808691e6, 0.0)",635.7695713131992,6284.847208808691
231,201807,-26,56.35136,-162.79787,"LLA(lat=56.35136°, lon=-162.79787°, alt=0.0)","UTM(636080.4739994557, 6.247363489332862e6, 0.0)",636.0804739994556,6247.363489332863
232,201807,-27,56.01024,-162.81497,"LLA(lat=56.01024°, lon=-162.81497°, alt=0.0)","UTM(636227.1438215538, 6.209373446414485e6, 0.0)",636.2271438215538,6209.3734464144845
233,201807,-28,55.67728,-162.83132,"LLA(lat=55.67728°, lon=-162.83132°, alt=0.0)","UTM(636368.8995415638, 6.172294526776104e6, 0.0)",636.3688995415638,6172.294526776104
234,201807,-29,55.3143,-164.01081,"LLA(lat=55.3143°, lon=-164.01081°, alt=0.0)","UTM(562780.3461760015, 6.130212966612981e6, 0.0)",562.7803461760014,6130.21296661298
235,201807,-30,55.66014,-164.00462,"LLA(lat=55.66014°, lon=-164.00462°, alt=0.0)","UTM(562622.2086716641, 6.16870430784954e6, 0.0)",562.6222086716641,6168.704307849541
236,201807,-31,55.98205,-164.04002,"LLA(lat=55.98205°, lon=-164.04002°, alt=0.0)","UTM(559898.5549821462, 6.204497738229941e6, 0.0)",559.8985549821463,6204.49773822994
237,201807,-32,56.31816,-164.00862,"LLA(lat=56.31816°, lon=-164.00862°, alt=0.0)","UTM(561320.1150167584, 6.241932319771315e6, 0.0)",561.3201150167585,6241.932319771315
238,201807,-33,56.65117,-164.00106,"LLA(lat=56.65117°, lon=-164.00106°, alt=0.0)","UTM(561248.8920066314, 6.279002916537463e6, 0.0)",561.2488920066313,6279.002916537463
239,201807,-34,56.9767,-164.02017,"LLA(lat=56.9767°, lon=-164.02017°, alt=0.0)","UTM(559558.6086494734, 6.315219286541893e6, 0.0)",559.5586086494734,6315.219286541893
260,201807,-55,57.35171,-165.24332,"LLA(lat=57.35171°, lon=-165.24332°, alt=0.0)","UTM(485358.5657320984, 6.356563918498767e6, 0.0)",485.35856573209844,6356.563918498767
261,201807,-56,57.34576,-165.88586,"LLA(lat=57.34576°, lon=-165.88586°, alt=0.0)","UTM(446686.83360662754, 6.356222388830401e6, 0.0)",446.68683360662754,6356.222388830401
262,201807,-57,57.02325,-165.85696,"LLA(lat=57.02325°, lon=-165.85696°, alt=0.0)","UTM(447974.75789034413, 6.320300399931465e6, 0.0)",447.9747578903441,6320.300399931465
263,201807,-58,57.00471,-165.23725,"LLA(lat=57.00471°, lon=-165.23725°, alt=0.0)","UTM(485589.40385832597, 6.317935239781642e6, 0.0)",485.58940385832597,6317.935239781642
264,201807,-59,56.67676,-165.84072,"LLA(lat=56.67676°, lon=-165.84072°, alt=0.0)","UTM(448486.8095536064, 6.281721095815529e6, 0.0)",448.48680955360635,6281.721095815529
265,201807,-60,57.00983,-166.47096,"LLA(lat=57.00983°, lon=-166.47096°, alt=0.0)","UTM(410669.854901202, 6.319442038485771e6, 0.0)",410.66985490120203,6319.442038485771
266,201807,-61,56.67246,-166.43497,"LLA(lat=56.67246°, lon=-166.43497°, alt=0.0)","UTM(412067.8762713147, 6.281846776597855e6, 0.0)",412.0678762713147,6281.846776597855
267,201807,-62,56.33865,-166.41738,"LLA(lat=56.33865°, lon=-166.41738°, alt=0.0)","UTM(412379.0951697946, 6.24467359102531e6, 0.0)",412.3790951697946,6244.67359102531
268,201807,-63,56.3278,-165.8312,"LLA(lat=56.3278°, lon=-165.8312°, alt=0.0)","UTM(448600.20593270747, 6.242874103207674e6, 0.0)",448.60020593270747,6242.874103207674
269,201807,-64,56.01851,-165.7873,"LLA(lat=56.01851°, lon=-165.7873°, alt=0.0)","UTM(450921.8692103339, 6.2084193150939625e6, 0.0)",450.9218692103339,6208.419315093963
270,201807,-65,56.00039,-166.38513,"LLA(lat=56.00039°, lon=-166.38513°, alt=0.0)","UTM(413616.486638082, 6.206988717195039e6, 0.0)",413.616486638082,6206.988717195039
271,201807,-66,56.0005,-166.96555,"LLA(lat=56.0005°, lon=-166.96555°, alt=0.0)","UTM(377423.5209258706, 6.207878586793306e6, 0.0)",377.42352092587055,6207.878586793307
272,201807,-67,55.99831,-167.58967,"LLA(lat=55.99831°, lon=-167.58967°, alt=0.0)","UTM(338501.4725399584, 6.208918035198713e6, 0.0)",338.5014725399584,6208.9180351987125
273,201807,-68,56.00009,-168.1992,"LLA(lat=56.00009°, lon=-168.1992°, alt=0.0)","UTM(300512.1697666592, 6.210708772372719e6, 0.0)",300.5121697666592,6210.708772372719
274,201807,-69,55.67516,-168.22903,"LLA(lat=55.67516°, lon=-168.22903°, alt=0.0)","UTM(296965.66683416604, 6.174653682644237e6, 0.0)",296.96566683416603,6174.653682644237
275,201807,-70,55.6674,-167.6207,"LLA(lat=55.6674°, lon=-167.6207°, alt=0.0)","UTM(335172.649323581, 6.172176846866204e6, 0.0)",335.172649323581,6172.176846866204
276,201807,-71,55.66617,-167.01261,"LLA(lat=55.66617°, lon=-167.01261°, alt=0.0)","UTM(373407.54797765776, 6.170762531176145e6, 0.0)",373.40754797765777,6170.762531176145
277,201807,-72,55.67698,-166.40926,"LLA(lat=55.67698°, lon=-166.40926°, alt=0.0)","UTM(411379.11045629944, 6.171029452548742e6, 0.0)",411.37911045629943,6171.0294525487425
278,201807,-73,55.36384,-166.35095,"LLA(lat=55.36384°, lon=-166.35095°, alt=0.0)","UTM(414368.26894539257, 6.136111075818575e6, 0.0)",414.3682689453926,6136.111075818575
279,201807,-74,55.35027,-167.57566,"LLA(lat=55.35027°, lon=-167.57566°, alt=0.0)","UTM(336696.65169246914, 6.136790636160607e6, 0.0)",336.6966516924691,6136.790636160607
280,201807,-75,55.34048,-166.9964,"LLA(lat=55.34048°, lon=-166.9964°, alt=0.0)","UTM(373385.952430664, 6.134495480701142e6, 0.0)",373.38595243066396,6134.495480701142
281,201807,-76,55.02678,-166.93989,"LLA(lat=55.02678°, lon=-166.93989°, alt=0.0)","UTM(375998.8598179207, 6.099491864454776e6, 0.0)",375.99885981792073,6099.491864454776
282,201807,-77,56.32078,-167.64751,"LLA(lat=56.32078°, lon=-167.64751°, alt=0.0)","UTM(336273.2815265857, 6.244931186161878e6, 0.0)",336.2732815265857,6244.931186161878
283,201807,-78,56.65147,-167.66814,"LLA(lat=56.65147°, lon=-167.66814°, alt=0.0)","UTM(336427.36931942136, 6.281772695796171e6, 0.0)",336.42736931942136,6281.772695796171
284,201807,-79,56.98746,-167.69109,"LLA(lat=56.98746°, lon=-167.69109°, alt=0.0)","UTM(336491.43032913527, 6.319210899030732e6, 0.0)",336.49143032913526,6319.210899030732
285,201807,-80,57.30977,-167.73825,"LLA(lat=57.30977°, lon=-167.73825°, alt=0.0)","UTM(335067.8149938298, 6.355186836630324e6, 0.0)",335.0678149938298,6355.186836630324
286,201807,-81,57.65526,-167.76768,"LLA(lat=57.65526°, lon=-167.76768°, alt=0.0)","UTM(334862.7996132712, 6.393700919612107e6, 0.0)",334.8627996132712,6393.700919612107
287,201807,-82,57.98119,-167.80274,"LLA(lat=57.98119°, lon=-167.80274°, alt=0.0)","UTM(334274.31619074097, 6.430053837008424e6, 0.0)",334.274316190741,6430.053837008424
296,201807,-91,59.68457,-169.29318,"LLA(lat=59.68457°, lon=-169.29318°, alt=0.0)","UTM(258371.51430905887, 6.624103617687306e6, 0.0)",258.37151430905885,6624.103617687307
298,201807,-93,59.36049,-169.25881,"LLA(lat=59.36049°, lon=-169.25881°, alt=0.0)","UTM(257991.12156890327, 6.587937940188822e6, 0.0)",257.9911215689033,6587.937940188823
299,201807,-94,59.02699,-169.18073,"LLA(lat=59.02699°, lon=-169.18073°, alt=0.0)","UTM(260095.61546279263, 6.550567058568791e6, 0.0)",260.09561546279264,6550.56705856879
302,201807,-97,58.69501,-169.15764,"LLA(lat=58.69501°, lon=-169.15764°, alt=0.0)","UTM(259122.39389155916, 6.513564292378496e6, 0.0)",259.12239389155917,6513.564292378496
303,201807,-98,58.35039,-169.12945,"LLA(lat=58.35039°, lon=-169.12945°, alt=0.0)","UTM(258394.4750532542, 6.475137888101284e6, 0.0)",258.3944750532542,6475.137888101284
305,201807,-100,58.01818,-168.44304,"LLA(lat=58.01818°, lon=-168.44304°, alt=0.0)","UTM(296641.51957382745, 6.435919365453133e6, 0.0)",296.64151957382745,6435.919365453134
306,201807,-101,57.84324,-168.73937,"LLA(lat=57.84324°, lon=-168.73937°, alt=0.0)","UTM(278072.0007987194, 6.417392251207194e6, 0.0)",278.0720007987194,6417.392251207194
307,201807,-102,57.67364,-168.37352,"LLA(lat=57.67364°, lon=-168.37352°, alt=0.0)","UTM(298832.6789797611, 6.397383119473683e6, 0.0)",298.83267897976106,6397.383119473683
308,201807,-103,57.5177,-168.74806,"LLA(lat=57.5177°, lon=-168.74806°, alt=0.0)","UTM(275552.0580259101, 6.3812125123817315e6, 0.0)",275.5520580259101,6381.212512381731
309,201807,-104,57.34013,-168.37357,"LLA(lat=57.34013°, lon=-168.37357°, alt=0.0)","UTM(296985.0549843315, 6.360282705520114e6, 0.0)",296.9850549843315,6360.282705520114
310,201807,-105,57.17389,-168.63119,"LLA(lat=57.17389°, lon=-168.63119°, alt=0.0)","UTM(280503.37689177657, 6.342590716961872e6, 0.0)",280.50337689177655,6342.590716961872
311,201807,-106,57.01788,-168.35095,"LLA(lat=57.01788°, lon=-168.35095°, alt=0.0)","UTM(296581.7704619437, 6.324368330268145e6, 0.0)",296.5817704619437,6324.368330268145
312,201807,-107,56.83868,-168.62941,"LLA(lat=56.83868°, lon=-168.62941°, alt=0.0)","UTM(278627.4016511028, 6.305301425384818e6, 0.0)",278.62740165110284,6305.301425384818
313,201807,-108,56.67989,-168.30104,"LLA(lat=56.67989°, lon=-168.30104°, alt=0.0)","UTM(297794.5918304321, 6.286623253466879e6, 0.0)",297.7945918304321,6286.623253466879
314,201807,-109,56.34763,-168.2562,"LLA(lat=56.34763°, lon=-168.2562°, alt=0.0)","UTM(298786.38158847525, 6.249532473944828e6, 0.0)",298.78638158847525,6249.532473944828
315,201807,-110,56.33003,-168.8473,"LLA(lat=56.33003°, lon=-168.8473°, alt=0.0)","UTM(262169.97808958904, 6.249461466637312e6, 0.0)",262.16997808958905,6249.461466637313
316,201807,-111,56.37077,-169.44216,"LLA(lat=56.37077°, lon=-169.44216°, alt=0.0)","UTM(225716.74629128672, 6.256206854183117e6, 0.0)",225.7167462912867,6256.206854183117
317,201807,-112,56.33871,-170.03811,"LLA(lat=56.33871°, lon=-170.03811°, alt=0.0)","UTM(188692.66526876728, 6.255182009319298e6, 0.0)",188.69266526876729,6255.182009319298
318,201807,-113,56.3399,-170.66042,"LLA(lat=56.3399°, lon=-170.66042°, alt=0.0)","UTM(150296.55369470827, 6.258307483975365e6, 0.0)",150.29655369470828,6258.307483975364
319,201807,-114,56.65084,-170.73034,"LLA(lat=56.65084°, lon=-170.73034°, alt=0.0)","UTM(148872.68396123708, 6.293207258986798e6, 0.0)",148.87268396123707,6293.2072589867985
320,201807,-115,56.66992,-170.16279,"LLA(lat=56.66992°, lon=-170.16279°, alt=0.0)","UTM(183769.93181120843, 6.292560854222825e6, 0.0)",183.76993181120844,6292.560854222825
321,201807,-116,56.67678,-169.5519,"LLA(lat=56.67678°, lon=-169.5519°, alt=0.0)","UTM(221205.33933357825, 6.290669040201503e6, 0.0)",221.20533933357825,6290.669040201503
322,201807,-117,56.6717,-168.94064,"LLA(lat=56.6717°, lon=-168.94064°, alt=0.0)","UTM(258585.97333182886, 6.28778298651508e6, 0.0)",258.5859733318289,6287.78298651508
323,201807,-118,56.82302,-169.29372,"LLA(lat=56.82302°, lon=-169.29372°, alt=0.0)","UTM(238027.14892502045, 6.305907672925857e6, 0.0)",238.02714892502044,6305.907672925857
324,201807,-119,56.98849,-168.95958,"LLA(lat=56.98849°, lon=-168.95958°, alt=0.0)","UTM(259467.5142292418, 6.3230786704507265e6, 0.0)",259.4675142292418,6323.078670450726
325,201807,-120,57.15156,-169.30744,"LLA(lat=57.15156°, lon=-169.30744°, alt=0.0)","UTM(239497.89834232454, 6.34248971473468e6, 0.0)",239.49789834232453,6342.48971473468
326,201807,-121,57.01277,-169.56584,"LLA(lat=57.01277°, lon=-169.56584°, alt=0.0)","UTM(222849.49671157, 6.328077960842581e6, 0.0)",222.84949671157003,6328.077960842581
327,201807,-122,56.84312,-169.87835,"LLA(lat=56.84312°, lon=-169.87835°, alt=0.0)","UTM(202549.33154064335, 6.310534392711249e6, 0.0)",202.54933154064335,6310.534392711249
328,201807,-123,57.0005,-170.13605,"LLA(lat=57.0005°, lon=-170.13605°, alt=0.0)","UTM(188170.24328846106, 6.329175758684561e6, 0.0)",188.17024328846105,6329.175758684561
329,201807,-124,56.84031,-170.45541,"LLA(lat=56.84031°, lon=-170.45541°, alt=0.0)","UTM(167379.5806999373, 6.312882701540303e6, 0.0)",167.3795806999373,6312.882701540303
330,201807,-125,56.98725,-170.7798,"LLA(lat=56.98725°, lon=-170.7798°, alt=0.0)","UTM(149011.91516309447, 6.3308318230412e6, 0.0)",149.01191516309447,6330.8318230412
331,201807,-126,57.10346,-170.44939,"LLA(lat=57.10346°, lon=-170.44939°, alt=0.0)","UTM(170084.73387640802, 6.342091930501055e6, 0.0)",170.08473387640802,6342.091930501055
332,201807,-127,57.02018,-171.388,"LLA(lat=57.02018°, lon=-171.388°, alt=0.0)","UTM(112480.91331620596, 6.337783864409607e6, 0.0)",112.48091331620596,6337.783864409607
333,201807,-128,56.68085,-171.3395,"LLA(lat=56.68085°, lon=-171.3395°, alt=0.0)","UTM(111913.40332250757, 6.299830815611893e6, 0.0)",111.91340332250756,6299.830815611894
334,201807,-130,56.66153,-171.98595,"LLA(lat=56.66153°, lon=-171.98595°, alt=0.0)","UTM(72194.84610248922, 6.301542340679594e6, 0.0)",72.19484610248922,6301.542340679594
335,201807,-131,56.98739,-172.04417,"LLA(lat=56.98739°, lon=-172.04417°, alt=0.0)","UTM(72376.76864503347, 6.338069529148882e6, 0.0)",72.37676864503348,6338.069529148882
336,201807,-132,57.32196,-172.10489,"LLA(lat=57.32196°, lon=-172.10489°, alt=0.0)","UTM(72586.08566915791, 6.375577279223954e6, 0.0)",72.58608566915791,6375.577279223954
337,201807,-133,57.65096,-172.17324,"LLA(lat=57.65096°, lon=-172.17324°, alt=0.0)","UTM(72357.42261843657, 6.412513342938998e6, 0.0)",72.35742261843657,6412.513342938998
338,201807,-134,58.32641,-171.64927,"LLA(lat=58.32641°, lon=-171.64927°, alt=0.0)","UTM(110943.15226526256, 6.484297733357194e6, 0.0)",110.94315226526255,6484.2977333571935
339,201807,-135,58.6519,-171.71581,"LLA(lat=58.6519°, lon=-171.71581°, alt=0.0)","UTM(110684.61814874574, 6.5208121758404495e6, 0.0)",110.68461814874574,6520.8121758404495
340,201807,-136,58.97867,-171.77754,"LLA(lat=58.97867°, lon=-171.77754°, alt=0.0)","UTM(110801.11053013906, 6.557439193026155e6, 0.0)",110.80111053013907,6557.439193026155
341,201807,-137,59.32062,-171.83009,"LLA(lat=59.32062°, lon=-171.83009°, alt=0.0)","UTM(111692.34186758276, 6.595695291636716e6, 0.0)",111.69234186758275,6595.695291636715
342,201807,-138,59.64628,-171.89157,"LLA(lat=59.64628°, lon=-171.89157°, alt=0.0)","UTM(111967.88352197199, 6.6321935396823995e6, 0.0)",111.96788352197198,6632.193539682399
343,201807,-139,59.81705,-172.2839,"LLA(lat=59.81705°, lon=-172.2839°, alt=0.0)","UTM(92025.74877309869, 6.653499044473864e6, 0.0)",92.02574877309868,6653.499044473864
344,201807,-140,59.98575,-171.9646,"LLA(lat=59.98575°, lon=-171.9646°, alt=0.0)","UTM(111843.20265985664, 6.670289752745986e6, 0.0)",111.84320265985664,6670.289752745986
345,201807,-141,60.14848,-172.29136,"LLA(lat=60.14848°, lon=-172.29136°, alt=0.0)","UTM(95681.67760330765, 6.690305446522349e6, 0.0)",95.68167760330765,6690.305446522349
346,201807,-142,60.31705,-172.06666,"LLA(lat=60.31705°, lon=-172.06666°, alt=0.0)","UTM(110121.43555790372, 6.707648942875384e6, 0.0)",110.12143555790372,6707.648942875384
347,201807,-143,60.30764,-173.37922,"LLA(lat=60.30764°, lon=-173.37922°, alt=0.0)","UTM(37816.83953596844, 6.715109973470995e6, 0.0)",37.816839535968434,6715.109973470995
348,201807,-144,60.1372,-173.77005,"LLA(lat=60.1372°, lon=-173.77005°, alt=0.0)","UTM(13817.60302479897, 6.699054105421587e6, 0.0)",13.81760302479897,6699.054105421587
349,201807,-145,60.02458,-173.95649,"LLA(lat=60.02458°, lon=-173.95649°, alt=0.0)","UTM(1821.8211752448115, 6.687981413349019e6, 0.0)",1.8218211752448115,6687.981413349019
350,201807,-146,59.86038,-174.24272,"LLA(lat=59.86038°, lon=-174.24272°, alt=0.0)","UTM(-16588.58416526887, 6.672014079240734e6, 0.0)",-16.58858416526887,6672.014079240734
351,201807,-147,59.68361,-173.91388,"LLA(lat=59.68361°, lon=-173.91388°, alt=0.0)","UTM(-936.9154857468093, 6.6499176298410045e6, 0.0)",-0.9369154857468093,6649.917629841005
352,201807,-148,59.34107,-173.17319,"LLA(lat=59.34107°, lon=-173.17319°, alt=0.0)","UTM(35843.731104993436, 6.6065832264685035e6, 0.0)",35.84373110499344,6606.583226468503
353,201807,-149,59.0181,-173.09333,"LLA(lat=59.0181°, lon=-173.09333°, alt=0.0)","UTM(35993.30336099281, 6.570235403691222e6, 0.0)",35.99330336099281,6570.235403691222
354,201807,-150,58.71511,-173.01161,"LLA(lat=58.71511°, lon=-173.01161°, alt=0.0)","UTM(36617.974330182595, 6.536086240725648e6, 0.0)",36.6179743301826,6536.086240725647
355,201807,-152,56.98298,-173.23805,"LLA(lat=56.98298°, lon=-173.23805°, alt=0.0)","UTM(32.280641782213934, 6.3457129804323185e6, 0.0)",0.03228064178221393,6345.712980432319
356,201807,-153,57.31151,-173.32986,"LLA(lat=57.31151°, lon=-173.32986°, alt=0.0)","UTM(-1045.0427857921459, 6.382801856432168e6, 0.0)",-1.0450427857921458,6382.801856432167
357,201807,-159,57.64722,-173.37077,"LLA(lat=57.64722°, lon=-173.37077°, alt=0.0)","UTM(1117.4598973458633, 6.420307416117459e6, 0.0)",1.1174598973458634,6420.307416117458
358,201807,-160,57.97262,-173.45039,"LLA(lat=57.97262°, lon=-173.45039°, alt=0.0)","UTM(920.2529934752965, 6.456952834861417e6, 0.0)",0.9202529934752965,6456.952834861418
359,201807,-161,58.30043,-173.55931,"LLA(lat=58.30043°, lon=-173.55931°, alt=0.0)","UTM(-849.3333376666997, 6.4940804724759655e6, 0.0)",-0.8493333376666997,6494.0804724759655
360,201807,-162,58.31526,-174.2868,"LLA(lat=58.31526°, lon=-174.2868°, alt=0.0)","UTM(-43027.31838960736, 6.501386747878472e6, 0.0)",-43.02731838960736,6501.386747878472
361,201807,-163,58.65185,-174.27158,"LLA(lat=58.65185°, lon=-174.27158°, alt=0.0)","UTM(-36956.706869632704, 6.538514827073959e6, 0.0)",-36.956706869632704,6538.514827073958
362,201807,-164,58.97432,-174.36463,"LLA(lat=58.97432°, lon=-174.36463°, alt=0.0)","UTM(-37289.347928253, 6.57494804195897e6, 0.0)",-37.289347928253,6574.94804195897
363,201807,-165,59.32293,-174.44257,"LLA(lat=59.32293°, lon=-174.44257°, alt=0.0)","UTM(-36235.40830028162, 6.614145999197068e6, 0.0)",-36.23540830028162,6614.145999197068
364,201807,-172,60.31173,-174.70321,"LLA(lat=60.31173°, lon=-174.70321°, alt=0.0)","UTM(-34809.29721505137, 6.725610757568914e6, 0.0)",-34.809297215051366,6725.610757568915
365,201807,-173,60.65361,-174.79623,"LLA(lat=60.65361°, lon=-174.79623°, alt=0.0)","UTM(-34232.7971235523, 6.764159959517044e6, 0.0)",-34.2327971235523,6764.159959517044
366,201807,-174,60.67517,-175.44788,"LLA(lat=60.67517°, lon=-175.44788°, alt=0.0)","UTM(-69186.02242673212, 6.772039156665914e6, 0.0)",-69.18602242673212,6772.039156665914
367,201807,-175,60.36545,-175.39471,"LLA(lat=60.36545°, lon=-175.39471°, alt=0.0)","UTM(-71767.5706101734, 6.737378157675324e6, 0.0)",-71.7675706101734,6737.378157675324
368,201807,-176,59.69116,-175.87769,"LLA(lat=59.69116°, lon=-175.87769°, alt=0.0)","UTM(-110558.2162932544, 6.667281270795456e6, 0.0)",-110.5582162932544,6667.281270795456
369,201807,-177,59.36244,-175.74801,"LLA(lat=59.36244°, lon=-175.74801°, alt=0.0)","UTM(-109259.2807531989, 6.629799355642556e6, 0.0)",-109.2592807531989,6629.799355642556
370,201807,-178,59.02957,-175.72713,"LLA(lat=59.02957°, lon=-175.72713°, alt=0.0)","UTM(-114062.86153175624, 6.59285450759979e6, 0.0)",-114.06286153175624,6592.85450759979
371,201807,-179,59.00098,-176.24495,"LLA(lat=59.00098°, lon=-176.24495°, alt=0.0)","UTM(-144063.7323343706, 6.59460458414435e6, 0.0)",-144.0637323343706,6594.60458414435
372,201807,-180,59.31617,-176.38035,"LLA(lat=59.31617°, lon=-176.38035°, alt=0.0)","UTM(-145762.37778211734, 6.630689501700336e6, 0.0)",-145.76237778211734,6630.689501700336
373,201807,-181,59.62556,-176.513,"LLA(lat=59.62556°, lon=-176.513°, alt=0.0)","UTM(-147255.08438981546, 6.66610259407847e6, 0.0)",-147.25508438981547,6666.10259407847
374,201807,-182,59.97102,-176.71046,"LLA(lat=59.97102°, lon=-176.71046°, alt=0.0)","UTM(-151459.66953034746, 6.7061253181398865e6, 0.0)",-151.45966953034747,6706.125318139886
375,201807,-183,60.31619,-176.72745,"LLA(lat=60.31619°, lon=-176.72745°, alt=0.0)","UTM(-145551.3647695128, 6.744322697420163e6, 0.0)",-145.5513647695128,6744.322697420163
376,201807,-184,60.64227,-176.8166,"LLA(lat=60.64227°, lon=-176.8166°, alt=0.0)","UTM(-143884.30420483893, 6.781118371043252e6, 0.0)",-143.88430420483894,6781.1183710432515
377,201807,-185,60.97705,-176.96182,"LLA(lat=60.97705°, lon=-176.96182°, alt=0.0)","UTM(-144919.90823414712, 6.819414698355244e6, 0.0)",-144.91990823414713,6819.414698355244
379,201807,-187,61.31881,-177.02412,"LLA(lat=61.31881°, lon=-177.02412°, alt=0.0)","UTM(-141235.1475924349, 6.857646460716451e6, 0.0)",-141.23514759243488,6857.646460716451
380,201807,-188,61.66566,-176.5102,"LLA(lat=61.66566°, lon=-176.5102°, alt=0.0)","UTM(-107198.97429067793, 6.890881934664605e6, 0.0)",-107.19897429067792,6890.881934664605
381,201807,-189,61.66297,-175.83864,"LLA(lat=61.66297°, lon=-175.83864°, alt=0.0)","UTM(-72066.04457726667, 6.884467733869334e6, 0.0)",-72.06604457726667,6884.467733869334
382,201807,-190,61.98915,-175.83709,"LLA(lat=61.98915°, lon=-175.83709°, alt=0.0)","UTM(-65914.5237605623, 6.920425534022363e6, 0.0)",-65.9145237605623,6920.425534022363
383,201807,-191,62.00449,-175.25245,"LLA(lat=62.00449°, lon=-175.25245°, alt=0.0)","UTM(-35304.47855272493, 6.917132832167163e6, 0.0)",-35.30447855272493,6917.132832167163
384,201807,-192,61.66612,-174.47846,"LLA(lat=61.66612°, lon=-174.47846°, alt=0.0)","UTM(-616.0008123122388, 6.873555259571968e6, 0.0)",-0.6160008123122388,6873.555259571967
385,201807,-193,61.66369,-173.72226,"LLA(lat=61.66369°, lon=-173.72226°, alt=0.0)","UTM(39108.17893285805, 6.867680372096044e6, 0.0)",39.108178932858046,6867.680372096044
386,201807,-194,61.9905,-173.69998,"LLA(lat=61.9905°, lon=-173.69998°, alt=0.0)","UTM(45159.76081324555, 6.903694036928492e6, 0.0)",45.15976081324555,6903.694036928492
387,201807,-195,62.00208,-174.43979,"LLA(lat=62.00208°, lon=-174.43979°, alt=0.0)","UTM(6860.102019229147, 6.9103985865987195e6, 0.0)",6.8601020192291475,6910.39858659872
388,201807,-196,62.24431,-175.21994,"LLA(lat=62.24431°, lon=-175.21994°, alt=0.0)","UTM(-29397.97069339326, 6.943338908850599e6, 0.0)",-29.397970693393262,6943.338908850599
389,201807,-197,62.2492,-174.01861,"LLA(lat=62.2492°, lon=-174.01861°, alt=0.0)","UTM(32592.890557557286, 6.934593424961451e6, 0.0)",32.59289055755728,6934.593424961451
390,201807,-198,62.73051,-174.07743,"LLA(lat=62.73051°, lon=-174.07743°, alt=0.0)","UTM(37102.47606305021, 6.988254549134609e6, 0.0)",37.10247606305021,6988.254549134609
391,201807,-199,62.73719,-173.0872,"LLA(lat=62.73719°, lon=-173.0872°, alt=0.0)","UTM(87483.47108986106, 6.98224842140167e6, 0.0)",87.48347108986107,6982.24842140167
392,201807,-200,62.26327,-172.91771,"LLA(lat=62.26327°, lon=-172.91771°, alt=0.0)","UTM(89618.781120862, 6.928663847803318e6, 0.0)",89.618781120862,6928.663847803318
393,201807,-201,61.76376,-172.8032,"LLA(lat=61.76376°, lon=-172.8032°, alt=0.0)","UTM(88833.96004661528, 6.872585568254424e6, 0.0)",88.83396004661527,6872.585568254424
394,201807,-202,61.7508,-171.84866,"LLA(lat=61.7508°, lon=-171.84866°, alt=0.0)","UTM(138835.76429726306, 6.865466826990302e6, 0.0)",138.83576429726307,6865.466826990301
395,201807,-203,62.23029,-171.90859,"LLA(lat=62.23029°, lon=-171.90859°, alt=0.0)","UTM(141374.56558953685, 6.918999401774173e6, 0.0)",141.37456558953684,6918.999401774173
398,201807,-207,62.81744,-171.99411,"LLA(lat=62.81744°, lon=-171.99411°, alt=0.0)","UTM(144036.92506084725, 6.984609999370399e6, 0.0)",144.03692506084724,6984.609999370399
