specimen_id,species_code,event_id,fork_length,organism_weight
1066,21740,4,41.1,0.418
1067,21740,4,38.3,0.35
1068,21740,4,38.3,0.382
1069,21740,4,42.4,0.484
1070,21740,4,39.3,0.364
1071,21740,4,40.7,0.474
1072,21740,4,41.2,0.538
1073,21740,4,38.2,0.39
1074,21740,4,38.6,0.388
1075,21740,4,38.6,0.396
1076,21740,4,36.6,0.376
978,23010,4,22.3,0.098
1025,21110,4,29.9,0.223
1033,21740,4,15,0.021
1034,21740,4,17,0.03
1035,21740,4,17.5,0.034
1036,21740,4,18.5,0.04
1522,21740,5,60.6,1.277
1523,21740,5,41.5,0.484
1524,21740,5,38.1,0.338
1525,21740,5,39,0.385
1526,21740,5,33.4,0.285
1527,21740,5,44.2,0.669
1528,21740,5,31.7,0.24
1529,21740,5,40.5,0.554
1530,21740,5,43.7,0.523
1531,21740,5,32,0.245
1532,21740,5,40.2,0.479
1533,21740,5,39.5,0.562
1915,21740,6,39.1,0.533
1922,21740,6,41.1,0.57
1923,21740,6,43.5,0.665
1925,21740,6,30.1,0.21
1927,21740,6,41.9,0.549
1534,21740,5,27.8,0.149
1535,21740,5,32,0.278
1536,21740,5,33.6,0.296
1537,21740,5,31,0.203
1538,21740,5,34.2,0.27
1539,21740,5,31.1,0.235
1540,21740,5,33.5,0.254
1541,21740,5,33.2,0.302
1542,21740,5,31.2,0.236
1543,21740,5,37.8,0.413
1544,21740,5,44.1,0.702
1545,21740,5,42.1,0.589
1546,21740,5,43.1,0.509
1547,21740,5,42.3,0.578
1548,21740,5,40.3,0.519
1549,21740,5,44.6,0.686
1550,21740,5,42.9,0.518
1551,21740,5,38,0.398
1552,21740,5,43.3,0.594
1553,21740,5,33.4,0.272
1554,21740,5,32.7,0.257
1555,21740,5,44.8,0.668
1556,21740,5,42.9,0.565
1557,21740,5,42.3,0.625
1558,21740,5,31,0.218
1559,21740,5,39.1,0.505
1560,21740,5,32.8,0.255
1561,21740,5,33.6,0.274
591,21740,2,35.9,0.374
592,21740,2,38.8,0.398
593,21740,2,39.3,0.516
594,21740,2,39.8,0.392
595,21740,2,45.3,0.608
1562,21740,5,43.2,0.565
1563,21740,5,39,0.462
1564,21740,5,41.2,0.459
1565,21740,5,42.1,0.529
1566,21740,5,37.3,0.435
1567,21740,5,32,0.246
1568,21740,5,35.2,0.297
1569,21740,5,41.5,0.442
1570,21740,5,29.5,0.183
1571,21740,5,41.9,0.561
1572,21740,5,39.8,0.516
1573,21740,5,38.8,0.374
1574,21740,5,41.9,0.565
1575,21740,5,37.3,0.399
1576,21740,5,42,0.528
1577,21740,5,32.7,0.257
1578,21740,5,38.7,0.417
1579,21740,5,42.1,0.567
596,21740,2,40.6,0.486
597,21740,2,42.4,0.522
598,21740,2,40.3,0.476
599,21740,2,38.2,0.428
600,21740,2,38.3,0.44
601,21740,2,43.5,0.584
602,21740,2,35.1,0.342
603,21740,2,42.8,0.516
604,21740,2,39.9,0.578
605,21740,2,38.2,0.482
606,21740,2,47,0.69
607,21740,2,41.4,0.506
608,21740,2,37.7,0.434
1580,21740,5,31.9,0.245
1581,21740,5,42.5,0.64
1582,21740,5,33.4,0.296
1340,21110,5,30.6,0.253
1342,21110,5,27.5,0.208
1344,21110,5,31.6,0.279
1346,21110,5,28.2,0.218
1349,21110,5,29.7,0.235
1454,21110,5,32.7,0.28
609,21740,2,39.9,0.498
610,21740,2,43.4,0.602
611,21740,2,40.3,0.526
612,21740,2,39.9,0.49
613,21740,2,38.8,0.478
614,21740,2,37.3,0.374
615,21740,2,37.8,0.384
616,21740,2,41.6,0.452
617,21740,2,52.2,1.004
618,21740,2,38.3,0.454
619,21740,2,39.8,0.448
620,21740,2,39.2,0.458
621,21740,2,39.3,0.468
622,21740,2,38.7,0.398
623,21740,2,35.3,0.302
624,21740,2,36.2,0.39
625,21740,2,35.4,0.29
626,21740,2,33.7,0.26
627,21740,2,41.7,0.536
628,21740,2,41.7,0.534
629,21740,2,37.2,0.316
630,21740,2,40.6,0.456
631,21740,2,38.6,0.372
632,21740,2,37.4,0.292
633,21740,2,32.1,0.202
634,21740,2,37.6,0.39
635,21740,2,43,0.612
636,21740,2,36,0.364
637,21740,2,41.1,0.544
638,21740,2,39.9,0.594
639,21740,2,41.4,0.42
640,21740,2,32.6,0.274
560,21740,2,13.1,0.012
561,21740,2,13,0.012
562,21740,2,13.2,0.014
563,21740,2,14,0.018
564,21740,2,16.3,0.024
565,21740,2,19.2,0.046
566,21740,2,15.3,0.022
567,21740,2,15.3,0.02
568,21740,2,13.4,0.016
569,21740,2,13.3,0.014
570,21740,2,14.8,0.022
571,21740,2,12.2,0.012
572,21740,2,14.4,0.018
575,21740,2,14,0.016
580,21740,2,11.2,0.01
585,21740,2,14.8,0.02
586,21740,2,12.1,0.01
587,21740,2,13,0.012
588,21740,2,12.3,0.01
589,21740,2,12.2,0.012
590,21740,2,11.7,0.01
687,21740,3,42.2,0.572
688,21740,3,43.7,0.64
689,21740,3,44.9,0.622
690,21740,3,41.8,0.486
691,21740,3,44.1,0.668
692,21740,3,43.7,0.478
693,21740,3,41.2,0.392
694,21740,3,41,0.416
695,21740,3,37.3,0.308
685,21740,3,12.5,0.014
686,21740,3,12.7,0.012
1005,21740,4,40.6,0.497
1014,21740,4,36,0.302
1023,21740,4,39.2,0.425
1026,21740,4,38.3,0.4
1027,21740,4,34.9,0.269
1028,21740,4,39.1,0.431
1029,21740,4,38.8,0.421
1030,21740,4,38.3,0.394
1031,21740,4,39.6,0.452
1032,21740,4,38.2,0.363
1037,21740,4,39.9,0.426
1038,21740,4,37.6,0.396
1039,21740,4,39,0.399
1040,21740,4,39.8,0.441
1041,21740,4,38.3,0.39
1042,21740,4,36.2,0.282
1043,21740,4,38,0.362
1044,21740,4,37.6,0.382
1045,21740,4,38.8,0.382
1046,21740,4,37.2,0.377
1047,21740,4,35.6,0.307
1048,21740,4,40.5,0.46
1049,21740,4,39.9,0.475
1050,21740,4,37.4,0.359
1051,21740,4,38.7,0.387
1052,21740,4,40.7,0.542
1053,21740,4,37.5,0.376
1054,21740,4,37,0.34
1055,21740,4,41.4,0.488
1056,21740,4,36.8,0.36
1057,21740,4,40.3,0.486
1058,21740,4,37.1,0.386
1059,21740,4,35.7,0.298
1060,21740,4,39,0.426
1061,21740,4,40.5,0.416
1062,21740,4,40.7,0.432
1063,21740,4,38.3,0.374
1064,21740,4,40,0.398
1065,21740,4,40,0.468
2758,21740,8,47.1,0.66
2759,21740,8,43,0.532
2760,21740,8,37.7,0.446
2761,21740,8,38.3,0.39
2801,21740,8,41.9,0.488
2802,21740,8,38.2,0.354
2803,21740,8,41.6,0.436
2804,21740,8,40.6,0.502
2805,21740,8,40.7,0.45
2806,21740,8,39.7,0.426
2807,21740,8,39.5,0.398
2808,21740,8,34.2,0.302
2809,21740,8,42,0.494
2810,21740,8,36.1,0.352
2811,21740,8,39.4,0.47
2812,21740,8,46.8,0.612
2813,21740,8,41.6,0.508
2814,21740,8,38,0.37
2815,21740,8,41.3,0.482
2816,21740,8,37.6,0.312
2817,21740,8,40.8,0.516
2818,21740,8,35.6,0.328
2002,21740,6,43.2,0.638
2003,21740,6,38.2,0.424
2004,21740,6,40,0.522
2005,21740,6,36.3,0.415
2006,21740,6,40.5,0.561
2007,21740,6,45.3,0.737
2008,21740,6,41.4,0.488
2009,21740,6,43.5,0.597
2010,21740,6,41,0.591
2011,21740,6,37.5,0.425
2012,21740,6,41.2,0.606
2324,21740,7,42.2,0.579
2326,21740,7,38.4,0.415
2327,21740,7,30.1,0.219
2329,21740,7,35.5,0.338
2330,21740,7,37.8,0.407
2331,21740,7,41.3,0.497
2333,21740,7,32.8,0.278
2335,21740,7,40.1,0.442
2337,21740,7,38.5,0.395
2338,21740,7,38.2,0.395
2358,21740,7,37.6,0.365
2762,21740,8,43.4,0.534
2763,21740,8,42.2,0.53
2764,21740,8,38.6,0.428
2765,21740,8,44.7,0.662
2766,21740,8,38.8,0.392
2767,21740,8,40.4,0.49
2768,21740,8,39.4,0.432
2769,21740,8,38.2,0.36
2770,21740,8,41.8,0.496
2771,21740,8,40.5,0.478
2772,21740,8,41.8,0.516
2773,21740,8,40.5,0.482
2774,21740,8,43.9,0.6
2775,21740,8,39.3,0.42
2776,21740,8,40,0.434
2359,21740,7,41.5,0.525
2360,21740,7,46.2,0.769
2361,21740,7,37.4,0.372
2362,21740,7,39.2,0.4
2363,21740,7,33.1,0.277
2364,21740,7,35.6,0.334
2365,21740,7,37.7,0.396
3171,21740,9,49.9,0.862
3172,21740,9,47.3,0.777
3173,21740,9,49.2,0.629
3174,21740,9,50.1,0.76
3175,21740,9,49.8,0.706
3176,21740,9,50.8,0.827
1861,21740,6,18.3,0.041
1865,21740,6,20,0.055
1868,21740,6,18.4,0.045
1872,21740,6,16.5,0.033
1874,21740,6,16.9,0.035
1877,21740,6,17.1,0.033
1880,21740,6,21.7,0.072
1882,21740,6,17.3,0.036
1884,21740,6,18.8,0.047
1885,21740,6,20,0.061
1886,21740,6,18.1,0.042
1887,21740,6,18.2,0.04
1891,21740,6,17.3,0.035
1893,21740,6,17.6,0.038
1896,21740,6,21.8,0.071
2366,21740,7,39.7,0.466
2367,21740,7,40.2,0.432
2368,21740,7,41.9,0.475
2369,21740,7,38.9,0.457
2370,21740,7,38.6,0.456
2371,21740,7,38,0.433
2372,21740,7,37.9,0.405
2373,21740,7,40.8,0.448
2374,21740,7,34.4,0.29
2375,21740,7,35.3,0.344
2376,21740,7,41.9,0.54
2377,21740,7,31.5,0.251
2378,21740,7,39.6,0.535
2379,21740,7,36.4,0.405
2380,21740,7,41.9,0.615
2381,21740,7,35.4,0.4
2756,21740,8,23.3,0.078
2757,21740,8,28.3,0.13
2751,21740,8,15.2,0.02
2752,21740,8,13.5,0.014
2753,21740,8,13.6,0.016
2754,21740,8,17.3,0.028
2755,21740,8,15.8,0.024
3177,21740,9,50.3,0.776
3178,21740,9,45.9,0.667
3179,21740,9,48.8,0.769
3180,21740,9,51.4,0.869
3181,21740,9,51.4,0.874
3182,21740,9,51.5,0.774
3183,21740,9,49.1,0.672
3184,21740,9,60.1,1.349
3185,21740,9,49.1,0.767
3186,21740,9,48,0.701
3187,21740,9,46.5,0.708
3188,21740,9,49,0.702
1968,21740,6,22.3,0.077
1969,21740,6,19.5,0.054
1970,21740,6,19.2,0.047
1971,21740,6,19.6,0.055
1972,21740,6,14.8,0.025
2382,21740,7,40.5,0.536
2383,21740,7,38.5,0.427
2384,21740,7,38.6,0.379
2385,21740,7,37.5,0.455
2386,21740,7,32.6,0.29
2387,21740,7,34.9,0.324
2388,21740,7,32.8,0.263
2389,21740,7,37.2,0.37
2390,21740,7,36.5,0.416
2391,21740,7,32,0.25
3189,21740,9,50.1,0.794
3190,21740,9,47.8,0.685
3191,21740,9,51.9,0.891
3192,21740,9,46.9,0.636
3193,21740,9,53.1,0.933
3194,21740,9,50.7,0.758
3195,21740,9,51.6,0.913
3196,21740,9,47.9,0.758
1924,21110,6,28.9,0.21
1926,21110,6,29.1,0.197
1928,21110,6,29.1,0.177
1932,21110,6,24.8,0.146
1937,21110,6,28.9,0.224
1943,21110,6,31.5,0.257
1947,21110,6,29.7,0.219
1948,21110,6,28.7,0.209
1952,21110,6,26,0.154
1957,21110,6,29.5,0.213
2013,21740,6,70.1,2.245
2392,21740,7,37.3,0.373
2393,21740,7,32.9,0.249
2394,21740,7,30.4,0.207
2395,21740,7,32.8,0.286
2396,21740,7,34.9,0.318
2397,21740,7,27.8,0.182
2398,21740,7,32.1,0.23
2356,21740,7,14.9,0.016
2357,21740,7,25.2,0.073
3212,21740,9,46.4,0.663
3197,21740,9,48.2,0.7
3198,21740,9,53.7,0.975
3199,21740,9,43.7,0.556
3200,21740,9,44.3,0.516
3201,21740,9,49.1,0.679
3202,21740,9,50,0.812
2905,10210,9,37.6,0.53
3129,21740,9,50.4,0.8
3130,21740,9,49.8,0.794
3203,21740,9,43.6,0.563
3204,21740,9,45.5,0.65
3205,21740,9,49.8,0.701
3206,21740,9,53,0.977
3207,21740,9,49.2,0.77
3208,21740,9,46.3,0.633
3209,21740,9,49,0.708
3210,21740,9,49.1,0.74
3211,21740,9,48.4,0.861
3131,21740,9,49.1,0.691
3133,21740,9,46.2,0.687
3136,21740,9,48.8,0.685
3139,21740,9,51,0.875
3143,21740,9,47,0.676
3146,21740,9,48.5,0.66
3149,21740,9,51.5,0.791
3152,21740,9,49.6,0.874
3156,21740,9,52.3,0.949
3164,21740,9,48.5,0.709
3165,21740,9,51.9,0.802
3166,21740,9,49.5,0.707
3167,21740,9,48.8,0.721
3168,21740,9,48,0.769
3169,21740,9,54.4,0.946
3170,21740,9,52.1,0.815
1933,21740,6,39.7,0.511
1940,21740,6,39.7,0.47
1945,21740,6,40.4,0.556
1949,21740,6,44.5,0.632
1955,21740,6,38.7,0.47
1973,21740,6,39.3,0.469
1974,21740,6,43.4,0.643
1975,21740,6,41.8,0.558
1976,21740,6,42,0.57
1977,21740,6,41.4,0.595
1978,21740,6,42,0.565
1979,21740,6,35.5,0.364
1980,21740,6,43.9,0.733
1981,21740,6,44.4,0.657
1982,21740,6,44.8,0.611
1983,21740,6,41.6,0.592
2777,21740,8,39.1,0.444
2778,21740,8,37.2,0.334
2779,21740,8,38,0.386
2780,21740,8,43.1,0.54
2781,21740,8,43.5,0.576
2782,21740,8,39.7,0.398
2783,21740,8,37.3,0.444
2784,21740,8,56.1,1.176
2785,21740,8,39.4,0.414
2786,21740,8,42.8,0.51
2787,21740,8,37.7,0.386
2788,21740,8,46.1,0.628
1984,21740,6,36.3,0.418
1985,21740,6,40,0.531
1986,21740,6,41.8,0.473
1987,21740,6,42.1,0.575
1988,21740,6,41.4,0.584
1989,21740,6,41.8,0.574
1990,21740,6,41.2,0.522
1991,21740,6,37.8,0.419
2789,21740,8,40.7,0.438
2790,21740,8,39.3,0.406
2791,21740,8,39.8,0.408
2792,21740,8,43,0.584
2793,21740,8,44.2,0.618
2794,21740,8,37.9,0.418
2795,21740,8,41,0.434
2796,21740,8,41.6,0.498
2797,21740,8,42.2,0.462
2798,21740,8,36.2,0.302
2799,21740,8,42.6,0.536
2800,21740,8,37,0.318
1992,21740,6,37.8,0.479
1993,21740,6,38.6,0.444
1994,21740,6,40.2,0.502
1995,21740,6,41.8,0.571
1996,21740,6,39.9,0.506
1997,21740,6,37.4,0.357
1998,21740,6,42.8,0.511
1999,21740,6,32.5,0.278
2000,21740,6,52.9,0.918
2001,21740,6,42.8,0.627
4375,21740,12,43.1,0.649
4376,21740,12,40.5,0.536
3482,21740,10,41.5,0.538
3498,21740,10,40.2,0.463
3503,21740,10,40.6,0.454
3508,21740,10,39.3,0.405
3512,21740,10,37.6,0.356
3517,21740,10,40.9,0.496
3521,21740,10,32.7,0.279
3526,21740,10,40.1,0.444
3987,21740,11,40.1,0.504
3988,21740,11,37.7,0.423
3989,21740,11,40.7,0.514
3990,21740,11,35.2,0.364
3991,21740,11,42.6,0.584
3992,21740,11,33.8,0.257
3993,21740,11,41.1,0.525
3994,21740,11,36.3,0.369
3995,21740,11,40.3,0.433
3996,21740,11,42.2,0.56
3997,21740,11,40.5,0.545
3998,21740,11,39.1,0.595
3999,21740,11,33.5,0.292
4000,21740,11,39.9,0.451
4001,21740,11,34.9,0.284
4002,21740,11,36.8,0.364
4003,21740,11,36.1,0.385
4004,21740,11,37.7,0.384
4005,21740,11,39.7,0.517
4006,21740,11,39.7,0.407
4007,21740,11,35,0.328
4377,21740,12,46.2,0.713
4378,21740,12,41.3,0.605
4379,21740,12,41.9,0.575
4380,21740,12,42,0.555
4381,21740,12,40,0.482
4382,21740,12,42.5,0.444
4383,21740,12,43.6,0.591
4384,21740,12,39.3,0.461
4385,21740,12,37.9,0.476
4386,21740,12,40.5,0.479
3530,21740,10,50,0.818
3533,21740,10,38.6,0.367
3538,21740,10,35.8,0.316
3539,21740,10,41.6,0.489
3540,21740,10,40.2,0.503
3541,21740,10,41.6,0.491
3542,21740,10,43.4,0.503
3543,21740,10,42.6,0.617
3544,21740,10,41.2,0.453
3545,21740,10,36.9,0.38
3546,21740,10,39.1,0.412
3547,21740,10,42.4,0.538
3548,21740,10,42.9,0.499
3549,21740,10,38.3,0.394
3550,21740,10,39.4,0.434
3551,21740,10,41.9,0.483
4008,21740,11,37.2,0.325
4009,21740,11,38,0.437
4010,21740,11,39.1,0.49
4011,21740,11,38.5,0.391
4012,21740,11,41.7,0.581
4013,21740,11,30,0.195
4014,21740,11,33.3,0.266
4015,21740,11,36.9,0.382
4016,21740,11,39.2,0.457
3552,21740,10,41,0.497
3553,21740,10,42.2,0.557
3554,21740,10,37.9,0.396
3555,21740,10,39.7,0.489
3556,21740,10,40.5,0.431
3557,21740,10,36.5,0.34
3558,21740,10,40.1,0.45
3559,21740,10,38.7,0.378
3560,21740,10,37.7,0.422
3561,21740,10,43.7,0.568
3562,21740,10,40.7,0.472
3563,21740,10,40.6,0.446
3564,21740,10,38.1,0.376
3565,21740,10,39.7,0.422
4797,21740,13,38.8,0.397
4798,21740,13,38.8,0.431
4799,21740,13,36,0.276
4800,21740,13,37.5,0.377
4801,21740,13,38.4,0.431
4802,21740,13,38.9,0.391
4803,21740,13,41.5,0.471
4804,21740,13,41.2,0.51
4805,21740,13,38.2,0.33
4806,21740,13,38.8,0.387
4807,21740,13,37.3,0.317
4808,21740,13,37.2,0.359
4809,21740,13,38.8,0.4
4810,21740,13,41.7,0.499
4811,21740,13,41.4,0.49
5140,21740,14,35.3,0.308
5162,21740,14,44.9,0.654
5163,21740,14,39.2,0.398
5164,21740,14,41.2,0.55
5165,21740,14,34.8,0.352
5166,21740,14,44.7,0.538
5167,21740,14,42.4,0.582
5168,21740,14,39,0.37
5169,21740,14,43.6,0.54
5170,21740,14,49,0.724
5171,21740,14,43.7,0.56
3566,21740,10,37.4,0.3
3567,21740,10,40,0.452
3568,21740,10,40.4,0.418
3569,21740,10,38.2,0.396
3570,21740,10,40.7,0.418
3571,21740,10,38.4,0.398
3572,21740,10,40.8,0.474
3573,21740,10,37.6,0.374
3574,21740,10,41.6,0.49
3575,21740,10,39.3,0.45
3576,21740,10,36.6,0.342
3577,21740,10,38.9,0.406
4812,21740,13,42.3,0.523
4813,21740,13,36.9,0.413
4814,21740,13,45.2,0.595
4815,21740,13,41.4,0.503
4816,21740,13,40.8,0.462
4817,21740,13,40.2,0.478
4818,21740,13,35.4,0.383
4819,21740,13,38.9,0.339
4820,21740,13,37.2,0.355
4821,21740,13,39.7,0.42
4822,21740,13,43,0.491
4823,21740,13,36.7,0.349
4824,21740,13,37.8,0.381
4825,21740,13,40.4,0.47
3535,21740,10,22,0.05
3536,21740,10,16.9,0.03
3537,21740,10,14.8,0.018
4093,30060,12,41.3,0.938
4094,30060,12,42,0.982
4095,30060,12,42,0.995
4096,30060,12,38.3,0.723
4097,30060,12,35.4,0.637
4098,30060,12,37.7,0.74
4099,30060,12,43.2,1.084
4101,30060,12,41.3,0.914
4102,30060,12,45.8,1.314
4100,30060,12,42.7,1.044
4103,30060,12,40.7,0.854
4104,30060,12,37.3,0.688
4105,30060,12,40.9,0.912
4106,30060,12,39.5,0.772
4107,30060,12,44.5,1.084
4108,30060,12,41.7,0.948
4109,30060,12,42.4,0.98
4110,30060,12,36.8,0.634
4112,30060,12,43.7,1.111
4111,30060,12,37.6,0.728
4113,30060,12,39.8,0.874
4114,30060,12,37.9,0.662
4115,30060,12,33.8,0.492
4116,30060,12,38.7,0.7
4117,30060,12,43.1,0.891
4766,21740,13,40.4,0.432
4767,21740,13,37.8,0.369
4768,21740,13,39,0.378
4769,21740,13,39.6,0.437
4770,21740,13,38.1,0.428
4771,21740,13,39.7,0.434
4772,21740,13,41.5,0.534
4773,21740,13,36.5,0.36
4774,21740,13,39.6,0.544
4775,21740,13,38.9,0.466
4776,21740,13,34.6,0.275
4777,21740,13,40,0.462
4778,21740,13,37.9,0.431
4779,21740,13,41.3,0.488
4780,21740,13,40.5,0.456
5083,21740,14,41.2,0.528
5088,21740,14,41.8,0.5
5093,21740,14,36.7,0.35
5100,21740,14,42.9,0.486
4781,21740,13,42.2,0.486
4782,21740,13,40.2,0.432
4783,21740,13,40,0.381
4784,21740,13,40.8,0.426
4785,21740,13,40.6,0.492
4786,21740,13,36,0.268
4787,21740,13,39.8,0.477
4788,21740,13,40.2,0.41
4789,21740,13,39,0.403
4790,21740,13,39.3,0.361
4791,21740,13,40.8,0.486
4792,21740,13,40.8,0.512
4793,21740,13,37.6,0.32
4794,21740,13,38.1,0.291
4795,21740,13,40.8,0.476
4796,21740,13,39.3,0.449
5107,21740,14,39,0.406
5114,21740,14,46.6,0.634
5120,21740,14,40.6,0.476
5126,21740,14,38.5,0.384
5133,21740,14,40.8,0.464
4387,21740,12,38.9,0.438
4388,21740,12,44.5,0.567
4389,21740,12,37.8,0.361
4390,21740,12,38,0.394
4391,21740,12,42.6,0.583
4392,21740,12,38.5,0.397
4393,21740,12,39,0.396
4394,21740,12,37.8,0.375
4395,21740,12,37.4,0.369
4396,21740,12,37.4,0.429
4397,21740,12,39.8,0.45
4398,21740,12,39.9,0.505
4399,21740,12,40.2,0.519
4400,21740,12,39.3,0.409
4401,21740,12,43,0.595
3949,21740,11,39.9,0.52
3950,21740,11,38.9,0.454
3951,21740,11,37.9,0.396
3952,21740,11,40.2,0.437
3953,21740,11,38.6,0.438
3954,21740,11,41.5,0.508
3955,21740,11,41.5,0.592
4402,21740,12,52.6,0.996
4403,21740,12,42.4,0.614
4404,21740,12,40.1,0.504
4405,21740,12,39.5,0.459
4406,21740,12,43.9,0.595
4407,21740,12,44.8,0.582
4408,21740,12,37.6,0.425
4409,21740,12,44.5,0.552
4410,21740,12,41.3,0.524
4411,21740,12,38.9,0.42
4412,21740,12,37.3,0.409
4413,21740,12,42.9,0.512
4414,21740,12,40.4,0.51
4415,21740,12,41.2,0.478
4416,21740,12,42.8,0.515
3956,21740,11,39.5,0.474
3957,21740,11,39.5,0.436
3958,21740,11,39,0.526
3959,21740,11,39.6,0.425
3960,21740,11,38.8,0.489
3961,21740,11,36.6,0.389
3962,21740,11,38.7,0.439
3963,21740,11,38.5,0.37
3964,21740,11,37,0.385
3965,21740,11,39.3,0.483
3966,21740,11,40.9,0.493
3967,21740,11,37.5,0.418
3968,21740,11,32.4,0.256
3969,21740,11,40.9,0.474
3970,21740,11,41.5,0.587
4417,21740,12,40.6,0.498
4418,21740,12,43.1,0.517
4419,21740,12,41.9,0.59
4420,21740,12,40.5,0.491
4421,21740,12,40.8,0.513
4422,21740,12,39.8,0.434
4423,21740,12,40.3,0.446
4424,21740,12,41.8,0.518
4374,30420,12,39.7,0.781
3971,21740,11,42.7,0.548
3972,21740,11,33,0.302
3973,21740,11,40.5,0.521
3974,21740,11,36.4,0.382
3975,21740,11,31.5,0.23
3976,21740,11,38.3,0.476
3977,21740,11,31.9,0.262
3978,21740,11,39.2,0.441
3979,21740,11,38.9,0.489
3980,21740,11,41.8,0.532
3981,21740,11,37.2,0.408
3982,21740,11,39,0.468
3983,21740,11,37,0.428
3984,21740,11,37.4,0.378
3985,21740,11,37.4,0.525
3986,21740,11,38.7,0.464
6109,21740,16,41.3,0.54
6110,21740,16,38.4,0.48
6111,21740,16,41.4,0.501
6112,21740,16,36.3,0.356
6113,21740,16,42,0.542
6114,21740,16,40.5,0.513
6115,21740,16,43.4,0.571
6116,21740,16,34.7,0.359
6117,21740,16,37.7,0.386
6118,21740,16,35.7,0.311
6119,21740,16,37.9,0.388
6120,21740,16,45.1,0.634
6121,21740,16,41.5,0.544
6122,21740,16,41.1,0.564
6123,21740,16,33.7,0.29
6124,21740,16,37.9,0.399
6125,21740,16,37.7,0.352
5419,21110,15,30.5,0.228
5420,21110,15,28.2,0.209
5421,21110,15,28.7,0.219
5422,21110,15,27.5,0.191
5423,21110,15,28.2,0.211
5424,21110,15,24.7,0.177
5426,21110,15,29.9,0.272
5429,21110,15,24.6,0.148
5430,21110,15,30.7,0.323
5432,21110,15,26.4,0.18
5611,21740,15,47.9,0.628
5612,21740,15,49.1,0.776
5613,21740,15,48.3,0.654
5614,21740,15,49.7,0.688
5615,21740,15,40,0.42
5616,21740,15,45.9,0.588
5617,21740,15,53.5,0.934
5618,21740,15,36.6,0.354
5619,21740,15,50.5,0.7
5620,21740,15,43.4,0.562
5621,21740,15,45.9,0.66
5622,21740,15,44.8,0.576
5623,21740,15,37.3,0.404
5624,21740,15,66.8,1.706
5625,21740,15,48.4,0.62
5626,21740,15,54.7,0.838
5627,21740,15,49.4,0.846
6086,21740,16,35.3,0.361
6087,21740,16,40.5,0.481
6088,21740,16,41.9,0.539
6089,21740,16,39.1,0.454
6090,21740,16,44.9,0.654
6091,21740,16,43,0.546
6092,21740,16,38.1,0.388
6126,21740,16,36.9,0.368
6127,21740,16,41.2,0.53
6128,21740,16,36,0.322
6129,21740,16,34.3,0.313
6130,21740,16,35.9,0.347
6131,21740,16,40.9,0.504
6132,21740,16,41.4,0.508
6133,21740,16,37.5,0.426
6134,21740,16,38.9,0.399
6135,21740,16,38.7,0.41
5628,21740,15,54.9,1.102
5629,21740,15,47,0.574
5630,21740,15,50.7,0.79
5631,21740,15,48.8,0.628
5632,21740,15,42.8,0.568
5633,21740,15,45.8,0.66
5634,21740,15,50.7,0.772
5554,10261,15,33.3,0.402
5574,21740,15,14.1,0.018
6471,21740,17,39.8,0.427
6472,21740,17,42.6,0.484
6473,21740,17,41.5,0.517
6474,21740,17,41.2,0.394
6475,21740,17,38.9,0.39
6476,21740,17,43.1,0.534
6477,21740,17,41.2,0.44
6478,21740,17,41.4,0.504
6479,21740,17,36.4,0.304
6480,21740,17,37,0.398
6481,21740,17,41.9,0.518
6482,21740,17,37.3,0.35
6483,21740,17,39.2,0.378
6484,21740,17,41.2,0.466
6485,21740,17,35.4,0.312
6486,21740,17,41.8,0.54
6487,21740,17,40.7,0.494
6488,21740,17,37.6,0.332
6489,21740,17,45.5,0.588
6490,21740,17,37,0.372
6491,21740,17,36.7,0.354
6492,21740,17,40,0.44
6493,21740,17,38.2,0.37
6494,21740,17,35.3,0.294
6495,21740,17,38.7,0.346
6496,21740,17,47.1,0.62
6497,21740,17,37.9,0.396
6498,21740,17,38.2,0.354
6499,21740,17,41.3,0.456
6500,21740,17,36.6,0.366
5575,21740,15,52.5,0.814
5576,21740,15,42,0.466
5577,21740,15,47.6,0.638
5578,21740,15,47.7,0.646
5579,21740,15,44.7,0.664
5580,21740,15,56.5,0.942
5581,21740,15,51.9,0.702
5582,21740,15,50.5,0.666
5583,21740,15,52.2,0.808
5584,21740,15,49.7,0.836
5585,21740,15,54.5,0.914
5586,21740,15,53.2,0.914
6501,21740,17,37.8,0.358
6502,21740,17,40,0.466
6503,21740,17,36.5,0.314
6504,21740,17,38.5,0.408
6505,21740,17,43,0.51
6506,21740,17,39.8,0.442
6507,21740,17,43.7,0.53
6508,21740,17,40.9,0.472
6509,21740,17,37.4,0.378
6510,21740,17,43,0.454
6511,21740,17,40.5,0.394
5587,21740,15,43.3,0.676
5588,21740,15,51.9,0.774
5589,21740,15,53.2,0.732
5590,21740,15,38.4,0.396
5591,21740,15,41.1,0.496
5592,21740,15,50.2,0.626
5593,21740,15,45.1,0.52
5594,21740,15,40.9,0.468
5595,21740,15,43.3,0.608
5596,21740,15,46.2,0.618
5597,21740,15,47,0.718
5598,21740,15,45.2,0.586
5599,21740,15,51.9,0.862
5600,21740,15,50.5,0.772
5601,21740,15,48,0.768
5602,21740,15,49.4,0.722
6512,21740,17,41.7,0.436
6513,21740,17,40,0.444
6514,21740,17,40.3,0.486
6515,21740,17,39.6,0.376
6516,21740,17,41.6,0.492
6517,21740,17,42.8,0.526
6518,21740,17,44.4,0.546
6519,21740,17,35.2,0.302
5172,21740,14,33,0.266
5173,21740,14,39,0.414
5174,21740,14,41.8,0.496
5175,21740,14,36.6,0.368
5176,21740,14,43.5,0.552
5177,21740,14,39.8,0.436
5178,21740,14,38.1,0.396
5179,21740,14,40,0.448
5180,21740,14,34.1,0.278
5181,21740,14,36.3,0.322
5182,21740,14,37.5,0.376
5183,21740,14,41.2,0.48
5184,21740,14,38.4,0.392
5185,21740,14,37.7,0.386
5603,21740,15,47,0.526
5604,21740,15,54.2,0.946
5605,21740,15,43.4,0.454
5606,21740,15,53.1,0.818
5607,21740,15,50.4,0.764
5608,21740,15,46.5,0.702
5609,21740,15,42.8,0.54
5610,21740,15,56.1,1.042
6093,21740,16,39.6,0.472
6094,21740,16,39.9,0.453
6095,21740,16,40.1,0.426
6096,21740,16,41.4,0.481
6097,21740,16,40.8,0.442
6098,21740,16,42.4,0.559
5186,21740,14,41,0.456
5187,21740,14,38.4,0.414
5188,21740,14,39.6,0.374
5189,21740,14,40.1,0.498
5191,21740,14,40.2,0.474
5192,21740,14,37.1,0.382
5193,21740,14,39.8,0.472
5194,21740,14,33.9,0.264
5195,21740,14,39.4,0.414
5196,21740,14,44.6,0.564
5197,21740,14,40.1,0.47
6099,21740,16,47,0.635
6100,21740,16,37.5,0.463
6101,21740,16,40.7,0.481
6102,21740,16,38.8,0.508
6103,21740,16,38.6,0.412
6104,21740,16,42.7,0.597
6105,21740,16,40.1,0.498
6106,21740,16,39,0.464
6107,21740,16,38.7,0.46
6108,21740,16,42.5,0.639
5198,21740,14,34.7,0.306
5199,21740,14,42,0.5
5200,21740,14,38.7,0.362
5201,21740,14,39,0.394
5202,21740,14,37.7,0.412
5159,21740,14,69.5,1.858
5160,21740,14,64.2,1.89
5161,21740,14,56.4,1.226
5151,21110,14,25.7,0.16
5156,21740,14,25.3,0.11
5157,21740,14,27.2,0.148
5158,21740,14,27.6,0.134
7886,21740,22,41.9,0.501
7892,21740,22,40.8,0.472
7908,21740,22,37.4,0.388
7920,21740,22,41.3,0.495
8059,21740,22,43.5,0.586
8063,21740,22,43.9,0.614
8067,21740,22,39.2,0.43
8068,21740,22,47.1,0.74
8069,21740,22,39.7,0.474
8070,21740,22,35.8,0.346
8071,21740,22,39.9,0.478
8072,21740,22,41.7,0.55
8073,21740,22,40.2,0.496
8074,21740,22,39.3,0.398
8075,21740,22,45.5,0.688
8076,21740,22,38.2,0.416
8077,21740,22,38.3,0.426
8078,21740,22,47.5,0.68
7927,21740,22,39.4,0.455
7935,21740,22,40,0.463
8079,21740,22,40.7,0.486
8080,21740,22,39.9,0.42
8081,21740,22,41,0.572
8082,21740,22,32.9,0.296
8083,21740,22,43.3,0.588
8084,21740,22,36.3,0.384
8348,21740,23,51.6,0.961
8349,21740,23,55.9,1.178
8350,21740,23,52.7,1.05
8351,21740,23,41.8,0.582
8352,21740,23,51.5,0.764
8353,21740,23,51.4,0.803
8354,21740,23,39.7,0.484
8355,21740,23,40.6,0.574
8356,21740,23,41.2,0.491
8357,21740,23,32.3,0.285
8358,21740,23,40.9,0.544
8359,21740,23,38.1,0.344
8360,21740,23,33.8,0.28
8361,21740,23,39.9,0.496
8362,21740,23,41.1,0.532
8085,21740,22,38.2,0.45
8086,21740,22,39,0.486
8087,21740,22,40.6,0.534
8088,21740,22,40.2,0.538
8089,21740,22,39.2,0.464
8090,21740,22,47.7,0.71
8091,21740,22,42.1,0.592
8092,21740,22,39,0.452
8093,21740,22,41.5,0.564
8094,21740,22,32.8,0.26
8095,21740,22,39.4,0.436
8096,21740,22,40.1,0.502
8097,21740,22,40.3,0.53
8098,21740,22,41.4,0.522
6939,21740,19,39.3,0.367
6940,21740,19,36.5,0.328
6941,21740,19,38.3,0.352
6942,21740,19,40.3,0.385
6943,21740,19,35.8,0.299
6944,21740,19,38.5,0.347
6945,21740,19,37.6,0.359
6946,21740,19,36.1,0.322
6947,21740,19,38.8,0.36
8363,21740,23,41.2,0.602
8364,21740,23,48.3,0.738
8365,21740,23,40.2,0.475
8366,21740,23,40.6,0.557
8367,21740,23,45.9,0.612
8368,21740,23,51,0.989
8369,21740,23,39.7,0.487
8370,21740,23,39.9,0.506
8371,21740,23,44.3,0.628
8372,21740,23,42.7,0.483
8373,21740,23,40.6,0.542
8374,21740,23,48.5,0.828
8375,21740,23,40.8,0.423
8376,21740,23,33.1,0.272
8377,21740,23,39.9,0.478
8378,21740,23,38.5,0.429
8379,21740,23,38.6,0.427
6948,21740,19,35.5,0.295
6949,21740,19,39.7,0.382
6950,21740,19,39.1,0.347
6951,21740,19,37.5,0.327
6952,21740,19,35.5,0.286
6953,21740,19,36.3,0.344
6954,21740,19,38,0.318
6955,21740,19,38.4,0.374
6956,21740,19,38.9,0.394
8380,21740,23,40.1,0.509
8381,21740,23,40.2,0.484
8382,21740,23,35.6,0.305
8383,21740,23,43.3,0.548
8384,21740,23,37.5,0.392
8385,21740,23,48.2,0.86
8386,21740,23,41.3,0.503
8099,21740,22,41.7,0.582
8100,21740,22,38.1,0.464
8101,21740,22,42.2,0.556
8102,21740,22,40.2,0.44
8103,21740,22,28.2,0.166
8104,21740,22,18,0.034
6957,21740,19,38.4,0.31
6958,21740,19,38.4,0.352
6959,21740,19,36,0.278
6960,21740,19,35.5,0.278
6961,21740,19,37.2,0.324
6962,21740,19,36.9,0.342
6963,21740,19,36.1,0.312
7623,21740,21,33.9,0.264
7622,21740,21,35.4,0.306
7624,21740,21,33.9,0.268
6964,21740,19,40.3,0.402
6965,21740,19,39.6,0.384
6966,21740,19,40.2,0.422
6967,21740,19,36.9,0.342
6968,21740,19,39.4,0.428
6969,21740,19,39,0.388
6970,21740,19,37.6,0.354
6971,21740,19,36.1,0.304
6972,21740,19,37.5,0.306
6973,21740,19,40.3,0.45
6974,21740,19,33.8,0.236
6975,21740,19,37.6,0.338
6976,21740,19,41.6,0.47
6977,21740,19,33.3,0.262
7625,21740,21,34.2,0.264
7626,21740,21,32.9,0.25
7627,21740,21,34.2,0.282
7628,21740,21,42.3,0.48
7629,21740,21,35.6,0.316
7630,21740,21,35.6,0.336
7631,21740,21,31.6,0.246
7632,21740,21,31.8,0.236
7633,21740,21,34.5,0.252
7634,21740,21,34.3,0.278
7635,21740,21,34.8,0.264
7636,21740,21,28.7,0.158
7637,21740,21,33,0.252
7638,21740,21,36.8,0.332
7639,21740,21,36.3,0.328
7640,21740,21,37,0.326
6978,21740,19,36.8,0.33
6979,21740,19,35.7,0.31
6980,21740,19,41.3,0.45
6981,21740,19,34.6,0.292
6982,21740,19,40.8,0.41
6983,21740,19,38.9,0.386
6984,21740,19,37.5,0.368
6985,21740,19,33.8,0.272
6986,21740,19,37.6,0.356
6987,21740,19,38.5,0.418
6988,21740,19,35.5,0.292
7641,21740,21,34.4,0.282
7642,21740,21,31.9,0.222
7644,21740,21,13.6,0.014
7645,21740,21,24.9,0.108
7646,21740,21,32.6,0.258
7647,21740,21,36.1,0.294
7648,21740,21,27.6,0.128
7649,21740,21,36.2,0.306
7650,21740,21,16.7,0.03
7651,21740,21,32.5,0.246
7652,21740,21,35.2,0.268
7653,21740,21,31.8,0.234
7654,21740,21,29.1,0.178
7655,21740,21,37.1,0.328
8313,21740,23,40.9,0.525
8323,21740,23,54.2,0.934
7656,21740,21,31.4,0.234
7657,21740,21,14.3,0.018
7658,21740,21,26.5,0.13
7659,21740,21,36.8,0.334
7660,21740,21,35.2,0.284
7661,21740,21,33.4,0.242
7662,21740,21,14.2,0.018
7663,21740,21,27.2,0.13
7664,21740,21,36.5,0.286
7665,21740,21,34.8,0.304
7666,21740,21,36.3,0.324
7667,21740,21,26.2,0.11
7668,21740,21,36.1,0.308
7669,21740,21,34.8,0.258
7670,21740,21,24.6,0.104
7671,21740,21,26.2,0.132
8331,21740,23,39.8,0.491
8335,21740,23,42,0.567
8341,21740,23,47,0.823
8342,21740,23,57.2,1.231
8343,21740,23,43.4,0.664
8344,21740,23,42,0.569
8345,21740,23,40.3,0.405
8346,21740,23,38.6,0.476
8347,21740,23,44.2,0.576
7028,21740,21,39.3,0.449
7029,21740,21,41.8,0.474
7030,21740,21,37.5,0.357
7672,21740,21,37.5,0.35
7673,21740,21,13.3,0.016
7674,21740,21,30.4,0.186
7675,21740,21,37.1,0.34
7676,21740,21,14.7,0.02
7677,21740,21,32.9,0.238
7678,21740,21,35.8,0.316
7679,21740,21,33.2,0.26
7681,21740,21,14.9,0.022
7680,21740,21,15.2,0.02
7682,21740,21,16.5,0.03
7031,21740,21,37.8,0.33
7032,21740,21,34.6,0.271
7045,21740,21,39.2,0.403
7046,21740,21,35.2,0.337
7051,21740,21,37.6,0.325
7070,21740,21,38.3,0.372
7071,21740,21,31.4,0.224
7093,21740,21,34.2,0.268
7094,21740,21,27.6,0.142
7245,21110,21,29.6,0.299
7251,21110,21,28.7,0.276
7256,21110,21,27.7,0.203
7260,21110,21,28.5,0.259
7266,21110,21,28,0.265
7271,21110,21,28.7,0.252
7276,21110,21,27.5,0.212
7280,21110,21,29.6,0.255
7284,21110,21,28.3,0.235
7288,21110,21,29.2,0.255
7971,21740,22,55.5,1.244
7993,21740,22,53.3,1.038
8007,21740,22,43.4,0.654
8013,21740,22,44.7,0.636
7837,21740,22,47.9,0.679
8028,21740,22,42.8,0.504
8034,21740,22,38.2,0.47
8044,21740,22,37.3,0.394
8052,21740,22,37,0.362
7857,21740,22,51.7,0.999
7876,21740,22,43.1,0.554
8839,21740,24,50.5,0.856
8840,21740,24,55.2,1.208
8841,21740,24,45.3,0.712
8842,21740,24,53,1.164
8843,21740,24,48.7,0.81
8844,21740,24,44,0.63
9152,21740,25,55.2,1.17
9153,21740,25,51.5,1.108
9154,21740,25,46.9,0.82
9155,21740,25,51.9,0.96
9156,21740,25,48,0.692
9157,21740,25,54.7,1.12
9158,21740,25,38.9,0.458
9159,21740,25,55,1.058
8845,21740,24,37.2,0.434
8846,21740,24,52.2,1.014
8847,21740,24,51.5,0.934
8848,21740,24,37.8,0.396
8849,21740,24,40.5,0.506
8850,21740,24,42.5,0.604
8851,21740,24,40.2,0.504
8852,21740,24,41.7,0.528
8853,21740,24,52.6,1.098
8854,21740,24,40.5,0.624
8855,21740,24,49.3,0.878
8856,21740,24,51.1,0.912
8857,21740,24,48.4,0.552
8858,21740,24,50.4,0.904
8859,21740,24,38,0.4
9160,21740,25,40.4,0.46
9161,21740,25,49,0.96
9162,21740,25,52.1,1.022
9163,21740,25,52.3,1.168
9164,21740,25,53.6,1.228
9165,21740,25,51.4,1.092
9166,21740,25,53.8,1.032
9167,21740,25,46.8,0.9
9168,21740,25,52.8,0.926
9169,21740,25,49.5,0.978
9170,21740,25,48.9,0.738
9171,21740,25,51.6,1.06
9172,21740,25,52.7,1.264
9173,21740,25,52.7,1.048
8860,21740,24,41.9,0.566
8861,21740,24,42.7,0.588
8862,21740,24,52.3,0.908
8863,21740,24,45.7,0.636
8864,21740,24,49.2,0.872
8865,21740,24,41.9,0.606
8866,21740,24,48.4,0.844
8867,21740,24,40.3,0.512
8868,21740,24,40.4,0.48
8869,21740,24,39.3,0.47
8871,21740,24,45.3,0.676
8872,21740,24,40,0.462
8873,21740,24,39.3,0.516
8874,21740,24,45.5,0.832
8875,21740,24,44,0.588
9174,21740,25,48.4,0.852
9175,21740,25,45.9,0.776
9176,21740,25,56.4,1.104
9177,21740,25,52.4,1.03
9178,21740,25,51.6,0.92
9179,21740,25,51.6,1.09
9180,21740,25,47.9,0.722
9595,21740,27,38.3,0.366
9596,21740,27,39.4,0.417
9597,21740,27,39.2,0.412
9598,21740,27,38.2,0.379
9599,21740,27,37.5,0.321
9600,21740,27,33.9,0.269
8876,21740,24,55.4,1.114
8877,21740,24,37.2,0.446
8878,21740,24,42,0.57
8879,21740,24,36.3,0.35
8880,21740,24,53.1,0.922
8881,21740,24,36.1,0.352
8882,21740,24,36.1,0.334
8883,21740,24,51.4,0.91
8884,21740,24,40.5,0.52
8885,21740,24,45.9,0.722
8886,21740,24,52.8,0.888
8887,21740,24,37.2,0.472
8888,21740,24,55,1.01
8889,21740,24,35.8,0.376
8890,21740,24,58.3,1.232
8891,21740,24,37.9,0.412
9601,21740,27,32.1,0.241
9602,21740,27,38.4,0.378
9603,21740,27,37.1,0.33
9604,21740,27,38.8,0.354
9605,21740,27,35.4,0.31
9606,21740,27,39.7,0.422
9607,21740,27,36.2,0.296
9608,21740,27,38.5,0.384
9609,21740,27,37.7,0.312
9610,21740,27,36.3,0.324
9611,21740,27,35.1,0.304
9612,21740,27,32.9,0.236
9613,21740,27,34.7,0.306
9614,21740,27,37.6,0.37
9615,21740,27,34.8,0.288
10071,21740,28,37,0.341
10072,21740,28,36.8,0.298
10073,21740,28,35.5,0.292
10074,21740,28,31.3,0.185
10075,21740,28,33.8,0.238
10076,21740,28,35.8,0.315
10077,21740,28,31.5,0.228
10078,21740,28,35.4,0.29
10079,21740,28,37.1,0.311
10080,21740,28,36.8,0.298
10081,21740,28,34.8,0.292
8892,21740,24,54.6,1.138
8893,21740,24,52.5,0.87
8894,21740,24,41.3,0.518
8895,21740,24,51.9,1.028
8896,21740,24,41,0.538
8897,21740,24,51,1.11
8898,21740,24,47.3,0.814
8899,21740,24,39,0.52
8900,21740,24,53.3,0.962
8402,21720,24,60.5,2.614
8506,21720,24,57.4,2.378
8583,21720,24,57.2,2.132
9181,21740,25,48.6,0.81
9182,21740,25,50.2,0.898
9183,21740,25,50.9,1.08
9184,21740,25,43.4,0.588
9185,21740,25,59.4,1.188
9186,21740,25,43.5,0.618
9187,21740,25,54.1,1.122
9188,21740,25,52.2,1.136
9189,21740,25,51.8,1.048
9190,21740,25,52.7,1.22
9191,21740,25,47.4,0.92
9192,21740,25,50.9,0.88
9193,21740,25,50.8,0.87
9616,21740,27,34.2,0.286
9617,21740,27,34.5,0.322
9618,21740,27,37.1,0.354
9619,21740,27,39.5,0.372
9620,21740,27,39.5,0.432
9621,21740,27,34.3,0.27
9622,21740,27,36.1,0.318
9623,21740,27,37.1,0.322
8829,10130,24,37.8,0.48
8830,10130,24,28.5,0.219
8831,10130,24,32.1,0.382
8832,10130,24,32.3,0.313
8833,10130,24,22.1,0.074
8834,10130,24,35.8,0.45
8835,10130,24,26.1,0.166
8836,10130,24,30.9,0.266
9194,21740,25,52.3,0.966
9195,21740,25,45.5,0.664
9196,21740,25,51.5,1.044
9197,21740,25,56.1,1.324
9198,21740,25,51.8,1.1
9199,21740,25,40.7,0.412
9200,21740,25,51.3,1.08
9201,21740,25,46.4,0.738
8951,30060,25,38.1,0.726
8952,30060,25,41.6,0.783
8953,30060,25,39.1,0.814
9624,21740,27,36,0.308
9625,21740,27,35.2,0.288
9626,21740,27,34.8,0.294
9627,21740,27,35.6,0.306
9628,21740,27,40.2,0.44
9629,21740,27,34.6,0.252
9630,21740,27,36.9,0.322
9631,21740,27,38,0.358
9632,21740,27,36.4,0.336
9633,21740,27,35.9,0.34
9634,21740,27,37.9,0.4
9635,21740,27,39.1,0.36
9636,21740,27,36.2,0.3
9637,21740,27,36,0.272
9638,21740,27,33.1,0.24
10052,21740,28,34.9,0.305
10053,21740,28,39.3,0.391
10054,21740,28,35,0.279
10055,21740,28,37.9,0.337
10056,21740,28,33.3,0.229
10057,21740,28,33.1,0.244
9639,21740,27,34.1,0.282
9640,21740,27,36.4,0.3
9641,21740,27,42.6,0.546
9642,21740,27,35,0.29
9643,21740,27,32.2,0.218
9644,21740,27,34,0.29
9645,23235,28,41,0.789
9654,23235,28,58.9,2.262
10029,23235,28,41.3,0.781
10030,23235,28,56.7,2.015
10031,23235,28,46.8,1.298
10082,21740,28,32.3,0.235
10083,21740,28,37.6,0.336
10084,21740,28,38.4,0.351
10085,21740,28,37.6,0.352
8837,10130,24,35.5,0.47
8838,10130,24,33.5,0.402
8824,10200,24,36.4,0.316
8825,10200,24,24,0.076
8826,10200,24,41,0.502
8827,10200,24,41,0.516
8828,10200,24,43.5,0.466
8812,10110,24,38.8,0.603
8813,10110,24,38.8,0.514
8814,10110,24,41.2,0.656
8815,10110,24,38.7,0.458
8816,10110,24,37,0.408
8817,10110,24,50.7,1.17
8818,10110,24,40.3,0.614
9255,21740,26,41.4,0.499
9256,21740,26,38.5,0.409
9257,21740,26,37.7,0.329
10032,23235,28,55.4,2.24
10033,23235,28,45.7,1.148
10034,23235,28,45.9,1.254
10035,23235,28,51.9,1.593
10036,23235,28,52.6,2.055
10037,23235,28,44.5,1.068
10038,23235,28,57.4,2.019
10039,23235,28,36.7,0.652
8819,10110,24,38.3,0.544
8820,10110,24,25,0.134
8821,10110,24,26.6,0.142
9258,21740,26,40.1,0.463
9259,21740,26,43.5,0.627
9260,21740,26,36.1,0.328
9261,21740,26,40.3,0.455
9262,21740,26,44,0.488
9263,21740,26,37.7,0.369
9264,21740,26,39.5,0.479
9265,21740,26,39.7,0.399
9282,21740,27,37.8,0.356
9283,21740,27,35.6,0.29
9286,21740,27,39,0.42
9289,21740,27,34.5,0.279
9291,21740,27,38,0.318
9293,21740,27,34.6,0.289
10058,21740,28,36.4,0.323
10059,21740,28,30.6,0.191
10060,21740,28,33.8,0.28
10061,21740,28,42.8,0.458
10062,21740,28,35.5,0.284
10063,21740,28,30.2,0.21
10064,21740,28,34.3,0.26
10065,21740,28,36.8,0.335
10066,21740,28,29.6,0.174
10067,21740,28,31.4,0.195
10068,21740,28,35.6,0.283
10069,21740,28,38.1,0.355
10070,21740,28,35.4,0.299
9294,21740,27,35.1,0.293
9295,21740,27,36.5,0.299
9296,21740,27,37.1,0.334
9297,21740,27,38.1,0.354
9298,21740,27,38.7,0.335
9299,21740,27,37,0.363
10874,21740,30,40.1,0.414
10086,21740,28,31.5,0.198
10875,21740,30,38.3,0.374
10876,21740,30,45.5,0.498
10877,21740,30,34.8,0.254
10878,21740,30,39.6,0.394
10879,21740,30,35.2,0.262
10880,21740,30,31.6,0.208
10881,21740,30,43.2,0.44
10882,21740,30,44.5,0.51
10883,21740,30,43,0.472
10884,21740,30,38.2,0.34
10885,21740,30,37.9,0.338
10886,21740,30,39.1,0.31
10887,21740,30,37.3,0.348
10087,21740,28,36,0.286
10088,21740,28,33.4,0.243
10089,21740,28,36.1,0.334
10090,21740,28,35.7,0.291
10091,21740,28,35.4,0.282
10092,21740,28,32.1,0.226
10093,21740,28,34.1,0.266
10094,21740,28,37,0.309
10888,21740,30,38.4,0.342
10889,21740,30,34.1,0.258
10891,21740,30,41.3,0.416
10892,21740,30,44.9,0.546
10893,21740,30,36.3,0.314
10894,21740,30,35.4,0.32
10895,21740,30,36.6,0.28
10897,21740,30,35.4,0.274
10898,21740,30,39.4,0.362
10899,21740,30,59.8,1.358
10900,21740,30,35.7,0.3
10901,21740,30,36.9,0.326
10902,21740,30,33.4,0.258
10903,21740,30,35.6,0.288
10428,21740,29,44.8,0.506
10429,21740,29,43.9,0.556
10430,21740,29,39.6,0.4
10431,21740,29,38.2,0.364
10432,21740,29,37.9,0.338
10433,21740,29,40.1,0.366
10434,21740,29,38.5,0.336
10435,21740,29,38.1,0.33
10436,21740,29,34.3,0.266
10437,21740,29,38.5,0.38
10438,21740,29,40.8,0.404
10439,21740,29,37.2,0.318
10440,21740,29,39.6,0.454
10441,21740,29,42,0.456
10904,21740,30,36.7,0.304
10905,21740,30,33,0.246
10906,21740,30,35.6,0.3
10907,21740,30,36.7,0.352
10908,21740,30,40.2,0.404
10909,21740,30,34.1,0.276
10910,21740,30,34.4,0.252
10911,21740,30,37.8,0.32
10912,21740,30,34.5,0.286
10913,21740,30,35.6,0.292
10914,21740,30,31.5,0.202
10915,21740,30,32.6,0.214
10916,21740,30,42.9,0.454
10917,21740,30,34.1,0.272
10918,21740,30,33.3,0.25
11236,21740,31,42.6,0.454
11237,21740,31,37.3,0.335
11238,21740,31,34.2,0.259
11239,21740,31,47.6,0.597
11241,21740,31,35.6,0.298
11242,21740,31,36.5,0.297
11243,21740,31,33.9,0.272
10095,21740,28,35.7,0.316
10096,21740,28,38.2,0.35
10097,21740,28,34.3,0.267
10098,21740,28,35.2,0.272
10099,21740,28,35.1,0.283
10100,21740,28,35.3,0.274
10101,21740,28,33.3,0.249
10040,23230,28,40.3,0.843
10442,21740,29,39.2,0.426
10443,21740,29,41.2,0.424
10444,21740,29,39.9,0.396
10445,21740,29,39.6,0.392
10446,21740,29,37,0.338
10447,21740,29,36.2,0.33
10448,21740,29,40.8,0.406
10449,21740,29,36.2,0.338
10450,21740,29,42.4,0.44
10451,21740,29,38.4,0.398
10452,21740,29,36.9,0.366
10453,21740,29,36,0.304
10454,21740,29,37.9,0.324
10455,21740,29,34.7,0.256
10456,21740,29,38.9,0.344
10919,21740,30,33.8,0.254
10920,21740,30,35.7,0.312
10921,21740,30,35.7,0.28
10922,21740,30,37.5,0.374
10923,21740,30,33.5,0.232
10924,21740,30,37.9,0.372
10925,21740,30,37.4,0.364
10457,21740,29,38.4,0.318
10458,21740,29,41.4,0.422
10459,21740,29,38.1,0.348
10460,21740,29,37,0.334
10461,21740,29,41.6,0.42
10462,21740,29,35.3,0.274
10463,21740,29,35.9,0.294
10464,21740,29,35.1,0.288
10465,21740,29,39.6,0.366
10466,21740,29,36.1,0.262
10467,21740,29,37.2,0.336
10468,21740,29,37.2,0.35
10469,21740,29,35.3,0.274
10470,21740,29,34.5,0.272
10471,21740,29,37.4,0.342
10472,21740,29,37.1,0.308
10473,21740,29,43.4,0.482
10474,21740,29,41.8,0.426
10814,10260,30,23.8,0.117
10475,21740,29,36.7,0.336
10476,21740,29,35.3,0.25
10477,21740,29,35.3,0.264
10427,10261,29,43.4,0.884
10041,23230,28,43.7,0.906
11276,21740,31,40.1,0.397
11277,21740,31,33.7,0.246
11278,21740,31,35.4,0.297
11280,21740,31,35,0.287
11281,21740,31,34,0.241
11282,21740,31,35,0.289
11283,21740,31,33.1,0.226
11284,21740,31,34.2,0.243
11285,21740,31,31.2,0.187
12195,21740,33,35.1,0.295
12196,21740,33,52.4,0.976
12197,21740,33,40.1,0.394
12198,21740,33,38.1,0.362
12199,21740,33,38.3,0.358
12200,21740,33,37.2,0.34
12201,21740,33,37.7,0.324
12202,21740,33,36.7,0.312
12203,21740,33,35.1,0.284
12204,21740,33,38.8,0.384
12205,21740,33,38.1,0.324
12206,21740,33,37.7,0.336
12207,21740,33,35.9,0.29
12208,21740,33,36.4,0.344
12209,21740,33,38.9,0.398
11286,21740,31,39.9,0.333
11287,21740,31,33.4,0.225
11288,21740,31,36.8,0.29
11289,21740,31,33.3,0.244
11290,21740,31,35.5,0.279
11291,21740,31,36.2,0.305
11292,21740,31,33.3,0.259
11293,21740,31,36.3,0.347
12210,21740,33,35.5,0.32
12211,21740,33,36.8,0.344
12212,21740,33,40,0.438
12213,21740,33,36.7,0.34
12214,21740,33,36.3,0.316
12215,21740,33,38.9,0.416
12216,21740,33,48.3,0.624
12217,21740,33,32.9,0.248
12218,21740,33,34.3,0.29
12219,21740,33,34,0.282
12220,21740,33,35.2,0.294
12221,21740,33,34.7,0.288
12222,21740,33,37.4,0.35
12223,21740,33,33.1,0.244
12224,21740,33,35.6,0.322
12225,21740,33,38.1,0.366
12226,21740,33,34.5,0.274
12227,21740,33,35,0.288
12228,21740,33,37.2,0.348
11294,21740,31,35.8,0.318
11295,21740,31,36.9,0.333
11296,21740,31,34.2,0.267
11297,21740,31,41.9,0.446
11298,21740,31,36.5,0.267
11299,21740,31,36,0.303
11300,21740,31,33,0.238
11301,21740,31,33.5,0.231
11313,21740,31,35.7,0.301
11314,21740,31,34.2,0.269
11302,21740,31,41.4,0.437
11303,21740,31,35.7,0.343
11304,21740,31,35.9,0.306
11305,21740,31,38.5,0.363
11306,21740,31,35.1,0.263
11307,21740,31,32.8,0.212
11308,21740,31,33.8,0.243
11309,21740,31,33.9,0.261
11310,21740,31,46.3,0.576
11311,21740,31,36,0.319
11312,21740,31,32.7,0.247
12229,21740,33,34.1,0.242
12230,21740,33,34.2,0.258
12231,21740,33,34.5,0.272
12232,21740,33,34.4,0.25
12233,21740,33,32.7,0.234
12235,21740,33,36.7,0.332
12236,21740,33,34,0.236
12237,21740,33,36.2,0.3
12238,21740,33,37.3,0.328
12239,21740,33,34,0.31
12240,21740,33,34.8,0.268
12241,21740,33,32.4,0.214
12242,21740,33,34.2,0.326
12243,21740,33,37.1,0.34
12244,21740,33,36.7,0.318
11315,21740,31,41.5,0.495
11316,21740,31,31.5,0.219
11317,21740,31,34.6,0.27
11318,21740,31,32.6,0.232
11319,21740,31,35.3,0.28
11320,21740,31,35.1,0.271
11321,21740,31,35.3,0.275
11322,21740,31,35.1,0.273
11323,21740,31,34.2,0.28
11324,21740,31,34.7,0.267
12245,21740,33,34.8,0.288
11824,21740,32,36.6,0.362
11825,21740,32,33.6,0.258
11826,21740,32,33.6,0.228
11827,21740,32,34.4,0.266
11828,21740,32,35.9,0.322
11829,21740,32,33.8,0.26
12608,21740,34,36.4,0.376
12609,21740,34,37.3,0.304
12610,21740,34,32.4,0.234
12611,21740,34,37.2,0.328
12612,21740,34,36.6,0.35
11325,21740,31,34.8,0.303
11326,21740,31,36.4,0.317
11327,21740,31,41.8,0.408
11328,21740,31,33.7,0.254
11329,21740,31,41.6,0.376
11330,21740,31,38.8,0.361
11331,21740,31,36.2,0.293
11332,21740,31,34.5,0.268
11333,21740,31,32.2,0.231
11334,21740,31,36.4,0.301
11335,21740,31,33.8,0.251
11336,21740,31,37,0.304
11830,21740,32,36.1,0.308
11831,21740,32,37.5,0.386
11832,21740,32,37.9,0.336
11833,21740,32,41,0.374
11834,21740,32,38.3,0.35
11835,21740,32,31.6,0.21
11836,21740,32,37.7,0.328
11837,21740,32,37.9,0.394
12613,21740,34,36.8,0.336
12614,21740,34,37.4,0.342
12615,21740,34,36.6,0.382
12616,21740,34,39,0.414
12617,21740,34,35.2,0.288
12618,21740,34,38.3,0.388
12619,21740,34,37,0.32
12620,21740,34,36.6,0.324
12621,21740,34,35.8,0.312
11337,21740,31,35.8,0.282
11838,21740,32,36.5,0.298
11839,21740,32,34.2,0.274
11840,21740,32,33.6,0.25
11841,21740,32,34.3,0.284
11842,21740,32,41.8,0.48
11844,21740,32,33.6,0.252
11845,21740,32,34.2,0.316
12622,21740,34,38.2,0.358
12623,21740,34,33.5,0.266
12624,21740,34,38.6,0.416
12625,21740,34,37.5,0.328
12626,21740,34,37.4,0.366
12627,21740,34,37.7,0.364
12628,21740,34,38,0.398
12629,21740,34,40.3,0.43
12630,21740,34,35.2,0.286
12631,21740,34,34.5,0.258
12632,21740,34,35.5,0.308
12633,21740,34,37.8,0.378
12634,21740,34,38,0.392
12635,21740,34,36.9,0.332
12636,21740,34,37.4,0.368
11235,21740,31,64.1,1.486
11223,21110,31,28,0.182
11224,21110,31,30.3,0.212
11225,21110,31,29.8,0.203
11226,21110,31,29,0.196
11228,21110,31,28.3,0.187
11229,21110,31,29.7,0.2
11227,10261,31,24.5,0.158
11230,10261,31,34.1,0.456
11231,10261,31,37.5,0.546
11232,10261,31,25,0.154
11233,10261,31,41.8,1.01
11234,10261,31,33.3,0.42
11846,21740,32,33.6,0.244
11847,21740,32,34.7,0.294
11848,21740,32,38.5,0.324
11849,21740,32,35.9,0.282
11850,21740,32,40.9,0.37
11851,21740,32,33.8,0.234
11852,21740,32,33.1,0.254
11853,21740,32,43,0.572
11854,21740,32,36.4,0.318
11855,21740,32,31.9,0.218
11856,21740,32,34.7,0.282
11857,21740,32,33,0.232
11858,21740,32,38.2,0.358
11859,21740,32,37,0.334
11860,21740,32,34.9,0.282
11861,21740,32,41,0.432
11862,21740,32,34.3,0.28
11863,21740,32,46.5,0.634
11864,21740,32,32.9,0.232
11865,21740,32,36.7,0.33
11866,21740,32,42.4,0.454
11867,21740,32,36.3,0.33
11868,21740,32,35.4,0.268
11869,21740,32,36.7,0.288
11870,21740,32,33.3,0.238
11871,21740,32,33.8,0.238
11872,21740,32,33,0.22
11873,21740,32,30.9,0.212
11874,21740,32,36.8,0.334
11875,21740,32,33.2,0.208
12637,21740,34,36.5,0.316
12638,21740,34,37,0.352
12639,21740,34,36.8,0.256
12640,21740,34,36.7,0.338
12641,21740,34,33.5,0.27
12642,21740,34,35.9,0.308
12643,21740,34,39.4,0.386
12644,21740,34,36.3,0.306
12645,21740,34,37.9,0.346
12646,21740,34,36.1,0.328
12647,21740,34,34.4,0.266
12648,21740,34,38.7,0.372
12649,21740,34,38.1,0.366
12650,21740,34,35.6,0.314
12651,21740,34,35,0.31
12652,21740,34,37.1,0.348
11876,21740,32,36.3,0.318
11877,21740,32,29.7,0.186
11878,21740,32,36.2,0.312
11879,21740,32,35.3,0.292
11880,21740,32,32.7,0.208
11881,21740,32,32.1,0.216
11882,21740,32,38.2,0.322
11883,21740,32,35.9,0.326
11884,21740,32,34.4,0.29
11363,21720,32,45.1,0.93
11816,21740,32,13.1,0.014
11817,21740,32,13.5,0.012
11818,21740,32,13.1,0.01
11819,21740,32,14.1,0.018
11820,21740,32,11.4,0.01
12653,21740,34,35.3,0.298
12654,21740,34,33.7,0.248
12655,21740,34,39.1,0.346
12656,21740,34,38.3,0.394
12657,21740,34,35.4,0.282
12658,21740,34,35.3,0.314
12659,21740,34,36.5,0.356
11821,21740,32,10.4,0.006
11822,21740,32,9.8,0.006
11823,21740,32,12.6,0.014
11603,10130,32,30.5,0.251
11244,21740,31,34.1,0.276
11245,21740,31,35.6,0.314
11246,21740,31,42.3,0.416
11247,21740,31,40.3,0.426
11248,21740,31,38.7,0.422
11249,21740,31,35.8,0.312
11615,21110,32,29,0.225
11620,21110,32,29.9,0.251
11624,21110,32,26.9,0.187
11629,21110,32,25.8,0.161
11632,21110,32,27.9,0.19
11636,21110,32,26,0.16
11641,21110,32,26.1,0.179
11645,21110,32,26.8,0.183
11648,21110,32,25.6,0.162
11652,21110,32,26.5,0.173
11656,21110,32,26.9,0.174
11250,21740,31,35.1,0.283
11251,21740,31,29.7,0.177
11252,21740,31,35.7,0.266
11253,21740,31,38.1,0.319
11254,21740,31,33.9,0.262
11255,21740,31,33.7,0.249
11256,21740,31,33.8,0.253
11257,21740,31,30.1,0.188
11258,21740,31,29.7,0.181
11259,21740,31,37.3,0.338
11260,21740,31,45.9,0.601
11261,21740,31,33.3,0.251
11262,21740,31,36.7,0.348
11263,21740,31,35,0.279
11264,21740,31,37.6,0.312
11265,21740,31,33.1,0.243
11266,21740,31,35.4,0.296
11267,21740,31,31.9,0.223
11268,21740,31,44.1,0.494
11269,21740,31,33.9,0.226
11270,21740,31,36.2,0.314
11271,21740,31,35.9,0.297
11272,21740,31,36.5,0.338
11273,21740,31,41,0.396
11274,21740,31,34.5,0.276
11275,21740,31,35.1,0.283
14185,21740,38,33,0.266
14186,21740,38,29.6,0.164
14187,21740,38,33.8,0.254
14137,21740,38,16.1,0.026
14190,21740,39,32.7,0.25
14191,21740,39,35.4,0.292
14192,21740,39,54.5,0.919
14193,21740,39,39.5,0.387
14196,21740,39,39,0.38
14197,21740,39,38.3,0.296
14198,21740,39,41.8,0.496
14205,21740,39,42.6,0.607
14207,21740,39,35.3,0.291
14210,21740,39,36.1,0.304
14223,21740,39,33.3,0.229
14238,21740,39,34.1,0.255
17366,21110,46,32.2,0.318
17369,21110,46,30.1,0.252
17375,21110,46,29.4,0.258
18755,21740,50,52.5,0.964
19830,21740,58,47.2,0.578
19831,21740,58,48.7,0.87
19832,21740,58,51.6,0.963
19833,21740,58,49,0.794
19834,21740,58,46.7,0.701
19835,21740,58,49.7,0.772
19837,21740,58,45.2,0.552
19838,21740,58,49.7,0.686
19840,21740,58,44.1,0.627
19841,21740,58,50,0.83
19844,21740,58,50.4,0.763
19845,21740,58,54.1,1.011
19848,21740,58,55.6,0.865
19850,21740,58,53.3,0.913
19852,21740,58,51.3,0.632
19854,21740,58,48.2,0.859
19855,21740,58,49.7,0.81
20959,21740,63,48.1,0.671
20960,21740,63,50,0.676
20800,23041,63,14.1,0.016
20801,23041,63,13.7,0.016
15450,21740,41,36.2,0.338
15451,21740,41,38.5,0.404
15452,21740,41,36.3,0.372
15453,21740,41,38.5,0.498
15454,21740,41,37.4,0.438
15455,21740,41,38.7,0.43
15456,21740,41,35.8,0.334
15457,21740,41,36.1,0.344
15458,21740,41,37.4,0.376
15459,21740,41,32.7,0.26
15460,21740,41,36.8,0.338
15461,21740,41,34.6,0.34
15462,21740,41,36.7,0.338
15463,21740,41,38.8,0.376
15464,21740,41,39.7,0.468
15465,21740,41,41.4,0.534
18756,21740,50,52.8,0.882
18757,21740,50,53.5,1.104
18758,21740,50,53.5,0.746
18759,21740,50,58.6,1.372
18760,21740,50,52.9,1.026
18761,21740,50,51.6,0.97
18762,21740,50,50.2,0.872
18763,21740,50,53.6,0.834
18764,21740,50,54.4,1.01
18765,21740,50,50,0.608
18766,21740,50,52.4,0.972
18767,21740,50,47.9,0.668
18768,21740,50,50.7,0.602
18769,21740,50,50.4,0.674
18686,10210,50,33,0.408
18687,10210,50,34.7,0.466
18688,10210,50,30.6,0.314
18689,10210,50,34.2,0.374
18690,10210,50,33.2,0.416
18691,10210,50,31.6,0.36
18692,10210,50,37.3,0.552
18693,10210,50,39.9,0.584
18694,10210,50,36.5,0.6
18695,10210,50,31.9,0.434
19856,21740,58,45.9,0.522
19857,21740,58,48.8,0.752
19858,21740,58,48.7,0.829
19859,21740,58,55.5,1.019
19887,21740,58,49.9,0.9
19888,21740,58,51.9,0.963
19889,21740,58,50.7,0.819
19890,21740,58,51.9,0.822
19891,21740,58,51.3,0.853
19892,21740,58,49.6,0.762
19893,21740,58,50.3,0.796
19894,21740,58,58.4,1.333
19895,21740,58,47,0.806
19896,21740,58,50.1,0.777
19897,21740,58,50,0.893
19898,21740,58,54.5,1.058
19899,21740,58,49.6,0.826
19900,21740,58,52.9,1.029
19901,21740,58,52.8,0.984
19902,21740,58,50.5,0.884
19903,21740,58,56.8,1.059
19904,21740,58,48.2,0.761
19905,21740,58,48,0.706
19906,21740,58,49.3,0.803
19907,21740,58,42.5,0.413
19908,21740,58,51.6,0.94
19909,21740,58,48.7,0.64
19910,21740,58,47.3,0.73
19911,21740,58,46.9,0.705
19912,21740,58,49.4,0.744
19913,21740,58,49.3,0.895
20996,21740,65,47,0.628
20997,21740,65,47.2,0.59
20998,21740,65,43.7,0.476
20999,21740,65,47.6,0.559
21000,21740,65,50.1,0.688
21001,21740,65,51.7,0.732
21002,21740,65,46.6,0.58
21003,21740,65,50.3,0.602
21004,21740,65,46.4,0.572
21005,21740,65,45.4,0.573
21007,21740,65,50.1,0.672
21008,21740,65,48.1,0.64
21009,21740,65,51.7,0.758
21010,21740,65,53.1,0.91
21011,21740,65,49.7,0.6
21058,21740,65,51.3,0.679
21059,21740,65,44.4,0.503
21060,21740,65,48.8,0.648
21061,21740,65,42.9,0.466
21062,21740,65,48.1,0.695
21063,21740,65,51.7,0.786
21064,21740,65,56.9,1.249
21065,21740,65,46.6,0.632
21066,21740,65,43.7,0.486
21067,21740,65,43.9,0.58
21068,21740,65,45.3,0.452
21069,21740,65,48.3,0.58
21070,21740,65,45.7,0.54
21071,21740,65,48.8,0.658
21072,21740,65,44.6,0.624
21073,21740,65,46.5,0.62
21074,21740,65,46.9,0.634
21075,21740,65,48.6,0.658
23249,21740,70,31.7,0.262
23250,21740,70,34.8,0.294
23251,21740,70,35.9,0.316
23252,21740,70,35.9,0.3
23253,21740,70,34.2,0.33
23254,21740,70,35.2,0.318
23255,21740,70,26.6,0.132
23256,21740,70,30.9,0.216
23257,21740,70,42.2,0.548
23258,21740,70,36.8,0.362
23259,21740,70,29.5,0.178
23260,21740,70,33,0.27
23261,21740,70,36.2,0.352
23262,21740,70,34.6,0.266
23263,21740,70,33.6,0.238
23264,21740,70,34.2,0.29
23265,21740,70,33.3,0.25
23266,21740,70,23.4,0.092
23267,21740,70,34.3,0.316
23268,21740,70,34.7,0.278
23269,21740,70,28.2,0.132
23270,21740,70,37.1,0.33
23271,21740,70,35.5,0.33
23272,21740,70,33.6,0.266
13349,21740,36,36.8,0.35
13350,21740,36,44.3,0.498
13351,21740,36,36.8,0.34
13352,21740,36,36.2,0.326
13353,21740,36,37.7,0.374
13354,21740,36,33.8,0.298
13355,21740,36,37.8,0.35
13356,21740,36,34.5,0.296
13357,21740,36,37.5,0.34
13358,21740,36,40.8,0.476
13359,21740,36,35.3,0.338
13360,21740,36,36.3,0.326
13361,21740,36,36.2,0.316
13362,21740,36,36.2,0.37
13363,21740,36,36.5,0.32
13364,21740,36,36.7,0.32
13365,21740,36,34.7,0.326
13366,21740,36,36.8,0.328
13367,21740,36,35.9,0.356
15466,21740,41,46.9,0.74
15467,21740,41,37.9,0.42
15468,21740,41,36.8,0.348
15469,21740,41,35.3,0.322
15470,21740,41,39.7,0.406
15471,21740,41,33.4,0.262
15472,21740,41,39.5,0.436
15473,21740,41,43,0.504
15474,21740,41,38.8,0.406
15475,21740,41,39.9,0.512
15476,21740,41,37.6,0.41
15477,21740,41,37,0.392
15478,21740,41,34.4,0.298
15479,21740,41,37.8,0.394
15480,21740,41,33.4,0.274
15481,21740,41,41.4,0.51
15482,21740,41,41.6,0.488
15483,21740,41,35.7,0.332
15484,21740,41,37.4,0.426
15485,21740,41,38.2,0.414
15486,21740,41,35.5,0.316
15487,21740,41,36.9,0.392
15488,21740,41,42.8,0.546
15489,21740,41,38.3,0.396
15490,21740,41,36.3,0.358
15491,21740,41,35.3,0.308
15492,21740,41,34,0.312
15493,21740,41,35.4,0.328
15494,21740,41,36.6,0.38
15495,21740,41,34.6,0.3
15496,21740,41,35.1,0.3
19914,21740,58,45.2,0.45
19915,21740,58,48.7,0.726
19916,21740,58,53.1,1.156
19836,10210,58,26,0.194
19839,10210,58,37.2,0.61
19842,10210,58,38.3,0.51
19843,10210,58,38,0.808
21076,21740,65,47.7,0.656
21077,21740,65,52.9,0.854
21078,21740,65,45.2,0.518
21079,21740,65,47.4,0.592
21080,21740,65,49.4,0.648
21081,21740,65,50.5,0.692
21082,21740,65,45.2,0.5
21083,21740,65,46.4,0.596
21084,21740,65,50,0.746
21085,21740,65,50.7,0.616
21086,21740,65,50.7,0.798
21087,21740,65,45.7,0.56
21088,21740,65,49.6,0.676
23273,21740,70,35.1,0.294
23274,21740,70,30.9,0.21
23275,21740,70,33.1,0.276
23276,21740,70,35.3,0.306
23277,21740,70,32,0.244
23278,21740,70,23.9,0.104
23282,23235,71,55.6,2.43
23283,23235,71,45.3,1.102
13368,21740,36,34.9,0.288
13369,21740,36,36.1,0.368
13370,21740,36,37,0.344
13371,21740,36,33.3,0.258
13372,21740,36,35,0.296
13373,21740,36,35.1,0.336
13374,21740,36,34.6,0.294
13375,21740,36,46.2,0.592
13376,21740,36,41.6,0.476
13377,21740,36,36.7,0.324
13378,21740,36,39.3,0.386
13379,21740,36,35.6,0.3
13380,21740,36,35.6,0.306
13381,21740,36,34.7,0.282
13382,21740,36,38.7,0.406
13383,21740,36,41.4,0.454
13384,21740,36,36.6,0.334
13385,21740,36,32.6,0.232
13386,21740,36,39.8,0.39
13387,21740,36,32.1,0.246
13388,21740,36,36.8,0.35
13390,21740,36,35.2,0.286
13391,21740,36,38.2,0.4
13392,21740,36,33.5,0.282
13393,21740,36,32.6,0.258
13394,21740,36,34.9,0.338
13395,21740,36,35,0.29
13396,21740,36,35.5,0.302
13397,21740,36,34.7,0.276
13398,21740,36,37,0.32
13399,21740,36,29.2,0.196
15497,21740,41,34.3,0.294
15498,21740,41,35,0.298
15499,21740,41,35.2,0.286
15500,21740,41,38.3,0.388
15501,21740,41,34.8,0.322
15502,21740,41,35.8,0.31
16648,21740,44,36.8,0.363
16649,21740,44,36.3,0.337
16650,21740,44,36.9,0.322
16651,21740,44,36.6,0.371
16652,21740,44,37,0.362
16653,21740,44,43,0.487
16654,21740,44,37.4,0.409
16655,21740,44,36.1,0.298
16656,21740,44,36.2,0.358
16657,21740,44,41.3,0.507
16658,21740,44,35.7,0.362
16659,21740,44,36.5,0.287
16660,21740,44,31.6,0.241
16661,21740,44,34.6,0.336
16662,21740,44,36.9,0.379
16663,21740,44,41,0.464
16664,21740,44,30.7,0.208
16665,21740,44,37.3,0.36
16666,21740,44,32.8,0.261
16667,21740,44,38.3,0.37
16668,21740,44,37.7,0.411
16669,21740,44,39.3,0.463
16670,21740,44,31,0.244
16671,21740,44,37.4,0.335
16672,21740,44,38,0.438
16673,21740,44,34.7,0.31
16674,21740,44,38.3,0.399
18842,21740,51,58.4,1.016
18823,10210,51,33.8,0.464
18824,10210,51,32.8,0.426
18825,10210,51,31.9,0.381
18826,10210,51,33.7,0.484
18827,10210,51,33.7,0.495
18975,21740,52,55.9,1.422
18976,21740,52,62.1,1.15
18977,21740,52,61.7,1.636
18846,21110,52,23,0.121
18847,21110,52,23.5,0.126
18848,21110,52,22.9,0.113
18910,10210,52,23.5,0.132
18911,10210,52,31.7,0.345
18912,10210,52,31.4,0.343
18913,10210,52,21.1,0.103
18914,10210,52,29.9,0.3
18915,10210,52,35.1,0.481
18916,10210,52,34.9,0.433
18917,10210,52,20.5,0.094
18918,10210,52,28.1,0.274
18919,10210,52,32.2,0.342
18843,10130,52,43.6,0.888
18844,10130,52,34.3,0.414
18849,23041,52,10.3,0.005
20060,21740,59,46.1,0.533
20061,21740,59,49.5,0.795
20062,21740,59,50.3,0.876
20063,21740,59,49.9,0.71
20064,21740,59,45.6,0.548
20065,21740,59,51.2,0.778
20066,21740,59,51.7,0.81
20067,21740,59,53.5,0.822
20068,21740,59,51.2,0.698
22372,21740,68,63,1.615
24558,21740,73,40.6,0.52
24559,21740,73,38.3,0.436
24560,21740,73,36.6,0.388
24561,21740,73,39.4,0.44
24562,21740,73,40.6,0.446
24563,21740,73,36.3,0.38
24564,21740,73,34.3,0.284
24565,21740,73,40.1,0.444
24566,21740,73,39.1,0.474
24567,21740,73,41.8,0.486
24568,21740,73,40.8,0.51
24569,21740,73,36.7,0.362
24570,21740,73,38.4,0.376
24571,21740,73,38.5,0.37
24572,21740,73,41.1,0.54
24573,21740,73,37.5,0.38
24574,21740,73,37.7,0.364
24575,21740,73,37.6,0.402
24576,21740,73,38.3,0.372
24577,21740,73,36.5,0.354
24610,21740,73,42.4,0.529
24611,21740,73,44.1,0.599
24612,21740,73,41.7,0.485
24613,21740,73,39.6,0.316
24614,21740,73,38,0.391
16675,21740,44,33,0.275
16676,21740,44,36.5,0.333
16677,21740,44,42.7,0.531
16678,21740,44,36.8,0.338
16679,21740,44,31.5,0.245
16680,21740,44,37.5,0.372
16681,21740,44,37.4,0.358
16682,21740,44,39.7,0.422
16683,21740,44,38.7,0.401
16684,21740,44,36,0.367
16685,21740,44,37,0.322
16686,21740,44,36,0.319
16687,21740,44,37,0.346
16688,21740,44,36.3,0.368
16689,21740,44,38.3,0.403
16690,21740,44,37.9,0.395
16691,21740,44,36,0.343
16692,21740,44,36,0.293
16693,21740,44,34.5,0.28
16694,21740,44,34,0.276
16695,21740,44,38.4,0.396
16696,21740,44,35.3,0.364
16697,21740,44,33.4,0.251
16698,21740,44,35.5,0.354
17895,21740,47,30.5,0.192
17896,21740,47,36.7,0.342
17897,21740,47,34.9,0.324
17898,21740,47,31.3,0.208
17899,21740,47,36.6,0.308
17900,21740,47,39,0.384
17901,21740,47,32.9,0.26
17902,21740,47,30.9,0.186
17903,21740,47,29,0.174
18850,23041,52,9.6,0.005
18851,23041,52,9.4,0.004
18852,23041,52,9.9,0.004
18853,23041,52,9.8,0.005
18854,10260,52,33.3,0.403
18855,10260,52,29.9,0.298
18856,10260,52,37.7,0.646
18857,10260,52,21.8,0.106
18858,10260,52,13.9,0.026
18859,10260,52,23.3,0.15
18860,10260,52,15.2,0.032
18861,10260,52,32.1,0.312
18862,10260,52,28.2,0.23
18863,10260,52,24,0.158
18845,10220,52,54,2.054
20058,21720,59,5.8,0.002
22373,21740,68,36.7,0.312
22374,21740,68,34.2,0.286
22375,21740,68,36.6,0.327
22376,21740,68,30.7,0.214
22377,21740,68,29.9,0.195
22378,21740,68,36.3,0.335
22379,21740,68,36,0.31
22380,21740,68,29.8,0.17
22381,21740,68,29.4,0.201
22382,21740,68,26.7,0.139
22383,21740,68,35.8,0.296
22384,21740,68,29.8,0.192
22385,21740,68,34.4,0.264
22386,21740,68,28.8,0.175
22387,21740,68,40.7,0.44
22388,21740,68,28.7,0.156
22389,21740,68,32,0.232
22390,21740,68,28.2,0.172
22391,21740,68,30.2,0.21
22392,21740,68,33.2,0.264
22393,21740,68,36.3,0.331
22394,21740,68,52.8,1.118
22395,21740,68,36.9,0.346
22396,21740,68,14.9,0.021
22397,21740,68,32.9,0.252
22398,21740,68,34.6,0.283
22399,21740,68,31.6,0.21
22400,21740,68,36,0.292
22401,21740,68,33.3,0.261
22402,21740,68,37.9,0.354
22403,21740,68,32.7,0.248
22404,21740,68,31.6,0.232
24615,21740,73,38.1,0.379
24616,21740,73,36.1,0.444
24617,21740,73,37.6,0.368
24618,21740,73,37.5,0.428
24619,21740,73,40.8,0.49
24620,21740,73,41.8,0.542
24621,21740,73,51.6,0.73
24622,21740,73,40.3,0.483
24623,21740,73,34,0.303
24624,21740,73,37.5,0.372
24625,21740,73,40.7,0.424
24626,21740,73,39.3,0.445
24627,21740,73,38.2,0.372
24628,21740,73,37.2,0.383
24629,21740,73,42.6,0.51
24630,21740,73,37.3,0.383
24631,21740,73,39.1,0.433
24632,21740,73,37,0.374
24633,21740,73,37.1,0.378
24634,21740,73,36,0.354
24635,21740,73,38.9,0.414
24636,21740,73,37.4,0.394
24637,21740,73,36.8,0.386
24604,21740,73,16.5,0.031
24605,21740,73,17,0.033
24606,21740,73,16.2,0.028
24607,21740,73,20.1,0.063
24608,21740,73,17.8,0.042
24609,21740,73,15.1,0.025
14665,21740,39,42.3,0.392
14666,21740,39,51.3,0.944
14667,21740,39,35.9,0.346
14668,21740,39,32.2,0.224
14669,21740,39,39.2,0.382
14670,21740,39,37.7,0.382
14671,21740,39,40.2,0.452
14672,21740,39,23.5,0.082
14673,21740,39,33.8,0.286
14674,21740,39,29.9,0.17
14675,21740,39,39.7,0.414
14676,21740,39,33.4,0.24
14677,21740,39,39.1,0.366
14678,21740,39,40.8,0.488
17904,21740,47,36.9,0.342
17905,21740,47,30.4,0.19
17906,21740,47,28.9,0.164
17907,21740,47,31.8,0.218
17908,21740,47,40.5,0.436
17909,21740,47,36.5,0.33
17910,21740,47,34.3,0.27
17911,21740,47,32.7,0.248
17912,21740,47,43.3,0.56
17913,21740,47,34.9,0.292
17914,21740,47,41,0.41
17915,21740,47,37.5,0.336
17916,21740,47,35,0.3
17917,21740,47,36.6,0.36
17918,21740,47,35.9,0.304
17919,21740,47,28.9,0.188
17920,21740,47,38.1,0.408
17921,21740,47,36.4,0.31
17922,21740,47,34.6,0.276
17923,21740,47,32.1,0.228
17924,21740,47,35.8,0.354
17925,21740,47,30.5,0.198
17926,21740,47,31.9,0.232
17927,21740,47,34.3,0.292
17928,21740,47,31,0.212
17929,21740,47,34.6,0.258
17930,21740,47,33.6,0.27
17931,21740,47,34.3,0.294
17932,21740,47,36.4,0.316
17933,21740,47,29.8,0.192
17934,21740,47,24.1,0.094
20138,21740,60,48.8,0.666
20139,21740,60,47.6,0.678
20140,21740,60,50.2,0.744
20141,21740,60,50.4,0.896
20142,21740,60,55.5,0.77
20143,21740,60,48.9,0.6
20144,21740,60,52.7,0.818
20145,21740,60,51.2,0.709
20146,21740,60,48,0.788
20147,21740,60,57.7,1.094
20148,21740,60,49,0.706
20149,21740,60,48.9,0.668
20150,21740,60,47.4,0.724
20152,21740,60,51,0.794
20154,21740,60,52.5,1.024
20156,21740,60,49.8,0.622
20158,21740,60,50.9,0.847
20160,21740,60,52.5,0.912
20163,21740,60,52.1,0.895
20164,21740,60,51.8,0.907
20195,21740,60,51.5,0.842
20196,21740,60,49.9,0.742
20197,21740,60,44.7,0.582
22405,21740,68,37.4,0.38
22406,21740,68,36.9,0.338
22407,21740,68,33.2,0.244
22408,21740,68,34.5,0.282
22409,21740,68,35,0.29
22410,21740,68,29.9,0.178
22411,21740,68,25.5,0.121
22412,21740,68,24.9,0.104
22413,21740,68,32.8,0.254
22414,21740,68,31.1,0.209
22415,21740,68,31.9,0.22
22416,21740,68,31.7,0.213
22417,21740,68,30,0.186
22418,21740,68,26,0.118
22419,21740,68,36.4,0.326
22420,21740,68,36,0.316
22421,21740,68,34.8,0.284
22422,21740,68,29.3,0.168
22423,21740,68,34.2,0.286
22424,21740,68,32.9,0.254
22425,21740,68,34.1,0.258
22426,21740,68,36.1,0.356
22427,21740,68,30,0.184
22428,21740,68,34,0.252
22429,21740,68,25.6,0.112
22430,21740,68,24.5,0.096
22431,21740,68,27.1,0.13
22432,21740,68,21.4,0.06
22433,21740,68,17.2,0.032
22434,21740,68,17,0.03
22435,21740,68,17.2,0.028
22436,21740,68,17.9,0.034
14679,21740,39,36.9,0.346
14680,21740,39,23.1,0.082
14681,21740,39,31.8,0.218
14682,21740,39,22.8,0.078
14683,21740,39,39.3,0.404
14684,21740,39,32.1,0.228
14685,21740,39,28.5,0.156
14686,21740,39,49.6,0.744
14687,21740,39,26.1,0.134
14688,21740,39,42.1,0.448
14689,21740,39,35.5,0.288
14690,21740,39,38.4,0.37
14691,21740,39,33.1,0.234
14692,21740,39,29.2,0.17
14693,21740,39,51.7,0.828
14694,21740,39,35.6,0.3
14695,21740,39,31.5,0.226
14696,21740,39,44.4,0.524
14697,21740,39,41.8,0.436
14698,21740,39,28.5,0.168
14699,21740,39,29.7,0.204
14700,21740,39,33.1,0.216
14701,21740,39,38.3,0.386
14702,21740,39,32,0.192
14703,21740,39,31.2,0.192
14704,21740,39,12.7,0.012
14705,21740,39,24.8,0.106
14706,21740,39,31.5,0.246
14707,21740,39,19,0.044
17935,21740,47,35.3,0.28
17936,21740,47,27.8,0.154
17937,21740,47,31.4,0.222
17938,21740,47,28.6,0.158
17939,21740,47,30.5,0.2
17940,21740,47,29.3,0.178
17941,21740,47,37.1,0.35
17942,21740,47,22.6,0.08
17943,21740,47,32.2,0.238
17944,21740,47,31.7,0.236
17945,21740,47,31.3,0.222
17946,21740,47,35.9,0.294
17947,21740,47,30,0.192
17948,21740,47,24.2,0.086
17681,21110,47,29.8,0.248
17706,21110,47,30.3,0.264
17710,21110,47,31,0.262
17714,21110,47,29.3,0.288
17718,21110,47,28.9,0.256
17721,21110,47,30.5,0.262
17730,21110,47,27.2,0.208
17735,21110,47,28.3,0.226
17738,21110,47,27.9,0.23
17741,21110,47,30.2,0.278
17745,21110,47,30.3,0.308
17748,21110,47,30.6,0.3
17749,21110,47,28.5,0.242
17751,21110,47,28.6,0.238
17754,21110,47,28,0.192
17758,21110,47,29.9,0.312
17762,21110,47,29.9,0.28
17766,21110,47,30.2,0.258
17769,21110,47,30.4,0.252
17773,21110,47,29.5,0.24
19112,21740,53,53.5,0.956
19113,21740,53,53.8,0.847
19063,10210,53,30.8,0.358
19064,10210,53,33,0.392
19065,10210,53,32.8,0.388
19066,10210,53,33.3,0.381
19067,10210,53,26,0.207
19068,10210,53,21.6,0.121
19069,10210,53,33.8,0.464
19070,10210,53,32,0.351
19071,10210,53,32.9,0.346
19072,10210,53,30.2,0.33
20198,21740,60,52.3,0.954
20199,21740,60,49.7,0.928
20200,21740,60,48,0.644
20201,21740,60,49.6,0.806
20202,21740,60,53.4,0.984
20203,21740,60,49.7,0.92
20204,21740,60,48.9,0.736
20205,21740,60,48.8,0.772
20206,21740,60,47.7,0.636
20207,21740,60,51.5,0.786
20208,21740,60,47.2,0.624
20209,21740,60,45.5,0.68
20210,21740,60,49.1,0.716
20211,21740,60,44.5,0.59
20212,21740,60,47.4,0.602
20213,21740,60,49,0.694
20214,21740,60,53.5,0.996
20215,21740,60,46.9,0.658
20216,21740,60,50.6,0.912
20217,21740,60,49.6,0.902
20218,21740,60,52.4,0.882
20219,21740,60,53.3,1.034
20220,21740,60,47.2,0.686
20221,21740,60,52.1,0.87
20222,21740,60,48.4,0.758
20223,21740,60,53,0.84
20224,21740,60,45.7,0.558
20117,10210,60,35.8,0.484
21451,21740,66,42.3,0.496
21452,21740,66,39.3,0.593
21453,21740,66,39.2,0.356
21454,21740,66,42.3,0.5
21455,21740,66,41.9,0.47
21456,21740,66,43.9,0.555
21457,21740,66,42.6,0.46
21458,21740,66,40.5,0.42
21459,21740,66,47.6,0.643
21460,21740,66,42.3,0.449
21461,21740,66,42.5,0.424
21462,21740,66,38.8,0.35
21463,21740,66,49.1,0.678
14708,21740,39,20.2,0.054
14709,21740,39,30.4,0.198
14710,21740,39,33,0.248
14711,21740,39,24,0.108
14712,21740,39,27.8,0.144
14713,21740,39,28.5,0.162
14714,21740,39,22.4,0.068
14715,21740,39,36.6,0.3
14717,21740,39,35,0.274
14718,21740,39,33.9,0.272
14719,21740,39,36.6,0.3
14720,21740,39,33.1,0.252
14721,21740,39,36.5,0.302
14722,21740,39,31.9,0.206
14723,21740,39,23.6,0.086
14724,21740,39,14.5,0.022
14725,21740,39,23.3,0.078
14726,21740,39,22.1,0.072
14727,21740,39,20.9,0.064
15891,21740,42,35.1,0.298
15892,21740,42,36.4,0.34
15893,21740,42,35.5,0.322
15894,21740,42,37.1,0.392
15895,21740,42,35.7,0.328
15896,21740,42,36.1,0.338
15897,21740,42,34.3,0.298
15898,21740,42,37.5,0.374
15899,21740,42,34.3,0.31
15900,21740,42,37.6,0.39
15901,21740,42,36,0.388
15902,21740,42,34.2,0.276
15903,21740,42,33.2,0.244
15904,21740,42,35.1,0.306
15905,21740,42,34.6,0.278
15906,21740,42,36.6,0.326
15907,21740,42,38.2,0.398
15908,21740,42,33.9,0.31
15909,21740,42,36.1,0.318
19300,21740,54,56,1.404
19301,21740,54,50.8,0.726
19302,21740,54,53.6,0.936
19303,21740,54,51.7,0.824
19304,21740,54,55.5,0.892
20379,10210,61,37.1,0.615
20380,10210,61,32.8,0.476
21464,21740,66,40.6,0.46
21465,21740,66,42.8,0.512
21466,21740,66,45.3,0.597
21467,21740,66,45.4,0.59
21468,21740,66,43,0.506
21469,21740,66,45.1,0.543
21470,21740,66,43.2,0.488
21471,21740,66,47.9,0.575
21472,21740,66,43.9,0.533
21473,21740,66,50.2,0.619
21474,21740,66,49.8,0.704
21475,21740,66,46.9,0.599
21476,21740,66,44.5,0.537
21477,21740,66,45,0.525
21478,21740,66,36.9,0.316
21479,21740,66,40.1,0.428
21480,21740,66,44.1,0.555
21481,21740,66,38.4,0.351
21482,21740,66,48,0.623
21483,21740,66,70.4,1.954
21484,21740,66,46.9,0.598
21485,21740,66,45.1,0.514
21486,21740,66,42.8,0.47
21487,21740,66,51.4,0.732
21488,21740,66,48,0.644
21489,21740,66,41.3,0.394
21490,21740,66,49.9,0.696
21491,21740,66,43.7,0.556
23724,21740,71,39.4,0.45
23725,21740,71,34.9,0.291
23726,21740,71,42.3,0.54
23727,21740,71,34.8,0.32
23728,21740,71,35.1,0.26
23729,21740,71,40.5,0.443
23730,21740,71,38.9,0.392
23731,21740,71,37.3,0.345
23732,21740,71,39.5,0.418
23733,21740,71,47.4,0.8
23734,21740,71,42.8,0.505
23735,21740,71,39,0.392
23736,21740,71,46.5,0.616
23737,21740,71,39.1,0.409
23738,21740,71,41.3,0.49
23739,21740,71,36.9,0.313
23740,21740,71,39,0.374
23741,21740,71,37.8,0.375
23742,21740,71,36.3,0.35
23743,21740,71,33.4,0.287
23744,21740,71,36.9,0.357
13732,21740,37,34.9,0.304
13733,21740,37,38,0.352
13734,21740,37,35.7,0.33
13735,21740,37,39.8,0.386
13736,21740,37,35.6,0.29
13737,21740,37,36.4,0.332
13738,21740,37,40,0.474
13739,21740,37,37.6,0.354
13740,21740,37,33.9,0.29
15910,21740,42,33.2,0.26
15911,21740,42,39.1,0.436
15912,21740,42,35.5,0.352
15913,21740,42,32.8,0.262
15914,21740,42,36.9,0.328
15915,21740,42,39.2,0.424
15916,21740,42,35.4,0.362
15917,21740,42,36,0.362
15918,21740,42,36.7,0.338
15919,21740,42,37.7,0.38
15920,21740,42,33.1,0.252
15921,21740,42,35.5,0.288
15922,21740,42,37.3,0.382
15923,21740,42,36.6,0.362
15924,21740,42,38.2,0.376
15925,21740,42,34.3,0.292
15926,21740,42,31.6,0.258
15927,21740,42,31.6,0.25
15928,21740,42,34.7,0.32
15929,21740,42,35.6,0.32
15930,21740,42,36.8,0.388
15931,21740,42,33.9,0.282
15932,21740,42,33,0.246
15933,21740,42,32.9,0.278
15934,21740,42,37.3,0.33
15935,21740,42,32,0.244
15936,21740,42,33.9,0.312
15937,21740,42,35.7,0.356
15938,21740,42,37.7,0.38
15939,21740,42,32.2,0.262
15940,21740,42,33.2,0.286
17052,21740,45,32.6,0.262
17053,21740,45,36.4,0.346
17054,21740,45,37.1,0.379
17055,21740,45,36,0.343
17056,21740,45,35.6,0.306
17057,21740,45,36.7,0.333
17058,21740,45,38,0.376
19305,21740,54,53.2,1.172
19306,21740,54,51.1,0.988
19307,21740,54,58.7,1.298
19221,21740,54,11.7,0.011
19222,21740,54,18.4,0.042
19223,21740,54,13.3,0.018
19224,21740,54,14,0.02
19227,21740,54,12.4,0.013
19230,21740,54,14.1,0.021
19234,21740,54,11.8,0.011
19237,21740,54,12.1,0.012
19240,21740,54,12.3,0.013
19241,21740,54,13,0.014
19242,21740,54,11.5,0.01
19243,21740,54,12.3,0.014
19244,21740,54,12.4,0.013
19245,21740,54,15.1,0.023
19246,21740,54,14,0.018
19295,21740,54,13.8,0.018
19296,21740,54,13.5,0.016
19297,21740,54,14.4,0.018
19298,21740,54,15.5,0.024
19299,21740,54,13.1,0.016
19280,10210,54,30.3,0.311
19281,10210,54,33.3,0.378
19282,10210,54,32.6,0.398
19283,10210,54,33.8,0.41
19284,10210,54,28.6,0.282
19285,10210,54,32.8,0.468
19286,10210,54,34.4,0.498
19287,10210,54,35.3,0.55
19288,10210,54,29.5,0.286
19290,10210,54,30.8,0.308
19289,10210,54,35.7,0.638
19291,10210,54,31.4,0.352
19292,10210,54,34.7,0.444
19293,10210,54,30.9,0.354
19294,10210,54,32.4,0.356
20426,21740,61,48.1,0.674
20427,21740,61,51.1,0.779
20428,21740,61,50.3,0.707
20429,21740,61,51.2,0.655
20430,21740,61,50.9,0.782
20432,21740,62,60.1,1.228
20433,21740,62,48.6,0.78
20434,21740,62,52,0.786
20435,21740,62,48.1,0.684
20436,21740,62,57.4,1.21
20437,21740,62,46.2,0.612
20438,21740,62,52.2,0.832
20439,21740,62,48.5,0.636
20440,21740,62,44.8,0.6
20441,21740,62,48.7,0.702
20442,21740,62,49.4,0.776
20443,21740,62,47.1,0.616
20445,21740,62,47.9,0.656
20447,21740,62,48,0.67
20449,21740,62,46.8,0.614
20450,21740,62,49.9,0.892
20451,21740,62,48.5,0.778
21492,21740,66,36.5,0.338
21493,21740,66,45.5,0.544
21494,21740,66,48.6,0.618
21495,21740,66,42.2,0.446
21496,21740,66,43.9,0.516
21497,21740,66,37.6,0.394
21498,21740,66,44.7,0.53
21499,21740,66,41.2,0.482
21500,21740,66,40.1,0.44
21443,10260,66,24,0.13
23745,21740,71,38.3,0.387
23746,21740,71,37.3,0.356
23747,21740,71,38.1,0.391
23748,21740,71,42.6,0.544
23749,21740,71,38.9,0.413
23750,21740,71,36.3,0.336
23751,21740,71,37.8,0.362
23752,21740,71,32.7,0.257
23753,21740,71,35.8,0.349
23754,21740,71,34.6,0.314
23755,21740,71,40.7,0.462
23756,21740,71,36.8,0.318
23757,21740,71,37.5,0.34
23758,21740,71,32.9,0.265
23759,21740,71,38.4,0.357
23760,21740,71,37.4,0.349
23761,21740,71,35.2,0.329
23762,21740,71,38.8,0.379
23763,21740,71,33.8,0.301
23764,21740,71,37.3,0.341
23765,21740,71,37.7,0.338
23766,21740,71,37.2,0.326
23767,21740,71,36.5,0.337
23768,21740,71,32.8,0.262
23769,21740,71,38.4,0.358
23770,21740,71,40.1,0.428
23771,21740,71,35.4,0.293
23772,21740,71,39.3,0.413
23773,21740,71,38.8,0.41
24826,21740,75,36.6,0.356
24827,21740,75,31.3,0.231
24900,21740,75,41.5,0.516
24901,21740,75,49,0.737
24902,21740,75,40.3,0.468
24903,21740,75,45.2,0.608
24904,21740,75,36.9,0.332
24905,21740,75,47.7,0.646
24906,21740,75,40,0.339
24907,21740,75,37.9,0.303
24908,21740,75,45.7,0.689
24909,21740,75,45.9,0.581
24910,21740,75,55.4,0.84
24911,21740,75,49.8,0.834
24912,21740,75,52,0.782
24913,21740,75,43.9,0.434
24914,21740,75,48.7,0.734
24915,21740,75,52.9,0.884
24916,21740,75,42.6,0.545
24917,21740,75,55.8,1.179
24918,21740,75,51.4,0.784
24919,21740,75,43.4,0.575
24920,21740,75,41.4,0.539
13741,21740,37,34.8,0.272
13742,21740,37,38.6,0.39
13743,21740,37,30.7,0.21
13744,21740,37,33.2,0.254
13745,21740,37,30.4,0.194
13746,21740,37,37.3,0.324
13747,21740,37,30.3,0.194
13748,21740,37,32.6,0.256
13749,21740,37,36.6,0.364
13750,21740,37,38.7,0.388
13751,21740,37,38,0.396
13752,21740,37,28.6,0.152
13753,21740,37,37.6,0.356
13754,21740,37,38.4,0.404
13755,21740,37,32.9,0.24
13756,21740,37,30.3,0.186
13757,21740,37,29,0.178
13758,21740,37,35.1,0.292
13759,21740,37,29.8,0.19
13760,21740,37,39.2,0.43
13761,21740,37,28.2,0.152
13762,21740,37,34,0.286
13763,21740,37,37.5,0.38
13766,21740,37,39.7,0.388
13767,21740,37,32.4,0.228
13768,21740,37,36.1,0.336
13769,21740,37,36.6,0.302
13770,21740,37,40.6,0.458
13771,21740,37,36.1,0.318
13772,21740,37,33.3,0.262
15941,21740,42,33.7,0.264
15942,21740,42,32.1,0.254
15943,21740,42,36.6,0.342
15944,21740,42,37,0.358
17059,21740,45,32.9,0.255
17060,21740,45,32.4,0.227
17061,21740,45,37.3,0.372
17062,21740,45,37.6,0.38
17063,21740,45,38.5,0.377
17064,21740,45,34.2,0.312
17065,21740,45,36.7,0.343
17066,21740,45,34.5,0.259
17067,21740,45,36.2,0.337
17068,21740,45,36.2,0.386
17069,21740,45,35.6,0.327
17070,21740,45,35.1,0.303
17071,21740,45,36.5,0.335
17072,21740,45,34.3,0.325
17073,21740,45,36.7,0.332
17074,21740,45,31.4,0.23
17075,21740,45,37.7,0.388
17076,21740,45,39.8,0.449
17077,21740,45,36.6,0.341
17078,21740,45,35.9,0.307
17079,21740,45,36.4,0.344
17080,21740,45,35.1,0.333
17081,21740,45,36.2,0.337
17082,21740,45,35.2,0.285
17083,21740,45,30.4,0.209
17084,21740,45,36,0.301
17085,21740,45,34.8,0.316
17086,21740,45,32.5,0.256
17087,21740,45,40.9,0.506
17088,21740,45,38.1,0.385
17089,21740,45,38.1,0.389
17090,21740,45,36.1,0.361
20452,21740,62,50.3,0.676
20453,21740,62,52,0.858
20454,21740,62,50.3,0.712
24921,21740,75,41.4,0.45
24922,21740,75,53.4,0.793
24923,21740,75,55.2,0.976
24924,21740,75,41.9,0.527
24925,21740,75,50.7,0.814
24926,21740,75,42.5,0.52
24927,21740,75,36.9,0.366
24928,21740,75,49.4,0.645
24929,21740,75,37.9,0.416
13773,21740,37,27.4,0.146
13774,21740,37,34.4,0.296
13775,21740,37,32,0.234
13776,21740,37,34.2,0.26
13777,21740,37,38.9,0.392
13778,21740,37,32.4,0.242
13779,21740,37,32.7,0.224
13780,21740,37,35.5,0.332
13781,21740,37,36.3,0.34
13818,21740,37,37.5,0.324
13819,21740,37,34.6,0.266
13730,21740,37,15.8,0.024
13731,21740,37,17.3,0.032
13728,10130,37,33.4,0.373
17091,21740,45,34.9,0.292
17092,21740,45,39.1,0.377
17093,21740,45,36.4,0.325
17094,21740,45,34.5,0.302
17095,21740,45,35.9,0.321
17096,21740,45,32.1,0.238
17097,21740,45,37.6,0.355
17098,21740,45,33.8,0.295
17099,21740,45,35.4,0.316
17100,21740,45,33.2,0.278
17101,21740,45,36.5,0.363
18262,21740,48,35.8,0.32
18276,21740,48,37.5,0.351
18282,21740,48,33.5,0.236
18288,21740,48,35.9,0.3
18297,21740,48,35.2,0.267
19453,21740,55,14.2,0.021
19457,21740,55,14.2,0.02
19463,21740,55,13.9,0.019
19466,21740,55,15.1,0.027
19468,21740,55,14.3,0.02
21542,21740,67,42.7,0.522
21543,21740,67,40,0.416
21544,21740,67,35,0.279
21545,21740,67,39.1,0.415
21546,21740,67,40.4,0.407
21547,21740,67,42,0.504
21548,21740,67,39.4,0.421
21549,21740,67,37.4,0.354
21550,21740,67,34.4,0.269
21551,21740,67,45.2,0.581
21552,21740,67,43.3,0.544
21553,21740,67,40,0.452
21554,21740,67,42.5,0.448
21555,21740,67,34.8,0.271
21556,21740,67,44.5,0.505
21557,21740,67,42.3,0.508
21558,21740,67,39.4,0.375
21559,21740,67,38.8,0.426
21560,21740,67,43.8,0.471
21561,21740,67,34,0.257
22845,21740,69,47.3,0.789
22846,21740,69,36,0.323
22847,21740,69,34.7,0.265
22848,21740,69,33,0.27
23859,21740,72,37.8,0.386
23861,21740,72,36.2,0.327
23862,21740,72,37.5,0.407
23863,21740,72,37.9,0.379
23864,21740,72,39.7,0.436
23866,21740,72,40.9,0.54
23867,21740,72,40,0.378
23868,21740,72,36.7,0.396
23869,21740,72,37.1,0.375
23870,21740,72,39,0.481
23871,21740,72,39.7,0.376
23874,21740,72,34.3,0.287
23876,21740,72,38,0.407
23877,21740,72,36.9,0.338
23878,21740,72,40.6,0.409
23879,21740,72,37.1,0.35
23881,21740,72,38.9,0.444
23882,21740,72,41.5,0.492
23883,21740,72,34.2,0.32
23885,21740,72,37.2,0.355
15070,21740,40,34.2,0.279
15071,21740,40,32.3,0.238
15072,21740,40,37.4,0.374
15073,21740,40,38,0.378
15074,21740,40,32.6,0.238
15075,21740,40,34.9,0.278
15076,21740,40,33.9,0.274
15077,21740,40,33.1,0.244
15078,21740,40,38.3,0.39
15079,21740,40,37.9,0.38
15080,21740,40,34.9,0.3
15081,21740,40,34.9,0.306
15082,21740,40,41.3,0.496
15083,21740,40,30,0.202
15084,21740,40,33.7,0.254
18306,21740,48,19.4,0.049
18313,21740,48,41.4,0.41
18319,21740,48,44.9,0.613
18328,21740,48,37.8,0.331
18337,21740,48,22.2,0.082
18351,21740,48,38.9,0.368
18352,21740,48,37.7,0.354
18353,21740,48,34.8,0.29
18354,21740,48,36.5,0.316
18355,21740,48,38.5,0.388
18356,21740,48,38.3,0.386
18357,21740,48,34.6,0.258
18358,21740,48,30.9,0.208
18359,21740,48,37.4,0.356
18360,21740,48,35.8,0.268
18361,21740,48,31,0.188
18362,21740,48,23.5,0.084
19471,21740,55,13.5,0.015
19476,21740,55,14,0.019
19478,21740,55,13.2,0.016
19481,21740,55,13.4,0.015
19483,21740,55,13.6,0.019
19486,21740,55,18.4,0.047
19489,21740,55,14,0.02
19493,21740,55,14.4,0.021
19500,21740,55,14.4,0.02
19503,21740,55,13,0.015
19507,21740,55,18.1,0.04
19508,21740,55,19.7,0.058
19509,21740,55,12.8,0.012
19510,21740,55,12,0.011
19511,21740,55,12.9,0.014
19512,21740,55,56.7,0.966
19513,21740,55,27.4,0.139
19514,21740,55,48.1,0.952
19515,21740,55,44.9,0.494
19516,21740,55,52.4,0.94
19517,21740,55,52.2,0.985
19518,21740,55,29.6,0.162
19519,21740,55,33.2,0.27
19520,21740,55,35,0.248
19521,21740,55,49.6,0.873
19522,21740,55,46.7,0.705
20700,21740,62,50.4,0.73
20701,21740,62,55.9,1.082
20702,21740,62,51.2,0.77
20703,21740,62,43.9,0.584
20704,21740,62,50.2,0.774
20705,21740,62,45.4,0.574
20706,21740,62,51.3,0.748
20707,21740,62,45.2,0.588
20708,21740,62,49.9,0.674
20709,21740,62,49.6,0.724
20710,21740,62,46.9,0.69
20711,21740,62,49.3,0.65
20712,21740,62,57.2,1.144
20713,21740,62,48.6,0.76
20714,21740,62,50.7,0.768
20715,21740,62,45.4,0.566
22849,21740,69,35.6,0.325
22850,21740,69,51.2,0.685
22851,21740,69,33.3,0.273
22852,21740,69,31.9,0.236
22853,21740,69,34.6,0.272
22854,21740,69,32.4,0.228
22855,21740,69,33.1,0.266
22856,21740,69,30.3,0.186
22857,21740,69,36,0.345
22858,21740,69,34.4,0.29
22859,21740,69,31.8,0.222
22860,21740,69,31.9,0.248
22861,21740,69,29.2,0.202
22862,21740,69,33.6,0.258
22863,21740,69,30.7,0.192
22864,21740,69,33.1,0.256
22865,21740,69,30.9,0.214
22866,21740,69,32.2,0.22
22867,21740,69,36.8,0.382
22868,21740,69,35,0.296
22869,21740,69,30.4,0.228
22870,21740,69,33.3,0.252
22871,21740,69,35.5,0.292
22872,21740,69,37,0.316
22873,21740,69,33,0.246
22874,21740,69,36.7,0.322
22875,21740,69,30.7,0.196
22876,21740,69,31.6,0.178
22877,21740,69,34.4,0.26
22878,21740,69,28.7,0.15
22879,21740,69,32.4,0.214
12925,21740,35,38.3,0.388
15085,21740,40,32,0.228
15086,21740,40,35.1,0.272
15087,21740,40,30.4,0.21
15088,21740,40,34.3,0.28
15089,21740,40,32.9,0.242
15090,21740,40,31.9,0.216
15091,21740,40,35.5,0.298
15092,21740,40,34.4,0.258
15093,21740,40,36.7,0.302
15094,21740,40,34.7,0.282
15095,21740,40,38,0.364
15096,21740,40,34.5,0.286
15097,21740,40,37.4,0.34
15098,21740,40,29.7,0.2
15099,21740,40,34.9,0.312
15100,21740,40,35.7,0.342
15101,21740,40,35,0.324
15102,21740,40,29.5,0.198
15103,21740,40,36.4,0.328
15104,21740,40,31.3,0.216
15105,21740,40,32.6,0.242
15106,21740,40,29.3,0.178
15107,21740,40,33.4,0.262
15108,21740,40,34.8,0.296
15109,21740,40,32.6,0.262
15110,21740,40,36.3,0.324
15111,21740,40,35.2,0.31
15112,21740,40,34.9,0.276
15113,21740,40,30.3,0.218
15114,21740,40,35.8,0.308
15115,21740,40,35.4,0.318
18363,21740,48,35.9,0.3
18364,21740,48,35.6,0.292
18365,21740,48,37.6,0.348
18366,21740,48,34.8,0.258
18367,21740,48,34,0.238
18368,21740,48,49.4,0.9
18369,21740,48,30.7,0.2
18370,21740,48,22.8,0.074
18371,21740,48,22.6,0.078
18372,21740,48,29,0.172
18373,21740,48,36.4,0.306
18374,21740,48,28.6,0.164
18375,21740,48,34.4,0.294
18376,21740,48,35.2,0.274
18377,21740,48,32.6,0.236
18378,21740,48,34.6,0.268
18379,21740,48,32.2,0.224
18380,21740,48,33.2,0.226
18381,21740,48,36.7,0.314
18382,21740,48,40.2,0.378
18383,21740,48,32.4,0.224
18384,21740,48,36.4,0.328
18385,21740,48,28.3,0.12
18386,21740,48,35.2,0.282
18387,21740,48,34,0.268
18388,21740,48,35.8,0.32
18389,21740,48,40.8,0.452
18390,21740,48,34.5,0.28
18391,21740,48,33.3,0.254
18392,21740,48,34.4,0.27
18393,21740,48,35.8,0.276
18394,21740,48,33.9,0.254
19523,21740,55,50.4,0.531
19393,10210,55,33.7,0.42
19394,10210,55,37.4,0.67
19395,10210,55,32.4,0.344
19396,10210,55,24.5,0.162
19397,10210,55,33.8,0.546
20716,21740,62,52.5,0.87
20717,21740,62,45.6,0.564
20718,21740,62,50.9,0.744
20719,21740,62,44.1,0.566
20720,21740,62,46.7,0.496
20721,21740,62,50.8,0.764
20722,21740,62,49.2,0.638
20723,21740,62,47.9,0.618
20724,21740,62,51.3,0.766
20725,21740,62,49.6,0.652
20726,21740,62,57.4,1.036
20727,21740,62,52.8,0.986
20728,21740,62,45.7,0.558
20729,21740,62,48.4,0.682
20444,10210,62,38.5,1.776
20446,10210,62,38.6,1.774
20448,10210,62,40.8,2.022
22880,21740,69,33.3,0.286
22881,21740,69,30.1,0.186
22882,21740,69,31.8,0.23
22883,21740,69,31.6,0.21
22884,21740,69,34.1,0.258
22885,21740,69,34,0.3
22886,21740,69,34.1,0.282
22887,21740,69,35.2,0.284
22888,21740,69,33.4,0.27
22889,21740,69,30.3,0.198
22890,21740,69,29.7,0.176
22891,21740,69,33.7,0.262
22892,21740,69,32.9,0.25
22893,21740,69,34.2,0.28
22894,21740,69,31.8,0.236
12926,21740,35,39.1,0.458
12927,21740,35,34.1,0.292
12928,21740,35,37,0.328
12929,21740,35,37.4,0.35
12930,21740,35,37.9,0.396
12931,21740,35,37.6,0.372
12932,21740,35,37,0.388
12933,21740,35,39.4,0.458
12934,21740,35,38.4,0.372
12935,21740,35,40.7,0.528
12936,21740,35,39.5,0.43
12937,21740,35,39.2,0.386
12938,21740,35,35.3,0.312
12939,21740,35,35.7,0.344
12940,21740,35,37.6,0.338
12941,21740,35,36.6,0.342
12942,21740,35,36.4,0.316
12943,21740,35,44.5,0.64
12944,21740,35,37.7,0.358
12945,21740,35,35.6,0.314
12946,21740,35,36.2,0.344
12947,21740,35,34.4,0.312
12948,21740,35,36,0.32
12949,21740,35,37.4,0.34
12950,21740,35,39.1,0.384
12951,21740,35,38.1,0.382
12952,21740,35,36.3,0.334
12953,21740,35,33.1,0.28
12954,21740,35,38.6,0.43
12955,21740,35,42.4,0.538
12956,21740,35,34.3,0.29
15116,21740,40,30.5,0.196
15117,21740,40,29.7,0.182
15118,21740,40,31.4,0.218
15119,21740,40,33.4,0.264
16253,21740,43,36.3,0.38
16254,21740,43,36.9,0.376
16255,21740,43,40.6,0.492
16256,21740,43,38.5,0.398
16257,21740,43,37.8,0.432
16258,21740,43,39.9,0.466
16259,21740,43,40.6,0.48
16260,21740,43,37.6,0.394
16261,21740,43,37.3,0.366
16262,21740,43,38,0.398
16263,21740,43,37.5,0.384
16264,21740,43,39.5,0.418
16265,21740,43,42.2,0.488
16266,21740,43,40.8,0.482
16267,21740,43,39.4,0.396
16268,21740,43,37.9,0.406
16269,21740,43,37.6,0.396
16270,21740,43,38.2,0.356
16271,21740,43,37.8,0.356
18395,21740,48,34.6,0.278
18396,21740,48,23.5,0.086
18397,21740,48,36.4,0.346
18398,21740,48,30,0.184
18399,21740,48,33.7,0.254
18400,21740,48,29.3,0.16
18052,21110,48,27.6,0.186
18055,21110,48,27.5,0.2
18058,21110,48,28.9,0.256
18061,21110,48,28.1,0.234
18064,21110,48,27.3,0.228
18350,21740,48,66.9,1.848
19608,21740,56,53,0.78
19609,21740,56,53.6,0.836
19610,21740,56,41.8,0.558
19611,21740,56,54.5,1.01
19612,21740,56,55.7,0.942
19604,21740,56,15.1,0.02
19605,21740,56,13.5,0.016
19606,21740,56,13.8,0.018
19607,21740,56,13.7,0.016
20736,21740,63,46.5,0.585
20737,21740,63,51.3,0.89
20738,21740,63,44.8,0.528
20739,21740,63,49.3,0.673
20740,21740,63,46,0.63
20741,21740,63,46.5,0.53
20742,21740,63,42.9,0.48
20743,21740,63,48.6,0.633
20744,21740,63,48.7,0.747
20745,21740,63,50.6,0.752
20746,21740,63,48.9,0.742
20747,21740,63,47.6,0.619
20748,21740,63,49.6,0.759
20749,21740,63,47.2,0.596
20750,21740,63,47.7,0.611
20751,21740,63,47.5,0.663
20752,21740,63,48.1,0.692
20753,21740,63,48.9,0.666
20754,21740,63,44.7,0.514
20755,21740,63,46.6,0.616
21896,21740,67,37.9,0.366
22927,21740,70,38.5,0.354
22928,21740,70,32.7,0.23
22929,21740,70,35.8,0.296
22930,21740,70,31.7,0.22
22931,21740,70,34.3,0.268
22932,21740,70,32,0.21
22933,21740,70,37.9,0.363
22934,21740,70,36.9,0.374
22935,21740,70,26.9,0.128
22937,21740,70,37.9,0.342
22938,21740,70,36.4,0.346
22939,21740,70,34.2,0.256
22940,21740,70,40.9,0.463
22941,21740,70,37.1,0.345
22942,21740,70,27.4,0.144
22943,21740,70,31.2,0.208
22944,21740,70,42.7,0.502
22945,21740,70,34.1,0.287
22946,21740,70,30.2,0.197
22949,21740,70,34.2,0.276
24177,21740,72,35.4,0.323
24178,21740,72,37.4,0.361
24179,21740,72,37.7,0.341
24180,21740,72,38.4,0.436
24181,21740,72,39.2,0.42
24182,21740,72,41,0.462
12957,21740,35,37.3,0.342
12958,21740,35,38.3,0.368
12959,21740,35,38.4,0.382
12960,21740,35,38.7,0.42
12961,21740,35,37.6,0.338
12962,21740,35,37.8,0.386
12963,21740,35,38.1,0.348
12964,21740,35,41.2,0.458
12965,21740,35,36.8,0.376
12966,21740,35,35.8,0.332
12967,21740,35,36.6,0.384
12968,21740,35,37.4,0.372
12969,21740,35,39.2,0.456
12970,21740,35,37.1,0.36
12971,21740,35,37.9,0.412
12972,21740,35,37.5,0.348
12973,21740,35,33.4,0.256
12974,21740,35,35.5,0.302
14138,21740,38,35.8,0.3
14139,21740,38,35.3,0.264
14140,21740,38,31.1,0.21
14141,21740,38,36.8,0.332
14142,21740,38,31.2,0.208
14143,21740,38,37.4,0.332
14144,21740,38,28.5,0.15
14145,21740,38,34.8,0.304
14146,21740,38,33.8,0.278
14147,21740,38,37.1,0.326
14148,21740,38,35.4,0.336
14149,21740,38,35.7,0.292
14150,21740,38,34.8,0.272
14151,21740,38,28.7,0.174
14152,21740,38,46.8,0.57
14153,21740,38,48.8,0.646
16272,21740,43,39.3,0.434
16273,21740,43,35.9,0.318
16274,21740,43,36.4,0.346
16275,21740,43,37.9,0.428
16276,21740,43,38,0.416
16277,21740,43,36.4,0.31
16278,21740,43,37.8,0.372
16280,21740,43,36.7,0.33
16281,21740,43,40.6,0.426
16282,21740,43,40.7,0.464
16283,21740,43,41,0.53
16284,21740,43,36.1,0.388
16285,21740,43,38.3,0.446
16286,21740,43,36.6,0.348
16287,21740,43,38.4,0.376
16288,21740,43,37,0.384
16289,21740,43,37.9,0.374
16290,21740,43,43.2,0.512
16291,21740,43,37.2,0.33
16292,21740,43,37.7,0.4
16293,21740,43,36.7,0.372
16294,21740,43,38,0.402
16295,21740,43,35.5,0.306
16296,21740,43,38.6,0.402
16297,21740,43,36.1,0.356
16298,21740,43,34.8,0.334
16299,21740,43,40.5,0.48
16300,21740,43,40.6,0.512
16301,21740,43,36.9,0.324
16302,21740,43,40.4,0.424
16303,21740,43,38.2,0.374
17448,21740,46,31.7,0.238
17449,21740,46,35.3,0.304
17450,21740,46,35.4,0.31
17451,21740,46,29.7,0.18
17452,21740,46,30.4,0.224
17453,21740,46,33.9,0.282
17454,21740,46,36.3,0.32
17455,21740,46,30.6,0.164
17456,21740,46,37.2,0.338
17457,21740,46,33.7,0.25
17458,21740,46,35,0.338
17459,21740,46,30.1,0.198
17460,21740,46,34,0.274
17461,21740,46,35.7,0.298
17462,21740,46,31.5,0.262
17463,21740,46,33.6,0.272
17464,21740,46,30.1,0.212
17465,21740,46,36.8,0.356
17466,21740,46,32.5,0.24
17467,21740,46,35.1,0.306
17468,21740,46,34,0.264
17469,21740,46,33.9,0.25
17470,21740,46,34.4,0.308
17471,21740,46,22.9,0.074
17472,21740,46,29.7,0.198
17473,21740,46,37.7,0.31
17474,21740,46,37.1,0.35
18572,21740,49,13.1,0.018
18573,21740,49,14.6,0.024
18574,21740,49,15.9,0.035
18575,21740,49,12.8,0.017
18576,21740,49,55.3,0.761
19694,10210,57,33.8,0.465
19695,10210,57,24.3,0.149
19696,10210,57,36.1,0.547
19697,10210,57,33.2,0.376
19698,10210,57,33.4,0.418
19699,10210,57,34.7,0.477
19700,10210,57,35.5,0.495
19701,10210,57,34.7,0.501
19780,21740,57,58.5,1.045
19788,21740,57,56.4,0.724
21897,21740,67,40.5,0.434
21898,21740,67,39.7,0.386
21899,21740,67,49.8,0.728
21900,21740,67,50.4,0.712
21901,21740,67,46.3,0.582
21902,21740,67,39.7,0.38
21904,21740,67,41.7,0.414
21905,21740,67,43.7,0.556
21906,21740,67,41.1,0.442
21907,21740,67,38.3,0.37
21908,21740,67,37.5,0.356
21909,21740,67,33.7,0.288
21910,21740,67,42.7,0.452
21911,21740,67,40.8,0.48
21912,21740,67,39.2,0.414
21913,21740,67,40.6,0.426
21914,21740,67,41.3,0.42
21915,21740,67,38.7,0.4
21916,21740,67,47.3,0.596
21917,21740,67,36.1,0.31
21918,21740,67,35.7,0.312
21919,21740,67,37.9,0.372
21920,21740,67,39.7,0.416
21921,21740,67,34.4,0.288
21922,21740,67,34.8,0.266
21923,21740,67,38.9,0.37
21924,21740,67,40.8,0.428
24183,21740,72,43.9,0.576
24184,21740,72,34.4,0.303
24185,21740,72,37.9,0.381
24186,21740,72,38.4,0.413
24187,21740,72,39.2,0.404
24188,21740,72,37.8,0.399
24189,21740,72,36.3,0.331
24190,21740,72,38.3,0.397
24191,21740,72,40.1,0.444
24192,21740,72,39.6,0.49
24193,21740,72,37.5,0.439
24194,21740,72,37.8,0.427
24195,21740,72,36.8,0.326
24196,21740,72,35.7,0.344
24197,21740,72,35.9,0.316
24198,21740,72,40.8,0.505
24199,21740,72,38.4,0.428
24200,21740,72,39.8,0.511
24201,21740,72,36.8,0.406
24202,21740,72,39.3,0.439
24203,21740,72,34.5,0.312
24204,21740,72,35,0.299
24205,21740,72,36.3,0.339
24206,21740,72,38.5,0.407
14154,21740,38,30.9,0.21
14155,21740,38,33.2,0.258
14156,21740,38,36.8,0.354
14157,21740,38,34.5,0.296
14158,21740,38,37.3,0.346
14159,21740,38,36.7,0.35
14160,21740,38,29.7,0.186
14161,21740,38,31.8,0.222
14162,21740,38,30.7,0.208
14163,21740,38,28.6,0.18
14164,21740,38,35.7,0.306
14165,21740,38,33.8,0.25
14166,21740,38,36.4,0.332
14167,21740,38,34.4,0.274
14168,21740,38,40.8,0.412
14169,21740,38,34,0.292
14170,21740,38,37.2,0.356
14171,21740,38,36.2,0.306
14172,21740,38,36,0.312
14173,21740,38,35,0.306
14174,21740,38,49.1,0.744
14175,21740,38,30.3,0.198
14176,21740,38,34.1,0.252
14177,21740,38,39.1,0.378
14178,21740,38,31.3,0.196
14179,21740,38,30.9,0.204
14180,21740,38,33.7,0.244
14181,21740,38,38.7,0.334
14182,21740,38,32.8,0.238
14183,21740,38,28.3,0.166
14184,21740,38,37.9,0.386
17475,21740,46,31.7,0.214
17476,21740,46,35.4,0.288
17477,21740,46,32.7,0.254
17478,21740,46,36.5,0.338
17479,21740,46,36,0.284
17480,21740,46,29.2,0.188
17481,21740,46,23.9,0.11
17482,21740,46,34.2,0.302
17483,21740,46,33.8,0.268
17484,21740,46,29.8,0.186
17485,21740,46,33.9,0.276
17486,21740,46,29.2,0.184
17487,21740,46,37.6,0.344
17488,21740,46,28.1,0.176
17489,21740,46,30.3,0.198
17490,21740,46,33.1,0.258
17491,21740,46,33.3,0.248
17492,21740,46,33.7,0.252
17493,21740,46,30,0.19
17494,21740,46,29.3,0.194
17495,21740,46,33.1,0.236
17496,21740,46,32.6,0.246
17497,21740,46,34.5,0.27
18467,10210,49,25,0.18
18468,10210,49,30.5,0.305
18469,10210,49,26.6,0.239
18472,10210,49,33.5,0.408
18475,10210,49,25.3,0.178
18478,10210,49,23.3,0.152
18480,10210,49,23.4,0.151
18484,10210,49,23.4,0.151
18487,10210,49,32.1,0.425
18492,10210,49,34.3,0.552
18495,10210,49,27.5,0.252
18497,10210,49,24.2,0.174
18501,10210,49,22.5,0.138
18504,10210,49,24.4,0.174
18509,10210,49,25.5,0.2
18513,10210,49,23.4,0.138
18516,10210,49,24.6,0.164
20931,21740,63,48.2,0.678
20932,21740,63,51.7,0.833
20933,21740,63,46.3,0.566
20934,21740,63,46.2,0.674
20935,21740,63,47.2,0.664
20936,21740,63,47,0.553
20937,21740,63,48.3,0.632
20938,21740,63,46.5,0.56
20939,21740,63,45.5,0.586
20940,21740,63,48.8,0.599
20941,21740,63,44.1,0.555
20942,21740,63,47,0.569
20943,21740,63,47.6,0.673
20944,21740,63,47.7,0.661
20945,21740,63,47,0.634
20946,21740,63,47.6,0.635
20947,21740,63,45.3,0.613
20948,21740,63,45,0.537
20949,21740,63,47.7,0.763
20950,21740,63,45,0.542
20951,21740,63,51.2,0.788
20952,21740,63,48.8,0.707
20953,21740,63,50.6,0.822
20954,21740,63,46.3,0.596
20955,21740,63,46.3,0.584
20956,21740,63,50.3,0.804
20957,21740,63,45.3,0.565
20958,21740,63,45.9,0.588
21925,21740,67,43.6,0.568
21926,21740,67,42.3,0.466
