survey,haul_id,latitude,longitude,lla,utm,x,y
202207,MACE-1-30,60.87731,-174.857715,"LLA(lat=60.87731000°, lon=-174.857715000°, alt=0.0)","UTM(-33819.862591461627744, 6789384.5436667688, 0.0)",-33.81986259146163,6789.384543666769
202207,MACE-1-33,59.2925533333,-175.72934,"LLA(lat=59.29255333°, lon=-175.729340000°, alt=0.0)","UTM(-109464.539193438715301, 6621911.7401215741, 0.0)",-109.46453919343871,6621.911740121574
202207,MACE-1-34,59.026995,-175.651246667,"LLA(lat=59.02699500°, lon=-175.651246667°, alt=0.0)","UTM(-109788.983002947061323, 6591871.0004598266, 0.0)",-109.78898300294706,6591.871000459827
202207,MACE-1-35,58.6499266667,-176.819046667,"LLA(lat=58.64992667°, lon=-176.819046667°, alt=0.0)","UTM(-183654.804078160785139, 6561621.6815851005, 0.0)",-183.6548040781608,6561.6216815851
202207,MACE-1-22,57.6700166667,-172.752346667,"LLA(lat=57.67001667°, lon=-172.752346667°, alt=0.0)","UTM(38163.861571173882112, 6418437.3865801292, 0.0)",38.16386157117388,6418.437386580129
202207,MACE-1-23,57.4183233333,-172.6928,"LLA(lat=57.41832333°, lon=-172.692800000°, alt=0.0)","UTM(38520.626951011829078, 6390120.1994631784, 0.0)",38.52062695101183,6390.120199463178
202207,MACE-1-70,59.8332333333,-176.294998333,"LLA(lat=59.83323333°, lon=-176.294998333°, alt=0.0)","UTM(-131128.592524684616365, 6686886.3395419689, 0.0)",-131.12859252468462,6686.8863395419685
202207,MACE-1-71,59.0381016667,-174.788951667,"LLA(lat=59.03810167°, lon=-174.788951667°, alt=0.0)","UTM(-60480.962751114158891, 6585504.8593356470, 0.0)",-60.480962751114156,6585.504859335647
202207,MACE-1-73,57.5560916667,-172.143133333,"LLA(lat=57.55609167°, lon=-172.143133333°, alt=0.0)","UTM(73034.406772596761584, 6401797.2251006784, 0.0)",73.03440677259677,6401.797225100679
202207,MACE-1-75,57.0883633333,-171.322443333,"LLA(lat=57.08836333°, lon=-171.322443333°, alt=0.0)","UTM(117155.102875529846642, 6344983.8589464230, 0.0)",117.15510287552985,6344.983858946423
202207,MACE-1-4,56.1578716667,-165.19191,"LLA(lat=56.15787167°, lon=-165.191910000°, alt=0.0)","UTM(488079.837901295803022, 6223667.0832980750, 0.0)",488.0798379012958,6223.667083298075
202207,MACE-1-5,55.0010866667,-165.13937,"LLA(lat=55.00108667°, lon=-165.139370000°, alt=0.0)","UTM(491084.949693494651001, 6094921.2262013825, 0.0)",491.08494969349465,6094.9212262013825
202207,MACE-1-10,56.76146,-167.652056667,"LLA(lat=56.76146000°, lon=-167.652056667°, alt=0.0)","UTM(337886.911143934237771, 6293972.2228799956, 0.0)",337.88691114393424,6293.972222879996
202207,MACE-1-11,56.0934133333,-167.591691667,"LLA(lat=56.09341333°, lon=-167.591691667°, alt=0.0)","UTM(338772.695433448418044, 6219503.5149712339, 0.0)",338.7726954334484,6219.503514971234
202207,MACE-1-67,61.0671483333,-175.723593333,"LLA(lat=61.06714833°, lon=-175.723593333°, alt=0.0)","UTM(-76959.634098116075620, 6817723.7834773427, 0.0)",-76.95963409811607,6817.723783477342
202207,MACE-1-74,57.3092883333,-171.708545,"LLA(lat=57.30928833°, lon=-171.708545000°, alt=0.0)","UTM(96242.823105287505314, 6371744.4672734058, 0.0)",96.2428231052875,6371.7444672734055
202207,MACE-1-18,59.1574866667,-171.771891667,"LLA(lat=59.15748667°, lon=-171.771891667°, alt=0.0)","UTM(113146.180008575844113, 6577251.8496617097, 0.0)",113.14618000857584,6577.2518496617095
202207,MACE-1-19,59.0647033333,-173.06413,"LLA(lat=59.06470333°, lon=-173.064130000°, alt=0.0)","UTM(38289.668866043386515, 6575197.2662066277, 0.0)",38.289668866043385,6575.197266206627
202207,MACE-1-20,58.5885883333,-172.964881667,"LLA(lat=58.58858833°, lon=-172.964881667°, alt=0.0)","UTM(37636.723402288102079, 6521738.5488561857, 0.0)",37.636723402288105,6521.738548856186
202207,MACE-1-29,60.2718883333,-174.695956667,"LLA(lat=60.27188833°, lon=-174.695956667°, alt=0.0)","UTM(-35065.153763946611434, 6721147.0914368574, 0.0)",-35.06515376394661,6721.147091436857
202207,MACE-1-12,55.7363933333,-168.730425,"LLA(lat=55.73639333°, lon=-168.730425000°, alt=0.0)","UTM(265820.995075207436457, 6183045.6369949812, 0.0)",265.82099507520746,6183.045636994982
202207,MACE-1-17,57.7782266667,-171.515938333,"LLA(lat=57.77822667°, lon=-171.515938333°, alt=0.0)","UTM(112831.103815478272736, 6422676.2346363161, 0.0)",112.83110381547827,6422.676234636316
202207,MACE-1-9,57.1695516667,-167.688335,"LLA(lat=57.16955167°, lon=-167.688335000°, alt=0.0)","UTM(337457.340522454411257, 6339465.0272390572, 0.0)",337.4573405224544,6339.465027239057
202207,MACE-1-16,56.70224,-171.31907,"LLA(lat=56.70224000°, lon=-171.319070000°, alt=0.0)","UTM(113381.853312897961587, 6302090.2198178601, 0.0)",113.38185331289796,6302.09021981786
202207,MACE-1-72,58.14924,-173.181085,"LLA(lat=58.14924000°, lon=-173.181085000°, alt=0.0)","UTM(19164.832871868798975, 6474562.6781325517, 0.0)",19.1648328718688,6474.562678132552
202207,MACE-1-42,59.91256,-178.581898333,"LLA(lat=59.91256000°, lon=-178.581898333°, alt=0.0)","UTM(-255979.646233488689177, 6719752.2989557572, 0.0)",-255.9796462334887,6719.752298955757
202207,MACE-1-44,59.751285,-177.838075,"LLA(lat=59.75128500°, lon=-177.838075000°, alt=0.0)","UTM(-218437.269101454410702, 6693684.7585633602, 0.0)",-218.4372691014544,6693.68475856336
202207,MACE-1-38,60.19364,-177.360716667,"LLA(lat=60.19364000°, lon=-177.360716667°, alt=0.0)","UTM(-182701.008562797214836, 6737248.9063252294, 0.0)",-182.70100856279723,6737.24890632523
202207,MACE-1-13,56.3187833333,-168.824898333,"LLA(lat=56.31878333°, lon=-168.824898333°, alt=0.0)","UTM(263484.407555678044446, 6248133.5179875232, 0.0)",263.48440755567805,6248.133517987523
202207,MACE-1-15,57.4120816667,-170.20473,"LLA(lat=57.41208167°, lon=-170.204730000°, alt=0.0)","UTM(187507.406659851782024, 6375230.3292235527, 0.0)",187.5074066598518,6375.230329223553
202207,MACE-1-31,61.367825,-176.390025,"LLA(lat=61.36782500°, lon=-176.390025000°, alt=0.0)","UTM(-106716.956288266344927, 6856945.4526241971, 0.0)",-106.71695628826635,6856.945452624197
202207,MACE-1-32,60.5620883333,-176.139951667,"LLA(lat=60.56208833°, lon=-176.139951667°, alt=0.0)","UTM(-108784.800710465293378, 6765796.0769845396, 0.0)",-108.78480071046529,6765.7960769845395
202207,MACE-1-68,60.541165,-177.212945,"LLA(lat=60.54116500°, lon=-177.212945000°, alt=0.0)","UTM(-167407.933661971590482, 6773966.6640255880, 0.0)",-167.40793366197158,6773.966664025588
202207,MACE-1-69,60.2234933333,-176.987793333,"LLA(lat=60.22349333°, lon=-176.987793333°, alt=0.0)","UTM(-161656.443957554642111, 6736710.0665891748, 0.0)",-161.65644395755464,6736.710066589175
202207,MACE-1-14,56.8866866667,-168.89708,"LLA(lat=56.88668667°, lon=-168.897080000°, alt=0.0)","UTM(262615.431954128667712, 6311538.6449049339, 0.0)",262.61543195412867,6311.538644904934
202207,MACE-1-25,57.5153833333,-173.963803333,"LLA(lat=57.51538333°, lon=-173.963803333°, alt=0.0)","UTM(-36049.313112296862528, 6410243.7653700821, 0.0)",-36.049313112296865,6410.243765370082
202207,MACE-1-21,58.5546866667,-172.94195,"LLA(lat=58.55468667°, lon=-172.941950000°, alt=0.0)","UTM(38516.602144929114729, 6517822.2553455504, 0.0)",38.51660214492912,6517.822255345551
202207,MACE-1-37,60.134085,-177.335285,"LLA(lat=60.13408500°, lon=-177.335285000°, alt=0.0)","UTM(-182550.869400515570305, 6730430.5913524097, 0.0)",-182.55086940051558,6730.4305913524095
202207,MACE-1-45,60.0757933333,-177.962906667,"LLA(lat=60.07579333°, lon=-177.962906667°, alt=0.0)","UTM(-218258.292877588071860, 6730724.7370649083, 0.0)",-218.25829287758808,6730.724737064908
202207,MACE-1-41,60.2623683333,-178.688626667,"LLA(lat=60.26236833°, lon=-178.688626667°, alt=0.0)","UTM(-253758.201894235331565, 6759373.3499726206, 0.0)",-253.75820189423533,6759.37334997262
202207,MACE-1-36,59.133655,-176.980295,"LLA(lat=59.13365500°, lon=-176.980295000°, alt=0.0)","UTM(-183234.011855866992846, 6616591.6912437221, 0.0)",-183.23401185586698,6616.591691243722
202207,MACE-1-2,55.4778816667,-163.980983333,"LLA(lat=55.47788167°, lon=-163.980983333°, alt=0.0)","UTM(564406.762329144286923, 6148443.6212909138, 0.0)",564.4067623291443,6148.443621290914
202207,MACE-1-7,56.2310566667,-166.38441,"LLA(lat=56.23105667°, lon=-166.384410000°, alt=0.0)","UTM(414176.402212065353524, 6232658.0455014789, 0.0)",414.17640221206534,6232.658045501479
202207,MACE-1-1,56.5442033333,-162.774665,"LLA(lat=56.54420333°, lon=-162.774665000°, alt=0.0)","UTM(636819.237536304863170, 6268867.8344634222, 0.0)",636.8192375363049,6268.867834463422
202207,MACE-1-3,55.4613033333,-163.988528333,"LLA(lat=55.46130333°, lon=-163.988528333°, alt=0.0)","UTM(563956.733098763390444, 6146591.7980895601, 0.0)",563.9567330987634,6146.59179808956
202207,MACE-1-26,58.3744,-174.182205,"LLA(lat=58.37440000°, lon=-174.182205000°, alt=0.0)","UTM(-36034.583404178498313, 6507090.0817102324, 0.0)",-36.0345834041785,6507.090081710232
202207,MACE-1-27,58.7857966667,-174.308311667,"LLA(lat=58.78579667°, lon=-174.308311667°, alt=0.0)","UTM(-36998.931674470193684, 6553633.4258190580, 0.0)",-36.99893167447019,6553.633425819058
202207,MACE-1-28,59.3304716667,-174.448578333,"LLA(lat=59.33047167°, lon=-174.448578333°, alt=0.0)","UTM(-36455.693991780281067, 6615028.8796521993, 0.0)",-36.45569399178028,6615.028879652199
202207,MACE-1-8,56.6191666667,-166.407058333,"LLA(lat=56.61916667°, lon=-166.407058333°, alt=0.0)","UTM(413656.417911286465824, 6275880.0090739019, 0.0)",413.65641791128644,6275.880009073902
202207,MACE-1-40,60.6217566667,-178.873315,"LLA(lat=60.62175667°, lon=-178.873315000°, alt=0.0)","UTM(-255357.278233247809112, 6800928.2727603735, 0.0)",-255.3572782332478,6800.928272760373
202207,MACE-1-39,60.66989,-177.539858333,"LLA(lat=60.66989000°, lon=-177.539858333°, alt=0.0)","UTM(-182380.587667613057420, 6791507.5712623354, 0.0)",-182.38058766761307,6791.507571262336
202207,MACE-1-46,60.4165683333,-178.093581667,"LLA(lat=60.41656833°, lon=-178.093581667°, alt=0.0)","UTM(-217873.807398091536015, 6769603.3852304509, 0.0)",-217.87380739809154,6769.603385230451
202207,MACE-1-6,54.6335683333,-165.15414,"LLA(lat=54.63356833°, lon=-165.154140000°, alt=0.0)","UTM(490050.239627850882243, 6054027.4230125817, 0.0)",490.0502396278509,6054.0274230125815
202207,MACE-1-24,57.2406333333,-172.655425,"LLA(lat=57.24063333°, lon=-172.655425000°, alt=0.0)","UTM(38527.264242321136408, 6370159.9148194296, 0.0)",38.52726424232114,6370.15991481943
202207,MACE-1-43,58.7525666667,-177.47152,"LLA(lat=58.75256667°, lon=-177.471520000°, alt=0.0)","UTM(-218986.504277077270672, 6579809.1514771683, 0.0)",-218.98650427707727,6579.809151477169
202207,MACE-1-47,60.9384066667,-178.292915,"LLA(lat=60.93840667°, lon=-178.292915000°, alt=0.0)","UTM(-216898.219025340280496, 6829102.0569008002, 0.0)",-216.89821902534027,6829.102056900801
202207,MACE-1-48,61.161705,-177.628131667,"LLA(lat=61.16170500°, lon=-177.628131667°, alt=0.0)","UTM(-176556.997670876677148, 6846500.1574769914, 0.0)",-176.55699767087668,6846.500157476991
202207,GAP-94-19,57.01258,-161.56909,"LLA(lat=57.01258000°, lon=-161.569090000°, alt=0.0)","UTM(708299.482087107608095, 6324019.9286666131, 0.0)",708.2994820871077,6324.019928666613
202207,GAP-94-20,56.69727,-161.59051,"LLA(lat=56.69727000°, lon=-161.590510000°, alt=0.0)","UTM(708749.204889016458765, 6288881.7533426201, 0.0)",708.7492048890165,6288.88175334262
202207,GAP-94-21,57.02285,-162.15144,"LLA(lat=57.02285000°, lon=-162.151440000°, alt=0.0)","UTM(672908.888785507064313, 6323536.4026261484, 0.0)",672.9088887855071,6323.536402626149
202207,GAP-94-22,56.69916,-162.16955,"LLA(lat=56.69916000°, lon=-162.169550000°, alt=0.0)","UTM(673300.885015558218583, 6287477.5118778357, 0.0)",673.3008850155583,6287.477511877836
202207,GAP-94-23,56.6677,-162.73861,"LLA(lat=56.66770000°, lon=-162.738610000°, alt=0.0)","UTM(638582.472828076221049, 6282682.2519869851, 0.0)",638.5824728280762,6282.682251986985
202207,GAP-94-24,56.98481,-162.77374,"LLA(lat=56.98481000°, lon=-162.773740000°, alt=0.0)","UTM(635281.845741480472498, 6317899.3225714583, 0.0)",635.2818457414804,6317.8993225714585
202207,GAP-94-44,57.02731,-163.41498,"LLA(lat=57.02731000°, lon=-163.414980000°, alt=0.0)","UTM(596211.060657372814603, 6321542.4963197699, 0.0)",596.2110606573729,6321.54249631977
202207,GAP-94-45,57.02233,-164.02702,"LLA(lat=57.02233000°, lon=-164.027020000°, alt=0.0)","UTM(559069.907925213803537, 6320292.3575470652, 0.0)",559.0699079252138,6320.292357547065
202207,GAP-94-46,56.69859,-164.01701,"LLA(lat=56.69859000°, lon=-164.017010000°, alt=0.0)","UTM(560195.304641791852191, 6284266.7752656974, 0.0)",560.1953046417918,6284.266775265697
202207,GAP-94-47,56.36192,-163.97208,"LLA(lat=56.36192000°, lon=-163.972080000°, alt=0.0)","UTM(563507.407606905559078, 6246835.8006569762, 0.0)",563.5074076069055,6246.835800656976
202207,GAP-94-48,56.02798,-164.03843,"LLA(lat=56.02798000°, lon=-164.038430000°, alt=0.0)","UTM(559926.629789808182977, 6209610.7366352435, 0.0)",559.9266297898082,6209.6107366352435
202207,GAP-94-49,55.72778,-163.98956,"LLA(lat=55.72778000°, lon=-163.989560000°, alt=0.0)","UTM(563459.974201914155856, 6176245.3484247597, 0.0)",563.4599742019142,6176.24534842476
202207,GAP-94-50,55.35389,-164.53466,"LLA(lat=55.35389000°, lon=-164.534660000°, alt=0.0)","UTM(529504.434016864048317, 6134271.6664349716, 0.0)",529.504434016864,6134.271666434972
202207,GAP-94-52,55.63287,-164.57337,"LLA(lat=55.63287000°, lon=-164.573370000°, alt=0.0)","UTM(526859.572657248238102, 6165302.7830157373, 0.0)",526.8595726572482,6165.302783015737
202207,GAP-94-53,55.96456,-164.59092,"LLA(lat=55.96456000°, lon=-164.590920000°, alt=0.0)","UTM(525536.687063218443654, 6202210.7694467856, 0.0)",525.5366870632184,6202.210769446786
202207,GAP-94-54,56.31433,-164.55659,"LLA(lat=56.31433000°, lon=-164.556590000°, alt=0.0)","UTM(527429.533402884844691, 6241152.8786959583, 0.0)",527.4295334028849,6241.152878695958
202207,GAP-94-55,56.63963,-164.62688,"LLA(lat=56.63963000°, lon=-164.626880000°, alt=0.0)","UTM(522884.817757315991912, 6277334.6169151794, 0.0)",522.884817757316,6277.334616915179
202207,GAP-94-56,56.96491,-164.62633,"LLA(lat=56.96491000°, lon=-164.626330000°, alt=0.0)","UTM(522720.954054949048441, 6313541.9898396926, 0.0)",522.7209540549491,6313.541989839692
202207,GAP-94-58,57.02398,-165.22092,"LLA(lat=57.02398000°, lon=-165.220920000°, alt=0.0)","UTM(486588.225789682008326, 6320076.9584565889, 0.0)",486.588225789682,6320.076958456589
202207,GAP-94-59,56.68141,-165.21765,"LLA(lat=56.68141000°, lon=-165.217650000°, alt=0.0)","UTM(486665.461485319829080, 6281944.0435157903, 0.0)",486.66546148531984,6281.94404351579
202207,GAP-94-60,56.3571,-165.21241,"LLA(lat=56.35710000°, lon=-165.212410000°, alt=0.0)","UTM(486874.875782215152867, 6245845.2608303828, 0.0)",486.87487578221516,6245.845260830383
202207,GAP-94-61,56.01773,-165.19081,"LLA(lat=56.01773000°, lon=-165.190810000°, alt=0.0)","UTM(488105.054260597971734, 6208069.3149961438, 0.0)",488.10505426059797,6208.0693149961435
202207,GAP-94-62,55.6963,-165.18735,"LLA(lat=55.69630000°, lon=-165.187350000°, alt=0.0)","UTM(488223.934750340878963, 6172295.3431165759, 0.0)",488.2239347503409,6172.295343116576
202207,GAP-94-63,55.35511,-165.169,"LLA(lat=55.35511000°, lon=-165.169000000°, alt=0.0)","UTM(489285.011316411022563, 6134321.8665552195, 0.0)",489.28501131641104,6134.3218665552195
202207,GAP-94-64,56.96595,-165.84958,"LLA(lat=56.96595000°, lon=-165.849580000°, alt=0.0)","UTM(448343.460037554497831, 6313916.7241284344, 0.0)",448.3434600375545,6313.916724128434
202207,GAP-94-65,57.30029,-165.85231,"LLA(lat=57.30029000°, lon=-165.852310000°, alt=0.0)","UTM(448642.507915448048152, 6351135.0644520884, 0.0)",448.64250791544805,6351.135064452088
202207,GAP-94-79,57.69607,-166.50301,"LLA(lat=57.69607000°, lon=-166.503010000°, alt=0.0)","UTM(410411.176912089926191, 6395866.7927944483, 0.0)",410.4111769120899,6395.866792794448
202207,GAP-94-80,57.357,-167.09673,"LLA(lat=57.35700000°, lon=-167.096730000°, alt=0.0)","UTM(373862.008804256794974, 6359070.4233306469, 0.0)",373.8620088042568,6359.070423330647
202207,GAP-94-81,57.0257,-167.08641,"LLA(lat=57.02570000°, lon=-167.086410000°, alt=0.0)","UTM(373353.801971068081912, 6322181.5198361566, 0.0)",373.3538019710681,6322.181519836156
202207,GAP-94-82,56.67153,-167.07362,"LLA(lat=56.67153000°, lon=-167.073620000°, alt=0.0)","UTM(372935.260019006440416, 6282744.6493652826, 0.0)",372.9352600190064,6282.744649365282
202207,GAP-94-83,56.35757,-167.03571,"LLA(lat=56.35757000°, lon=-167.035710000°, alt=0.0)","UTM(374222.148896072176285, 6247737.8271652451, 0.0)",374.22214889607216,6247.737827165245
202207,GAP-94-84,56.03851,-167.02696,"LLA(lat=56.03851000°, lon=-167.026960000°, alt=0.0)","UTM(373718.558177860628348, 6212218.6654065046, 0.0)",373.71855817786064,6212.218665406504
202207,GAP-94-85,55.64321,-166.96952,"LLA(lat=55.64321000°, lon=-166.969520000°, alt=0.0)","UTM(376044.966754036257043, 6168130.0418989323, 0.0)",376.04496675403624,6168.130041898932
202207,GAP-94-86,55.33907,-167.53686,"LLA(lat=55.33907000°, lon=-167.536860000°, alt=0.0)","UTM(339110.687752638361417, 6135454.3443066664, 0.0)",339.11068775263834,6135.454344306667
202207,GAP-94-87,55.65102,-167.55737,"LLA(lat=55.65102000°, lon=-167.557370000°, alt=0.0)","UTM(339087.573020543437451, 6170205.8659007186, 0.0)",339.08757302054346,6170.205865900719
202207,GAP-94-88,55.65369,-168.15716,"LLA(lat=55.65369000°, lon=-168.157160000°, alt=0.0)","UTM(301374.237933718715794, 6172057.4546288420, 0.0)",301.3742379337187,6172.057454628842
202207,GAP-94-89,55.95714,-168.21477,"LLA(lat=55.95714000°, lon=-168.214770000°, alt=0.0)","UTM(299319.272697310545482, 6205976.4660238205, 0.0)",299.31927269731057,6205.976466023821
202207,GAP-94-90,56.28659,-168.23046,"LLA(lat=56.28659000°, lon=-168.230460000°, alt=0.0)","UTM(300057.412798867968377, 6242667.6956100091, 0.0)",300.057412798868,6242.667695610009
202207,GAP-94-91,56.65013,-168.2498,"LLA(lat=56.65013000°, lon=-168.249800000°, alt=0.0)","UTM(300774.911029828130268, 6283162.7652882058, 0.0)",300.7749110298281,6283.162765288206
202207,GAP-94-92,57.30936,-168.37863,"LLA(lat=57.30936000°, lon=-168.378630000°, alt=0.0)","UTM(296510.605961018474773, 6356874.9552836129, 0.0)",296.5106059610185,6356.8749552836125
202207,GAP-94-93,57.48093,-168.73476,"LLA(lat=57.48093000°, lon=-168.734760000°, alt=0.0)","UTM(276122.881152140558697, 6377078.8906879481, 0.0)",276.12288115214056,6377.078890687948
202207,GAP-94-94,57.64234,-168.40236,"LLA(lat=57.64234000°, lon=-168.402360000°, alt=0.0)","UTM(296938.880976585031021, 6393987.1992339175, 0.0)",296.93888097658504,6393.987199233918
202207,GAP-94-95,57.64379,-167.76505,"LLA(lat=57.64379000°, lon=-167.765050000°, alt=0.0)","UTM(334967.596569371526130, 6392418.2315773675, 0.0)",334.96759656937155,6392.418231577368
202207,GAP-94-96,57.98114,-167.80287,"LLA(lat=57.98114000°, lon=-167.802870000°, alt=0.0)","UTM(334266.401038414216600, 6430048.5922543826, 0.0)",334.26640103841424,6430.048592254382
202207,GAP-94-99,57.35749,-169.59438,"LLA(lat=57.35749000°, lon=-169.594380000°, alt=0.0)","UTM(223706.780111967644189, 6366517.0078826696, 0.0)",223.70678011196765,6366.5170078826695
202207,GAP-94-100,57.18581,-169.86464,"LLA(lat=57.18581000°, lon=-169.864640000°, alt=0.0)","UTM(206103.755154890939593, 6348565.4029554157, 0.0)",206.10375515489093,6348.565402955415
202207,GAP-94-101,57.00052,-169.57179,"LLA(lat=57.00052000°, lon=-169.571790000°, alt=0.0)","UTM(222397.303894575394224, 6326740.3047871320, 0.0)",222.3973038945754,6326.740304787132
202207,GAP-94-102,56.8332,-169.82156,"LLA(lat=56.83320000°, lon=-169.821560000°, alt=0.0)","UTM(205930.845766961807385, 6309186.0107009830, 0.0)",205.9308457669618,6309.186010700983
202207,GAP-94-103,56.64287,-170.08987,"LLA(lat=56.64287000°, lon=-170.089870000°, alt=0.0)","UTM(188008.015748744423036, 6289220.2241649386, 0.0)",188.0080157487444,6289.220224164938
202207,GAP-94-104,56.67744,-169.57817,"LLA(lat=56.67744000°, lon=-169.578170000°, alt=0.0)","UTM(219602.622448443842586, 6290849.6666964320, 0.0)",219.60262244844384,6290.849666696432
202207,GAP-94-105,57.48172,-169.9082,"LLA(lat=57.48172000°, lon=-169.908200000°, alt=0.0)","UTM(205852.455265361233614, 6381644.7988370694, 0.0)",205.85245526536124,6381.644798837069
202207,GAP-94-106,57.65528,-169.63745,"LLA(lat=57.65528000°, lon=-169.637450000°, alt=0.0)","UTM(223384.013445953023620, 6399798.2015108699, 0.0)",223.38401344595303,6399.79820151087
202207,GAP-94-107,57.8177,-169.96495,"LLA(lat=57.81770000°, lon=-169.964950000°, alt=0.0)","UTM(205195.631284225732088, 6419235.6742023462, 0.0)",205.19563128422573,6419.235674202347
202207,GAP-94-108,57.99025,-169.68032,"LLA(lat=57.99025000°, lon=-169.680320000°, alt=0.0)","UTM(223409.728520217002369, 6437212.3155443845, 0.0)",223.40972852021702,6437.212315544384
202207,GAP-94-109,57.98669,-169.08032,"LLA(lat=57.98669000°, lon=-169.080320000°, alt=0.0)","UTM(258815.374951897567371, 6434515.1043735072, 0.0)",258.8153749518976,6434.515104373507
202207,GAP-94-110,58.32694,-169.10957,"LLA(lat=58.32694000°, lon=-169.109570000°, alt=0.0)","UTM(259397.226025064068381, 6472458.7484831177, 0.0)",259.39722602506407,6472.458748483117
202207,GAP-94-116,59.34022,-169.88649,"LLA(lat=59.34022000°, lon=-169.886490000°, alt=0.0)","UTM(222196.187720218498725, 6588136.4318104060, 0.0)",222.1961877202185,6588.136431810406
202207,GAP-94-117,59.01357,-169.81786,"LLA(lat=59.01357000°, lon=-169.817860000°, alt=0.0)","UTM(223465.098219178151339, 6551539.3900597040, 0.0)",223.46509821917815,6551.539390059704
202207,GAP-94-118,58.68529,-169.77289,"LLA(lat=58.68529000°, lon=-169.772890000°, alt=0.0)","UTM(223435.691134768421762, 6514859.7355743349, 0.0)",223.43569113476843,6514.859735574335
202207,GAP-94-119,58.34781,-169.72683,"LLA(lat=58.34781000°, lon=-169.726830000°, alt=0.0)","UTM(223456.299676632683259, 6477152.9713660702, 0.0)",223.45629967663268,6477.15297136607
202207,GAP-94-120,58.01894,-170.32229,"LLA(lat=58.01894000°, lon=-170.322290000°, alt=0.0)","UTM(185768.570504782954231, 6443212.3268836029, 0.0)",185.76857050478296,6443.212326883603
202207,GAP-94-121,57.85866,-170.58398,"LLA(lat=57.85866000°, lon=-170.583980000°, alt=0.0)","UTM(168863.843849229626358, 6426654.5403407849, 0.0)",168.86384384922962,6426.654540340785
202207,GAP-94-122,57.68254,-170.31665,"LLA(lat=57.68254000°, lon=-170.316650000°, alt=0.0)","UTM(183155.814494393474888, 6405804.6519421078, 0.0)",183.15581449439347,6405.804651942108
202207,GAP-94-123,57.52348,-170.57244,"LLA(lat=57.52348000°, lon=-170.572440000°, alt=0.0)","UTM(166476.506273343577050, 6389359.1644603824, 0.0)",166.47650627334357,6389.359164460382
202207,GAP-94-124,57.3426,-170.19542,"LLA(lat=57.34260000°, lon=-170.195420000°, alt=0.0)","UTM(187474.404683609085623, 6367466.0318198400, 0.0)",187.4744046836091,6367.46603181984
202207,GAP-94-125,57.14531,-170.49734,"LLA(lat=57.14531000°, lon=-170.497340000°, alt=0.0)","UTM(167561.257697381370235, 6346974.9965825286, 0.0)",167.56125769738136,6346.974996582529
202207,GAP-94-126,57.00387,-170.15935,"LLA(lat=57.00387000°, lon=-170.159350000°, alt=0.0)","UTM(186785.528700362308882, 6329657.0342090568, 0.0)",186.7855287003623,6329.657034209057
202207,GAP-94-127,56.97385,-171.40249,"LLA(lat=56.97385000°, lon=-171.402490000°, alt=0.0)","UTM(111119.308951043232810, 6332722.3042985452, 0.0)",111.11930895104324,6332.722304298545
202207,GAP-94-128,57.30579,-171.47541,"LLA(lat=57.30579000°, lon=-171.475410000°, alt=0.0)","UTM(110211.520739519852214, 6369993.9008727511, 0.0)",110.21152073951986,6369.9939008727515
202207,GAP-94-129,57.32088,-172.08917,"LLA(lat=57.32088000°, lon=-172.089170000°, alt=0.0)","UTM(73517.185230065544602, 6375358.5468058689, 0.0)",73.51718523006555,6375.358546805869
202207,GAP-94-130,57.64168,-172.15451,"LLA(lat=57.64168000°, lon=-172.154510000°, alt=0.0)","UTM(73362.347440139390528, 6411365.3960314384, 0.0)",73.36234744013939,6411.365396031439
202207,GAP-94-131,57.6386,-171.53075,"LLA(lat=57.63860000°, lon=-171.530750000°, alt=0.0)","UTM(110452.588049210142344, 6407260.4501429843, 0.0)",110.45258804921015,6407.260450142984
202207,GAP-94-132,57.98303,-171.59536,"LLA(lat=57.98303000°, lon=-171.595360000°, alt=0.0)","UTM(110347.311185003258288, 6445869.0856433930, 0.0)",110.34731118500326,6445.869085643393
202207,GAP-94-133,58.3109,-171.64683,"LLA(lat=58.31090000°, lon=-171.646830000°, alt=0.0)","UTM(110914.900650096766185, 6482561.9763351697, 0.0)",110.91490065009677,6482.56197633517
202207,GAP-94-134,58.64796,-171.71111,"LLA(lat=58.64796000°, lon=-171.711110000°, alt=0.0)","UTM(110912.555069872003514, 6520347.5345299821, 0.0)",110.912555069872,6520.347534529982
202207,GAP-94-135,58.97864,-171.78251,"LLA(lat=58.97864000°, lon=-171.782510000°, alt=0.0)","UTM(110515.999649759382010, 6557464.8777340893, 0.0)",110.51599964975938,6557.464877734089
202207,GAP-94-136,59.32572,-171.86146,"LLA(lat=59.32572000°, lon=-171.861460000°, alt=0.0)","UTM(109971.560449573735241, 6596444.9643866261, 0.0)",109.97156044957373,6596.444964386626
202207,GAP-94-137,59.31013,-171.18521,"LLA(lat=59.31013000°, lon=-171.185210000°, alt=0.0)","UTM(148174.473098840331659, 6590940.6697506309, 0.0)",148.17447309884034,6590.940669750631
202207,GAP-94-138,59.65909,-171.27237,"LLA(lat=59.65909000°, lon=-171.272370000°, alt=0.0)","UTM(146895.034121025702916, 6630151.6400573207, 0.0)",146.8950341210257,6630.151640057321
202207,GAP-94-139,59.65633,-171.84077,"LLA(lat=59.65633000°, lon=-171.840770000°, alt=0.0)","UTM(114936.926257037848700, 6633012.2882752512, 0.0)",114.93692625703785,6633.012288275251
202207,GAP-94-140,59.83113,-172.27376,"LLA(lat=59.83113000°, lon=-172.273760000°, alt=0.0)","UTM(92764.494960427633487, 6654998.2322382117, 0.0)",92.76449496042764,6654.998232238212
202207,GAP-94-142,59.96814,-171.30588,"LLA(lat=59.96814000°, lon=-171.305880000°, alt=0.0)","UTM(148289.975566882290877, 6664644.4377511572, 0.0)",148.2899755668823,6664.644437751157
202207,GAP-94-151,60.00236,-172.61887,"LLA(lat=60.00236000°, lon=-172.618870000°, alt=0.0)","UTM(75695.853947154188063, 6676160.0630091922, 0.0)",75.69585394715419,6676.1600630091925
202207,GAP-94-152,60.67567,-172.8329,"LLA(lat=60.67567000°, lon=-172.832900000°, alt=0.0)","UTM(72734.574983475904446, 6752185.1109403195, 0.0)",72.73457498347591,6752.18511094032
202207,GAP-94-153,60.9995,-172.79254,"LLA(lat=60.99950000°, lon=-172.792540000°, alt=0.0)","UTM(79218.266170767659787, 6787815.0975464797, 0.0)",79.21826617076766,6787.81509754648
202207,GAP-94-154,60.99741,-173.45661,"LLA(lat=60.99741000°, lon=-173.456610000°, alt=0.0)","UTM(43463.596617051633075, 6792044.2481918493, 0.0)",43.463596617051635,6792.044248191849
202207,GAP-94-155,60.67589,-173.42722,"LLA(lat=60.67589000°, lon=-173.427220000°, alt=0.0)","UTM(40437.578589953249320, 6756232.5383728733, 0.0)",40.43757858995325,6756.232538372873
202207,GAP-94-156,60.6907,-174.15491,"LLA(lat=60.69070000°, lon=-174.154910000°, alt=0.0)","UTM(1155.401864441984799, 6763198.6385689611, 0.0)",1.1554018644419848,6763.198638568961
202207,GAP-94-157,60.35374,-174.08163,"LLA(lat=60.35374000°, lon=-174.081630000°, alt=0.0)","UTM(-57.564809488423634, 6725358.1837557675, 0.0)",-0.057564809488423636,6725.358183755768
202207,GAP-94-158,60.19536,-174.35207,"LLA(lat=60.19536000°, lon=-174.352070000°, alt=0.0)","UTM(-17386.692953481455334, 6709930.1842487762, 0.0)",-17.386692953481454,6709.930184248776
202207,GAP-94-159,60.02593,-173.95862,"LLA(lat=60.02593000°, lon=-173.958620000°, alt=0.0)","UTM(1724.240699050074909, 6688146.9413906522, 0.0)",1.724240699050075,6688.1469413906525
202207,GAP-94-160,59.84519,-173.62207,"LLA(lat=59.84519000°, lon=-173.622070000°, alt=0.0)","UTM(17743.521791375998873, 6665635.3478602003, 0.0)",17.743521791376,6665.6353478602005
202207,GAP-94-161,59.67894,-173.83481,"LLA(lat=59.67894000°, lon=-173.834810000°, alt=0.0)","UTM(3419.661091508809477, 6648804.0684168003, 0.0)",3.4196610915088095,6648.8040684168
202207,GAP-94-162,59.52214,-173.49469,"LLA(lat=59.52214000°, lon=-173.494690000°, alt=0.0)","UTM(20228.636886266176589, 6628931.6308810972, 0.0)",20.228636886266177,6628.931630881098
202207,GAP-94-163,59.35646,-173.77115,"LLA(lat=59.35646000°, lon=-173.771150000°, alt=0.0)","UTM(2236.232754308322910, 6612622.5554204434, 0.0)",2.2362327543083227,6612.622555420444
202207,GAP-94-164,59.68206,-174.45835,"LLA(lat=59.68206000°, lon=-174.458350000°, alt=0.0)","UTM(-31425.069584971875884, 6653998.9985915273, 0.0)",-31.425069584971876,6653.998998591527
202207,GAP-94-165,59.36933,-174.42781,"LLA(lat=59.36933000°, lon=-174.427810000°, alt=0.0)","UTM(-34667.659698175033554, 6619159.7080450030, 0.0)",-34.66765969817504,6619.159708045003
202207,GAP-94-166,58.97093,-173.69387,"LLA(lat=58.97093000°, lon=-173.693870000°, alt=0.0)","UTM(999.923981352767441, 6569351.8306035148, 0.0)",0.9999239813527674,6569.351830603515
202207,GAP-94-167,58.99262,-174.32675,"LLA(lat=58.99262000°, lon=-174.326750000°, alt=0.0)","UTM(-34840.153505117748864, 6576667.7278080173, 0.0)",-34.84015350511775,6576.667727808017
202207,GAP-94-168,59.01953,-175.02026,"LLA(lat=59.01953000°, lon=-175.020260000°, alt=0.0)","UTM(-73971.936713487375528, 6585425.4258510591, 0.0)",-73.97193671348738,6585.425425851059
202207,GAP-94-169,59.00234,-175.68241,"LLA(lat=59.00234000°, lon=-175.682410000°, alt=0.0)","UTM(-112003.478204432060011, 6589434.9395889016, 0.0)",-112.00347820443206,6589.434939588901
202207,GAP-94-170,58.9812,-176.31471,"LLA(lat=58.98120000°, lon=-176.314710000°, alt=0.0)","UTM(-148408.607834489434026, 6593101.4364544386, 0.0)",-148.40860783448943,6593.101436454439
202207,GAP-94-171,59.32301,-176.36364,"LLA(lat=59.32301000°, lon=-176.363640000°, alt=0.0)","UTM(-144689.903093683416955, 6631280.9232096244, 0.0)",-144.68990309368343,6631.280923209624
202207,GAP-94-172,59.34918,-175.7633,"LLA(lat=59.34918000°, lon=-175.763300000°, alt=0.0)","UTM(-110360.428729833685793, 6628476.3129334068, 0.0)",-110.36042872983369,6628.476312933407
202207,GAP-94-173,59.3537,-175.10834,"LLA(lat=59.35370000°, lon=-175.108340000°, alt=0.0)","UTM(-73337.468198615242727, 6623121.6074596616, 0.0)",-73.33746819861524,6623.121607459661
202207,GAP-94-174,59.83723,-174.18695,"LLA(lat=59.83723000°, lon=-174.186950000°, alt=0.0)","UTM(-13843.227803829940967, 6669017.1300449278, 0.0)",-13.84322780382994,6669.017130044927
202207,GAP-94-175,59.9715,-174.57733,"LLA(lat=59.97150000°, lon=-174.577330000°, alt=0.0)","UTM(-33410.187077822745778, 6686970.2460986366, 0.0)",-33.41018707782275,6686.970246098636
202207,GAP-94-176,59.99963,-175.21351,"LLA(lat=59.99963000°, lon=-175.213510000°, alt=0.0)","UTM(-68172.957539387163706, 6695401.4077070225, 0.0)",-68.17295753938717,6695.401407707022
202207,GAP-94-177,59.68828,-175.12523,"LLA(lat=59.68828000°, lon=-175.125230000°, alt=0.0)","UTM(-68600.269761060364544, 6660240.5370638678, 0.0)",-68.60026976106036,6660.240537063868
202207,GAP-94-178,59.66658,-175.80501,"LLA(lat=59.66658000°, lon=-175.805010000°, alt=0.0)","UTM(-106950.002934829215519, 6663897.7323310496, 0.0)",-106.95000293482921,6663.89773233105
202207,GAP-94-179,60.02075,-176.71927,"LLA(lat=60.02075000°, lon=-176.719270000°, alt=0.0)","UTM(-150961.931886567501351, 6711692.1159758316, 0.0)",-150.9619318865675,6711.692115975831
202207,GAP-94-181,60.01245,-175.91038,"LLA(lat=60.01245000°, lon=-175.910380000°, alt=0.0)","UTM(-106472.261741461348720, 6703038.7053351048, 0.0)",-106.47226174146135,6703.038705335105
202207,GAP-94-182,60.31821,-176.01861,"LLA(lat=60.31821000°, lon=-176.018610000°, alt=0.0)","UTM(-106753.277032872661948, 6737772.0100388955, 0.0)",-106.75327703287266,6737.772010038895
202207,GAP-94-183,60.68639,-176.22221,"LLA(lat=60.68639000°, lon=-176.222210000°, alt=0.0)","UTM(-110880.352028907276690, 6780269.5030353386, 0.0)",-110.88035202890728,6780.269503035339
202207,GAP-94-184,61.00408,-176.27651,"LLA(lat=61.00408000°, lon=-176.276510000°, alt=0.0)","UTM(-107717.792315617203712, 6815798.4950624071, 0.0)",-107.7177923156172,6815.798495062407
202207,GAP-94-185,61.36642,-175.65716,"LLA(lat=61.36642000°, lon=-175.657160000°, alt=0.0)","UTM(-67961.356441180920228, 6850159.2804335374, 0.0)",-67.961356441180925,6850.159280433538
202207,GAP-94-186,61.02685,-175.53366,"LLA(lat=61.02685000°, lon=-175.533660000°, alt=0.0)","UTM(-67527.284100693301298, 6811607.8776357286, 0.0)",-67.52728410069331,6811.607877635729
202207,GAP-94-187,60.69758,-175.45444,"LLA(lat=60.69758000°, lon=-175.454440000°, alt=0.0)","UTM(-69143.237583152367733, 6774570.4092440857, 0.0)",-69.14323758315237,6774.570409244086
202207,GAP-94-188,60.35279,-175.38745,"LLA(lat=60.35279000°, lon=-175.387450000°, alt=0.0)","UTM(-71593.241044670459814, 6735916.8612146256, 0.0)",-71.59324104467046,6735.916861214626
202207,GAP-94-189,60.30474,-174.69428,"LLA(lat=60.30474000°, lon=-174.694280000°, alt=0.0)","UTM(-34434.215317092835903, 6724765.2786085038, 0.0)",-34.434215317092836,6724.765278608504
202207,GAP-94-190,60.64326,-174.81738000000001,"LLA(lat=60.64326000°, lon=-174.817380000°, alt=0.0)","UTM(-35552.784844415495172, 6763188.9648215836, 0.0)",-35.5527848444155,6763.188964821584
202207,GAP-94-191,60.97671,-174.87717,"LLA(lat=60.97671000°, lon=-174.877170000°, alt=0.0)","UTM(-33196.312394436099567, 6800527.5527526643, 0.0)",-33.1963123944361,6800.527552752665
202207,GAP-94-192,61.30897,-175.00237,"LLA(lat=61.30897000°, lon=-175.002370000°, alt=0.0)","UTM(-34248.434199838200584, 6838262.6191198304, 0.0)",-34.2484341998382,6838.262619119831
202207,GAP-94-195,61.35894,-174.33355,"LLA(lat=61.35894000°, lon=-174.333550000°, alt=0.0)","UTM(2092.623403761070222, 6838476.7142143101, 0.0)",2.09262340376107,6838.47671421431
202207,GAP-94-196,61.00249,-174.15042,"LLA(lat=61.00249000°, lon=-174.150420000°, alt=0.0)","UTM(6251.179565613798331, 6797657.4370345855, 0.0)",6.251179565613798,6797.657437034585
202207,GAP-162-13,57.00997,-160.9343,"LLA(lat=57.00997000°, lon=-160.934300000°, alt=0.0)","UTM(746832.216158017050475, 6325846.2226663008, 0.0)",746.8322161580171,6325.8462226663005
202207,GAP-162-14,56.68964,-160.9781,"LLA(lat=56.68964000°, lon=-160.978100000°, alt=0.0)","UTM(746271.804926627781242, 6290067.2330656741, 0.0)",746.2718049266277,6290.067233065674
202207,GAP-162-15,56.3393,-160.98869,"LLA(lat=56.33930000°, lon=-160.988690000°, alt=0.0)","UTM(747902.263450937811285, 6251071.4878011821, 0.0)",747.9022634509378,6251.071487801182
202207,GAP-162-16,56.33967,-161.6243,"LLA(lat=56.33967000°, lon=-161.624300000°, alt=0.0)","UTM(708638.230095481150784, 6249003.0790909929, 0.0)",708.6382300954812,6249.003079090993
202207,GAP-162-17,56.33388,-162.19524,"LLA(lat=56.33388000°, lon=-162.195240000°, alt=0.0)","UTM(673389.010001690243371, 6246773.7982770624, 0.0)",673.3890100016903,6246.773798277062
202207,GAP-162-18,56.00915,-162.27444,"LLA(lat=56.00915000°, lon=-162.274440000°, alt=0.0)","UTM(669923.047506302827969, 6210450.0035192622, 0.0)",669.9230475063029,6210.450003519262
202207,GAP-162-19,55.66309,-162.82125,"LLA(lat=55.66309000°, lon=-162.821250000°, alt=0.0)","UTM(637051.603271737811156, 6170735.5647164593, 0.0)",637.0516032717378,6170.7355647164595
202207,GAP-162-20,55.98851,-162.8336,"LLA(lat=55.98851000°, lon=-162.833600000°, alt=0.0)","UTM(635141.679203466628678, 6206919.0224966649, 0.0)",635.1416792034667,6206.919022496665
202207,GAP-162-21,56.32135,-162.81094,"LLA(lat=56.32135000°, lon=-162.810940000°, alt=0.0)","UTM(635379.204840768361464, 6243998.4416776458, 0.0)",635.3792048407684,6243.998441677646
202207,GAP-162-40,56.67314,-163.4022,"LLA(lat=56.67314000°, lon=-163.402200000°, alt=0.0)","UTM(597907.288520277943462, 6282143.1310674064, 0.0)",597.9072885202779,6282.143131067406
202207,GAP-162-41,56.33932,-163.41718,"LLA(lat=56.33932000°, lon=-163.417180000°, alt=0.0)","UTM(597845.562931944150478, 6244971.0551043395, 0.0)",597.8455629319442,6244.97105510434
202207,GAP-162-42,56.00979,-163.38989,"LLA(lat=56.00979000°, lon=-163.389890000°, alt=0.0)","UTM(600388.708381890435703, 6208338.8458730215, 0.0)",600.3887083818904,6208.3388458730215
202207,GAP-162-43,55.6892,-163.40913,"LLA(lat=55.68920000°, lon=-163.409130000°, alt=0.0)","UTM(600009.181361759081483, 6172636.2153603379, 0.0)",600.009181361759,6172.636215360338
202207,GAP-162-44,55.33849,-163.42908,"LLA(lat=55.33849000°, lon=-163.429080000°, alt=0.0)","UTM(599637.306416166597046, 6133582.9196920851, 0.0)",599.6373064161666,6133.582919692085
202207,GAP-162-46,55.31206,-164.01573,"LLA(lat=55.31206000°, lon=-164.015730000°, alt=0.0)","UTM(562471.623606659006327, 6129959.2795234863, 0.0)",562.471623606659,6129.959279523487
202207,GAP-162-47,55.04517,-164.5606,"LLA(lat=55.04517000°, lon=-164.560600000°, alt=0.0)","UTM(528076.093046630267054, 6099906.1494348207, 0.0)",528.0760930466303,6099.906149434821
202207,GAP-162-48,55.0056,-165.15166,"LLA(lat=55.00560000°, lon=-165.151660000°, alt=0.0)","UTM(490299.887588422163390, 6095425.1006428655, 0.0)",490.29988758842217,6095.425100642866
202207,GAP-162-50,54.70177,-165.11223,"LLA(lat=54.70177000°, lon=-165.112230000°, alt=0.0)","UTM(492767.662333354994189, 6061611.2853385005, 0.0)",492.767662333355,6061.6112853385
202207,GAP-162-51,54.82881,-165.50486,"LLA(lat=54.82881000°, lon=-165.504860000°, alt=0.0)","UTM(467567.633414174139034, 6075858.6419876134, 0.0)",467.5676334141741,6075.858641987614
202207,GAP-162-52,54.99801,-165.75513,"LLA(lat=54.99801000°, lon=-165.755130000°, alt=0.0)","UTM(451693.529234617366455, 6094830.7345304703, 0.0)",451.69352923461736,6094.83073453047
202207,GAP-162-53,55.32177,-165.78198,"LLA(lat=55.32177000°, lon=-165.781980000°, alt=0.0)","UTM(450379.535192789451685, 6130877.0859627211, 0.0)",450.37953519278943,6130.877085962721
202207,GAP-162-54,55.66592,-165.79373,"LLA(lat=55.66592000°, lon=-165.793730000°, alt=0.0)","UTM(450071.197327426983975, 6169183.9902898092, 0.0)",450.071197327427,6169.183990289809
202207,GAP-162-55,55.99365,-165.78996,"LLA(lat=55.99365000°, lon=-165.789960000°, alt=0.0)","UTM(450724.426965628983453, 6205654.4527115729, 0.0)",450.724426965629,6205.654452711573
202207,GAP-162-56,56.33673,-165.8262,"LLA(lat=56.33673000°, lon=-165.826200000°, alt=0.0)","UTM(448921.316771268437151, 6243864.2801967263, 0.0)",448.92131677126844,6243.864280196726
202207,GAP-162-57,56.64514,-165.83426,"LLA(lat=56.64514000°, lon=-165.834260000°, alt=0.0)","UTM(448839.805116449366324, 6278196.8103400506, 0.0)",448.8398051164494,6278.19681034005
202207,GAP-162-58,56.67238,-166.43042,"LLA(lat=56.67238000°, lon=-166.430420000°, alt=0.0)","UTM(412346.482539490389172, 6281832.0469309073, 0.0)",412.3464825394904,6281.832046930907
202207,GAP-162-60,56.33452,-166.43302,"LLA(lat=56.33452000°, lon=-166.433020000°, alt=0.0)","UTM(411402.754457192961127, 6244233.9832262164, 0.0)",411.40275445719294,6244.233983226216
202207,GAP-162-61,56.01806,-166.40272,"LLA(lat=56.01806000°, lon=-166.402720000°, alt=0.0)","UTM(412559.492892848094925, 6208977.2511846684, 0.0)",412.5594928928481,6208.977251184669
202207,GAP-162-62,55.68131,-166.38122,"LLA(lat=55.68131000°, lon=-166.381220000°, alt=0.0)","UTM(413151.867079689574894, 6171475.8272074088, 0.0)",413.15186707968957,6171.475827207409
202207,GAP-162-63,55.35339,-166.36574,"LLA(lat=55.35339000°, lon=-166.365740000°, alt=0.0)","UTM(413408.039484624285251, 6134966.5469619334, 0.0)",413.4080394846243,6134.966546961933
202207,GAP-162-65,54.99934,-166.35944,"LLA(lat=54.99934000°, lon=-166.359440000°, alt=0.0)","UTM(413039.977134939166717, 6095563.1038366193, 0.0)",413.0399771349392,6095.563103836619
202207,GAP-162-66,54.99757,-166.92981,"LLA(lat=54.99757000°, lon=-166.929810000°, alt=0.0)","UTM(376553.395975331659429, 6096224.1947811944, 0.0)",376.5533959753317,6096.2241947811945
202207,GAP-162-67,55.31196,-166.96484,"LLA(lat=55.31196000°, lon=-166.964840000°, alt=0.0)","UTM(375297.718286779243499, 6131265.3625137378, 0.0)",375.29771828677923,6131.265362513738
202207,GAP-162-68,56.9961,-166.47655,"LLA(lat=56.99610000°, lon=-166.476550000°, alt=0.0)","UTM(410297.372905651340261, 6317921.2095197234, 0.0)",410.29737290565134,6317.921209519724
202207,GAP-162-69,57.31404,-166.4848,"LLA(lat=57.31404000°, lon=-166.484800000°, alt=0.0)","UTM(410566.847996390599292, 6353319.6637402801, 0.0)",410.5668479963906,6353.31966374028
202207,GAP-162-70,57.65657,-165.88168,"LLA(lat=57.65657000°, lon=-165.881680000°, alt=0.0)","UTM(447387.463947733165696, 6390818.0885644211, 0.0)",447.3874639477332,6390.8180885644215
202207,GAP-162-81,58.01141,-167.17786,"LLA(lat=58.01141000°, lon=-167.177860000°, alt=0.0)","UTM(371322.954952736035921, 6432055.0725812744, 0.0)",371.32295495273604,6432.0550725812745
202207,GAP-162-82,57.68581,-167.15125,"LLA(lat=57.68581000°, lon=-167.151250000°, alt=0.0)","UTM(371742.363582765101455, 6395766.5687352819, 0.0)",371.7423635827651,6395.766568735282
202207,GAP-162-83,57.33853,-167.73643,"LLA(lat=57.33853000°, lon=-167.736430000°, alt=0.0)","UTM(335306.148547913529910, 6358382.4996969206, 0.0)",335.30614854791355,6358.382499696921
202207,GAP-162-84,56.99284,-167.70598,"LLA(lat=56.99284000°, lon=-167.705980000°, alt=0.0)","UTM(335610.723065049271099, 6319845.2496198555, 0.0)",335.6107230650493,6319.845249619855
202207,GAP-162-85,56.67677,-167.67227,"LLA(lat=56.67677000°, lon=-167.672270000°, alt=0.0)","UTM(336284.014138384431135, 6284597.4696827568, 0.0)",336.2840141383844,6284.597469682757
202207,GAP-162-86,56.34521,-167.65296,"LLA(lat=56.34521000°, lon=-167.652960000°, alt=0.0)","UTM(336041.154878748347983, 6247662.1823732685, 0.0)",336.04115487874833,6247.6621823732685
202207,GAP-162-87,56.01343,-167.61027,"LLA(lat=56.01343000°, lon=-167.610270000°, alt=0.0)","UTM(337280.717055323882960, 6210648.5468073525, 0.0)",337.28071705532386,6210.648546807352
202207,GAP-162-88,56.33326,-168.8723,"LLA(lat=56.33326000°, lon=-168.872300000°, alt=0.0)","UTM(260645.683635004970711, 6249907.3853554586, 0.0)",260.64568363500496,6249.907385355458
202207,GAP-162-89,56.66344,-168.92118,"LLA(lat=56.66344000°, lon=-168.921180000°, alt=0.0)","UTM(259724.798451643669978, 6286796.0201648036, 0.0)",259.72479845164366,6286.796020164804
202207,GAP-162-90,56.83162,-169.30535,"LLA(lat=56.83162000°, lon=-169.305350000°, alt=0.0)","UTM(237378.358842655434273, 6306908.4895509593, 0.0)",237.37835884265544,6306.9084895509595
202207,GAP-162-91,57.01057,-168.9435,"LLA(lat=57.01057000°, lon=-168.943500000°, alt=0.0)","UTM(260585.657665655569872, 6325477.5962066371, 0.0)",260.58565766565556,6325.477596206637
202207,GAP-162-92,56.84469,-168.62432,"LLA(lat=56.84469000°, lon=-168.624320000°, alt=0.0)","UTM(278973.140633834700566, 6305953.4105303055, 0.0)",278.9731406338347,6305.9534105303055
202207,GAP-162-93,56.9908,-168.34633,"LLA(lat=56.99080000°, lon=-168.346330000°, alt=0.0)","UTM(296714.370020347414538, 6321342.2430422995, 0.0)",296.7143700203474,6321.3422430423
202207,GAP-162-94,57.15944,-168.62006,"LLA(lat=57.15944000°, lon=-168.620060000°, alt=0.0)","UTM(281090.348654868197627, 6340947.6882987656, 0.0)",281.0903486548682,6340.947688298766
202207,GAP-162-95,57.17198,-169.32048,"LLA(lat=57.17198000°, lon=-169.320480000°, alt=0.0)","UTM(238854.013828634197125, 6344810.1053628949, 0.0)",238.8540138286342,6344.810105362895
202207,GAP-162-96,57.33119,-168.99938,"LLA(lat=57.33119000°, lon=-168.999380000°, alt=0.0)","UTM(259290.078113769268384, 6361330.0358120669, 0.0)",259.29007811376925,6361.330035812067
202207,GAP-162-97,57.49301,-169.3638,"LLA(lat=57.49301000°, lon=-169.363800000°, alt=0.0)","UTM(238530.644153429748258, 6380671.1696280781, 0.0)",238.53064415342976,6380.671169628078
202207,GAP-162-98,57.65684,-169.0341,"LLA(lat=57.65684000°, lon=-169.034100000°, alt=0.0)","UTM(259355.743529907951597, 6397668.1716044629, 0.0)",259.35574352990795,6397.668171604463
202207,GAP-162-99,57.83728,-169.3683,"LLA(lat=57.83728000°, lon=-169.368300000°, alt=0.0)","UTM(240731.914305880869506, 6418967.3789885975, 0.0)",240.73191430588088,6418.967378988597
202207,GAP-162-100,57.81409,-168.73247,"LLA(lat=57.81409000°, lon=-168.732470000°, alt=0.0)","UTM(278302.218485375866294, 6414127.3404193278, 0.0)",278.3022184853759,6414.127340419328
202207,GAP-162-101,57.98925,-168.43586,"LLA(lat=57.98925000°, lon=-168.435860000°, alt=0.0)","UTM(296901.501540901488625, 6432679.4302558964, 0.0)",296.9015015409015,6432.6794302558965
202207,GAP-162-102,58.31099,-168.46481,"LLA(lat=58.31099000°, lon=-168.464810000°, alt=0.0)","UTM(297031.925580846378580, 6468558.9930571485, 0.0)",297.0319255808464,6468.558993057149
202207,GAP-162-121,59.68949,-169.92507,"LLA(lat=59.68949000°, lon=-169.925070000°, alt=0.0)","UTM(222888.527291506121401, 6627122.8009227430, 0.0)",222.8885272915061,6627.122800922743
202207,GAP-162-122,59.67936,-170.58513,"LLA(lat=59.67936000°, lon=-170.585130000°, alt=0.0)","UTM(185709.441472667211201, 6628941.9850792382, 0.0)",185.7094414726672,6628.941985079238
202207,GAP-162-123,59.34034,-170.53983,"LLA(lat=59.34034000°, lon=-170.539830000°, alt=0.0)","UTM(185106.494097724149469, 6591060.8454160979, 0.0)",185.10649409772415,6591.060845416098
202207,GAP-162-124,59.02325,-170.48327,"LLA(lat=59.02325000°, lon=-170.483270000°, alt=0.0)","UTM(185412.174106051854324, 6555562.2979832366, 0.0)",185.41217410605185,6555.562297983237
202207,GAP-162-125,59.00588,-171.13461,"LLA(lat=59.00588000°, lon=-171.134610000°, alt=0.0)","UTM(147929.486631619452965, 6556887.2978370329, 0.0)",147.92948663161945,6556.887297837033
202207,GAP-162-126,58.67772,-171.083,"LLA(lat=58.67772000°, lon=-171.083000000°, alt=0.0)","UTM(147562.616497417096980, 6520172.2272884641, 0.0)",147.5626164974171,6520.1722272884645
202207,GAP-162-127,58.67765,-170.43436,"LLA(lat=58.67765000°, lon=-170.434360000°, alt=0.0)","UTM(185087.758975411299616, 6516931.5741906539, 0.0)",185.0877589754113,6516.931574190654
202207,GAP-162-128,58.35038,-170.38504,"LLA(lat=58.35038000°, lon=-170.385040000°, alt=0.0)","UTM(185018.590079059707932, 6480335.1241716258, 0.0)",185.01859007905972,6480.3351241716255
202207,GAP-162-129,58.35033,-171.01595,"LLA(lat=58.35033000°, lon=-171.015950000°, alt=0.0)","UTM(148173.003716701758094, 6483460.5435002344, 0.0)",148.17300371670177,6483.460543500234
202207,GAP-162-130,58.0068,-170.97146,"LLA(lat=58.00680000°, lon=-170.971460000°, alt=0.0)","UTM(147379.453665366338100, 6445073.6619939208, 0.0)",147.37945366536633,6445.073661993921
202207,GAP-162-131,57.6689,-170.89765,"LLA(lat=57.66890000°, lon=-170.897650000°, alt=0.0)","UTM(148449.122503235936165, 6407158.2477720547, 0.0)",148.44912250323594,6407.158247772055
202207,GAP-162-132,57.35919,-170.86098,"LLA(lat=57.35919000°, lon=-170.860980000°, alt=0.0)","UTM(147652.855921462993138, 6372566.6837860942, 0.0)",147.652855921463,6372.5666837860945
202207,GAP-162-133,57.01305,-170.77942,"LLA(lat=57.01305000°, lon=-170.779420000°, alt=0.0)","UTM(149278.237904177396558, 6333695.8334783074, 0.0)",149.2782379041774,6333.695833478308
202207,GAP-162-134,56.84227,-170.47992,"LLA(lat=56.84227000°, lon=-170.479920000°, alt=0.0)","UTM(165904.513840088970028, 6313220.0731150685, 0.0)",165.90451384008898,6313.220073115069
202207,GAP-162-135,56.67938,-170.729,"LLA(lat=56.67938000°, lon=-170.729000000°, alt=0.0)","UTM(149220.427358162705787, 6296370.8366795462, 0.0)",149.2204273581627,6296.370836679546
202207,GAP-162-136,56.34007,-170.063,"LLA(lat=56.34007000°, lon=-170.063000000°, alt=0.0)","UTM(187167.392288865929004, 6255446.1720225774, 0.0)",187.16739228886593,6255.446172022577
202207,GAP-162-137,56.37124,-169.46262,"LLA(lat=56.37124000°, lon=-169.462620000°, alt=0.0)","UTM(224457.818007889611181, 6256340.9473777218, 0.0)",224.4578180078896,6256.340947377722
202207,GAP-162-138,56.34102,-170.69195,"LLA(lat=56.34102000°, lon=-170.691950000°, alt=0.0)","UTM(148361.417180563614238, 6258592.8528562170, 0.0)",148.36141718056362,6258.592852856217
202207,GAP-162-139,56.65542,-171.34551,"LLA(lat=56.65542000°, lon=-171.345510000°, alt=0.0)","UTM(111283.732924278825521, 6297041.2519898983, 0.0)",111.28373292427882,6297.041251989898
202207,GAP-162-140,56.66231,-171.96244,"LLA(lat=56.66231000°, lon=-171.962440000°, alt=0.0)","UTM(73640.542719790420961, 6301482.0615656767, 0.0)",73.64054271979042,6301.482061565676
202207,GAP-162-141,56.9977,-172.04184,"LLA(lat=56.99770000°, lon=-172.041840000°, alt=0.0)","UTM(72636.439244653796777, 6339199.0159488451, 0.0)",72.6364392446538,6339.199015948845
202207,GAP-162-142,57.01261,-172.65308,"LLA(lat=57.01261000°, lon=-172.653080000°, alt=0.0)","UTM(35814.234073649742641, 6344854.8020638758, 0.0)",35.81423407364974,6344.8548020638755
202207,GAP-162-143,56.68481,-172.57165,"LLA(lat=56.68481000°, lon=-172.571650000°, alt=0.0)","UTM(36694.942397753184196, 6307943.3622149639, 0.0)",36.69494239775318,6307.943362214964
202207,GAP-162-144,57.0033,-173.24468,"LLA(lat=57.00330000°, lon=-173.244680000°, alt=0.0)","UTM(-95.264043986389879, 6348014.0142713618, 0.0)",-0.09526404398638988,6348.014014271362
202207,GAP-162-145,57.30181,-173.31599,"LLA(lat=57.30181000°, lon=-173.315990000°, alt=0.0)","UTM(-345.476484053127933, 6381624.4152972968, 0.0)",-0.3454764840531279,6381.624415297297
202207,GAP-162-146,57.33961,-172.81916,"LLA(lat=57.33961000°, lon=-172.819160000°, alt=0.0)","UTM(29950.817219831631519, 6382259.8195520127, 0.0)",29.95081721983163,6382.259819552013
202207,GAP-162-147,57.65951,-172.79431,"LLA(lat=57.65951000°, lon=-172.794310000°, alt=0.0)","UTM(35535.869508683506865, 6417559.9728289312, 0.0)",35.535869508683504,6417.559972828931
202207,GAP-162-148,58.66793,-172.37129,"LLA(lat=58.66793000°, lon=-172.371290000°, alt=0.0)","UTM(72975.614691107824910, 6526590.0328542171, 0.0)",72.97561469110782,6526.5900328542175
202207,GAP-162-149,58.98685,-172.42758,"LLA(lat=58.98685000°, lon=-172.427580000°, alt=0.0)","UTM(73668.617461734917015, 6562322.3382365480, 0.0)",73.66861746173491,6562.322338236548
202207,GAP-162-150,59.32145,-172.4992,"LLA(lat=59.32145000°, lon=-172.499200000°, alt=0.0)","UTM(73762.529725467495155, 6599889.0575966500, 0.0)",73.7625297254675,6599.88905759665
202207,GAP-162-151,59.65921,-172.56289,"LLA(lat=59.65921000°, lon=-172.562890000°, alt=0.0)","UTM(74436.790448883315548, 6637752.2897868780, 0.0)",74.43679044888331,6637.7522897868785
202207,GAP-162-152,60.00477,-173.32557,"LLA(lat=60.00477000°, lon=-173.325570000°, alt=0.0)","UTM(36506.728014138701838, 6681184.3220224809, 0.0)",36.5067280141387,6681.184322022481
202207,GAP-162-153,60.12231,-173.76777,"LLA(lat=60.12231000°, lon=-173.767770000°, alt=0.0)","UTM(13723.026527976675425, 6697388.8372097621, 0.0)",13.723026527976675,6697.388837209762
202207,GAP-162-155,60.30844,-173.37383,"LLA(lat=60.30844000°, lon=-173.373830000°, alt=0.0)","UTM(38124.382758368505165, 6715160.6932373447, 0.0)",38.124382758368505,6715.160693237345
202207,GAP-162-156,60.18422,-173.0335,"LLA(lat=60.18422000°, lon=-173.033500000°, alt=0.0)","UTM(55144.634260053106118, 6699052.7212305889, 0.0)",55.14463426005311,6699.052721230589
202207,GAP-162-157,59.83888,-172.9151,"LLA(lat=59.83888000°, lon=-172.915100000°, alt=0.0)","UTM(57070.576662356848828, 6659983.5893235588, 0.0)",57.07057666235685,6659.983589323559
202207,GAP-162-158,59.67913,-173.2435,"LLA(lat=59.67913000°, lon=-173.243500000°, alt=0.0)","UTM(36540.259677897091024, 6644532.6134002926, 0.0)",36.54025967789709,6644.532613400293
202207,GAP-162-159,59.51127,-172.90135,"LLA(lat=59.51127000°, lon=-172.901350000°, alt=0.0)","UTM(53487.502592414210085, 6623579.3945324654, 0.0)",53.48750259241421,6623.579394532466
202207,GAP-162-160,59.33786,-173.1448,"LLA(lat=59.33786000°, lon=-173.144800000°, alt=0.0)","UTM(37406.927770091861021, 6606029.3264241191, 0.0)",37.40692777009186,6606.029326424119
202207,GAP-162-161,59.00805,-173.08657,"LLA(lat=59.00805000°, lon=-173.086570000°, alt=0.0)","UTM(36243.976591257494874, 6569074.5278991349, 0.0)",36.24397659125749,6569.074527899135
202207,GAP-162-162,58.34621,-172.31207,"LLA(lat=58.34621000°, lon=-172.312070000°, alt=0.0)","UTM(72492.768668760021683, 6490525.8960039448, 0.0)",72.49276866876002,6490.525896003945
202207,GAP-162-163,58.01367,-172.25261,"LLA(lat=58.01367000°, lon=-172.252610000°, alt=0.0)","UTM(71971.415346212801524, 6453257.5178404814, 0.0)",71.97141534621281,6453.257517840481
202207,GAP-162-164,57.99351,-172.85982,"LLA(lat=57.99351000°, lon=-172.859820000°, alt=0.0)","UTM(35969.770958384615369, 6455043.5785735454, 0.0)",35.969770958384615,6455.043578573545
202207,GAP-162-165,58.32481,-172.91798,"LLA(lat=58.32481000°, lon=-172.917980000°, alt=0.0)","UTM(36885.293465086491778, 6492173.9866374433, 0.0)",36.88529346508649,6492.173986637444
202207,GAP-162-166,58.67509,-173.63922,"LLA(lat=58.67509000°, lon=-173.639220000°, alt=0.0)","UTM(-133.983982093224768, 6536178.0190179776, 0.0)",-0.13398398209322476,6536.178019017978
202207,GAP-162-167,58.66816,-173.04163,"LLA(lat=58.66816000°, lon=-173.041630000°, alt=0.0)","UTM(34258.809916722704656, 6531091.0731496885, 0.0)",34.258809916722704,6531.091073149689
202207,GAP-162-168,57.64959,-173.37171,"LLA(lat=57.64959000°, lon=-173.371710000°, alt=0.0)","UTM(1094.260801585158333, 6420576.9877849063, 0.0)",1.0942608015851583,6420.576987784906
202207,GAP-162-169,57.98843,-173.49117,"LLA(lat=57.98843000°, lon=-173.491170000°, alt=0.0)","UTM(-1258.682996108545922, 6459007.5725833792, 0.0)",-1.258682996108546,6459.007572583379
202207,GAP-162-170,58.31606,-173.56621,"LLA(lat=58.31606000°, lon=-173.566210000°, alt=0.0)","UTM(-1029.801679119002074, 6495863.4414764009, 0.0)",-1.0298016791190021,6495.863441476401
202207,GAP-162-171,58.33365,-174.29953,"LLA(lat=58.33365000°, lon=-174.299530000°, alt=0.0)","UTM(-43485.072749778279103, 6503525.2603726145, 0.0)",-43.485072749778276,6503.525260372615
202207,GAP-162-172,58.66414,-174.26829,"LLA(lat=58.66414000°, lon=-174.268290000°, alt=0.0)","UTM(-36577.375090499874204, 6539848.4893810665, 0.0)",-36.57737509049987,6539.848489381066
202207,GAP-162-173,58.70038,-174.87287,"LLA(lat=58.70038000°, lon=-174.872870000°, alt=0.0)","UTM(-70826.225019276957028, 6548873.9732062472, 0.0)",-70.82622501927696,6548.873973206247
202207,GAP-162-174,58.67212,-175.5124,"LLA(lat=58.67212000°, lon=-175.512400000°, alt=0.0)","UTM(-108108.507577882148325, 6551403.7922267802, 0.0)",-108.10850757788215,6551.40379222678
202207,GAP-162-175,58.66951,-176.19926,"LLA(lat=58.66951000°, lon=-176.199260000°, alt=0.0)","UTM(-147659.494761873618700, 6557586.8522910085, 0.0)",-147.65949476187362,6557.586852291009
202207,GAP-162-176,58.67027,-176.83144,"LLA(lat=58.67027000°, lon=-176.831440000°, alt=0.0)","UTM(-183965.641116371029057, 6563991.5279534943, 0.0)",-183.96564111637102,6563.991527953494
202207,GAP-162-177,58.99494,-176.93044,"LLA(lat=58.99494000°, lon=-176.930440000°, alt=0.0)","UTM(-183181.032837448292412, 6600793.2944072261, 0.0)",-183.1810328374483,6600.793294407226
202207,GAP-162-178,59.0035,-177.54533,"LLA(lat=59.00350000°, lon=-177.545330000°, alt=0.0)","UTM(-217947.329799715895206, 6608232.4741844805, 0.0)",-217.9473297997159,6608.23247418448
202207,GAP-162-179,59.32891,-177.06936,"LLA(lat=59.32891000°, lon=-177.069360000°, alt=0.0)","UTM(-184325.307109006447718, 6639021.9751050258, 0.0)",-184.32530710900645,6639.021975105025
202207,GAP-162-180,59.66808,-176.52367,"LLA(lat=59.66808000°, lon=-176.523670000°, alt=0.0)","UTM(-147026.196652907296084, 6670894.8060881505, 0.0)",-147.0261966529073,6670.89480608815
202207,GAP-162-181,59.66069,-177.13034,"LLA(lat=59.66069000°, lon=-177.130340000°, alt=0.0)","UTM(-180991.088850096915849, 6676192.6682410454, 0.0)",-180.99108885009693,6676.192668241046
202207,GAP-162-182,60.00203,-177.21195,"LLA(lat=60.00203000°, lon=-177.211950000°, alt=0.0)","UTM(-178506.478224151534960, 6714617.1034816084, 0.0)",-178.50647822415152,6714.617103481609
202207,GAP-162-183,60.00594,-177.88346,"LLA(lat=60.00594000°, lon=-177.883460000°, alt=0.0)","UTM(-215416.431988171418197, 6722178.0652386528, 0.0)",-215.4164319881714,6722.178065238652
202207,GAP-162-184,60.66101,-178.18886,"LLA(lat=60.66101000°, lon=-178.188860000°, alt=0.0)","UTM(-217571.467484858352691, 6797499.4652435714, 0.0)",-217.57146748485835,6797.499465243572
202207,GAP-162-185,60.66418,-177.51617,"LLA(lat=60.66418000°, lon=-177.516170000°, alt=0.0)","UTM(-181224.019069302827120, 6790632.0272706309, 0.0)",-181.22401906930284,6790.632027270631
202207,GAP-162-186,60.34954,-177.37788,"LLA(lat=60.34954000°, lon=-177.377880000°, alt=0.0)","UTM(-180372.254344667890109, 6754581.1451600045, 0.0)",-180.37225434466788,6754.581145160005
202207,GAP-162-187,60.33132,-176.71809,"LLA(lat=60.33132000°, lon=-176.718090000°, alt=0.0)","UTM(-144739.490042697638273, 6745897.3109234376, 0.0)",-144.73949004269764,6745.8973109234375
202207,GAP-162-188,60.66039,-176.80346,"LLA(lat=60.66039000°, lon=-176.803460000°, alt=0.0)","UTM(-142810.184947315254249, 6782984.4468776109, 0.0)",-142.81018494731526,6782.984446877611
202207,GAP-162-189,60.99524,-177.62141,"LLA(lat=60.99524000°, lon=-177.621410000°, alt=0.0)","UTM(-179786.456052704248577, 6828131.8732784092, 0.0)",-179.78645605270424,6828.131873278409
202207,GAP-162-190,60.99589,-176.96967,"LLA(lat=60.99589000°, lon=-176.969670000°, alt=0.0)","UTM(-144955.313355364371091, 6821566.3671985734, 0.0)",-144.95531335536438,6821.566367198573
202207,GAP-162-191,61.33063,-176.96472,"LLA(lat=61.33063000°, lon=-176.964720000°, alt=0.0)","UTM(-137850.982510417234153, 6858361.6753144711, 0.0)",-137.85098251041723,6858.3616753144715
202207,GAP-162-192,61.33007,-176.33571,"LLA(lat=61.33007000°, lon=-176.335710000°, alt=0.0)","UTM(-104576.538605233305134, 6852278.3230844988, 0.0)",-104.57653860523331,6852.278323084499
202207,GAP-162-193,61.65277,-176.4648,"LLA(lat=61.65277000°, lon=-176.464800000°, alt=0.0)","UTM(-105075.390562851913273, 6889036.8430600418, 0.0)",-105.07539056285191,6889.036843060042
202207,GAP-162-194,61.66781,-175.78701,"LLA(lat=61.66781000°, lon=-175.787010000°, alt=0.0)","UTM(-69269.518332681967877, 6884546.5085308729, 0.0)",-69.26951833268197,6884.546508530873
